ac08_id,facebook_pop_sum,facebook_pop_num_cells
2008-01-004,435388.8825276597,37416.65743435996
2008-32-013,194183.78973478032,17327.88965581722
2008-14-055,33001.29056814305,1698.749039977789
2008-14-056,22210.163660874,1643.5994619727137
2008-03-114,361402.2610110148,34958.899718428635
2008-33-072,362692.0596307002,26870.711314194443
2008-33-073,333158.2860476128,27289.51885901765
2008-33-155,337248.0935969023,18387.09268012945
2008-09-231,501106.5810098945,25914.405181576672
2008-18-126,300020.68370228354,35118.75928742916
2008-18-114,396974.2632936643,44465.55152763489
2008-18-121,172793.85177263073,18361.512020018083
2008-18-116,19718.56846699846,2231.501880177646
2008-18-124,411588.3592425087,42111.502998180425
2008-18-125,171496.92099856035,14271.542347736467
2008-18-117,295468.205182057,31298.25902410259
2008-18-113,380605.7852221828,49273.91887308325
2008-18-123,187617.8182151975,19509.42399596784
2008-18-122,294734.4454633828,33066.92827869559
2008-18-118,316558.7333057578,30419.024922836423
2008-18-115,261483.58575694475,28561.583149626877
2008-18-111,135273.54960850248,16653.886130172315
2008-18-112,212690.48902941577,22395.80818659204
2008-18-119,214819.5285341156,21455.03967639525
2008-18-110,486505.3342039562,48078.2405540829
2008-18-120,239887.4596038501,19205.739710987327
2008-18-107,159488.08772597223,14818.0371299361
2008-18-105,234205.45807502652,22917.77636586383
2008-18-099,180662.4852655915,16408.742704439257
2008-18-106,277968.5164018398,28995.054652993094
2008-18-109,250819.06685478543,31428.6047306479
2008-18-108,181218.03528062577,21818.77888103276
2008-18-103,198098.602703366,18369.304450171392
2008-18-074,243628.73603850356,34501.761848909664
2008-18-071,358287.2118159891,35698.07812004333
2008-18-104,229736.52654013428,22870.414574673166
2008-18-078,263609.6281296017,35968.730009614206
2008-18-102,127592.1020748868,14161.81731457272
2008-18-077,245503.3245473617,27624.10855572508
2008-18-031,285088.9910312288,40660.728650543526
2008-18-075,195519.1748755828,22446.930968932556
2008-18-070,428798.83709573554,34974.42083890936
2008-18-069,239913.12143133132,23363.524447655887
2008-18-064,202503.2416185828,22844.569081679976
2008-18-030,233489.3119868581,32494.662991393063
2008-18-098,191841.946255035,20339.92918986489
2008-18-076,242077.99801927505,26844.108766897272
2008-18-097,208589.22875587043,15153.090065866529
2008-18-101,165119.32898290872,15941.555479555773
2008-18-062,178251.1750505063,19684.02046662684
2008-18-041,165908.84173719538,20062.6871084423
2008-18-063,296349.3051923384,28169.94620647715
2008-18-058,333347.1813890237,31469.65063148201
2008-18-033,257213.3952687569,22179.931212987984
2008-18-040,252201.69242140933,27179.91306818001
2008-18-093,267704.73470113723,35764.2214395751
2008-18-028,322125.52854435914,36051.915887050665
2008-18-072,273415.42647724133,26196.503241612703
2008-18-096,309310.2110635111,37874.26415367071
2008-18-073,371881.6406645314,30520.933287800304
2008-18-100,329354.18490473373,22219.808922430188
2008-18-089,320616.15312202484,22663.367448615423
2008-18-042,208392.2351428473,26144.91724715015
2008-18-068,360031.2409692308,25493.981879719475
2008-18-065,220659.55272198105,33531.590660464695
2008-18-056,358433.6766753149,30298.87269700838
2008-18-032,278684.644029767,30204.44037137092
2008-18-017,259562.2847470544,48598.59076098006
2008-18-029,228889.34437233076,22236.103977665363
2008-18-059,386540.0148200037,25083.43492802912
2008-18-057,160747.13787864044,17026.3969880255
2008-18-088,209931.62328828388,11316.732546943553
2008-18-094,352425.8798923156,62766.86906423725
2008-18-018,192050.49663605477,22892.2545707376
2008-18-043,281293.7228939044,30202.242526783884
2008-18-061,198427.00194796745,21690.020989757613
2008-18-034,366656.67045607575,26560.584838224328
2008-18-067,256635.31495025108,24513.536046206948
2008-18-095,271686.0434454491,28290.03072159819
2008-18-085,264216.4614091712,19604.4624110756
2008-18-066,242798.1752681502,36430.51172955516
2008-18-083,352274.49530464475,19215.775954016823
2008-18-081,316748.3948574417,21352.36241082305
2008-18-044,419402.6401931003,38523.0462862872
2008-18-046,250747.835855069,25210.96409085121
2008-18-084,243290.4717865172,12827.70534517028
2008-18-027,404684.70251286007,35151.60363004619
2008-18-035,271985.0109917903,17999.41373942912
2008-18-060,375259.6317449024,29977.019529947396
2008-18-055,97152.10964192524,21779.168843031133
2008-18-086,225989.61939122385,15079.26833796202
2008-18-080,289755.9496194556,19134.55651819456
2008-18-087,337301.0138448571,20501.394336607547
2008-18-025,309440.68625258224,27175.54745171549
2008-18-019,250668.48610213623,43134.822084109735
2008-18-047,341150.39752193843,21264.76238596524
2008-18-051,117455.90886463124,18705.01196119981
2008-18-024,374498.2615120517,23994.119079853845
2008-18-026,358957.387705613,25238.59294271314
2008-18-079,417153.8688311157,35612.90286583062
2008-18-082,348411.7339279983,24673.74408551942
2008-18-045,247092.5010424833,24874.187673354227
2008-18-052,414747.3953668552,36339.97829374975
2008-18-038,273410.16397178924,26454.697945263077
2008-18-037,382482.605678013,27359.1993796188
2008-18-054,197562.6602495916,19060.05594876988
2008-18-053,795159.5248464642,46368.0108749514
2008-18-090,356075.79146666965,28000.602991021617
2008-18-049,353955.84139277256,31697.64861617092
2008-18-048,308516.59840872674,40413.264818793614
2008-18-039,126330.02683017695,13658.806242306033
2008-18-050,189595.12656502496,14812.323233884264
2008-18-020,331877.83984367806,41228.33763950545
2008-18-022,265430.97422505054,24513.529356874467
2008-18-036,287576.9601345811,28642.16480070022
2008-18-091,385966.64757984,24613.13251028093
2008-18-023,249350.9534044425,15286.557733327383
2008-18-092,381464.7192904262,31466.94425528756
2008-18-016,244354.80719715424,29116.913464268862
2008-18-021,386789.7678538037,19091.54817093316
2008-18-015,372677.9310824249,16343.22013381221
2008-18-012,336681.15735196485,15023.268206313282
2008-18-014,313987.853778398,8060.615796997376
2008-18-013,351824.00627240166,16495.864177050185
2008-18-003,296925.5611000926,8211.062333005015
2008-18-004,383803.7305180772,17581.382501794782
2008-18-005,223847.50825334463,9248.767180482428
2008-18-008,436603.1500180549,18142.293970037368
2008-18-009,124339.64182021932,2712.0866323369846
2008-18-010,199472.9648555034,6570.489126725137
2008-18-002,192583.10726155524,12468.589398013675
2008-18-001,261882.4411330381,11022.687206851318
2008-18-011,223497.05178257087,7304.00995737256
2008-18-006,261342.2070051537,12693.25393555744
2008-18-007,216657.5432570637,12426.314809506011
2008-20-001,368152.00013525726,12994.731068576291
2008-20-002,709937.440864136,24947.420281316958
2008-20-018,420206.01830674615,13211.914178319268
2008-20-017,499008.7551866018,23344.587761599447
2008-20-003,364506.349764375,15722.500725550191
2008-20-005,539955.2164834031,25733.775504736812
2008-20-004,346398.59925733216,17691.960337327502
2008-20-019,695353.9332325245,31058.21430006956
2008-20-016,428635.0907348977,21134.85166235047
2008-20-028,596653.3360012854,33751.41155781028
2008-20-079,428144.88951625896,27667.447098908637
2008-20-011,342446.64469235874,14629.44066704088
2008-20-015,707021.6032235709,43402.37126473669
2008-20-030,553554.2361730232,32961.9736083537
2008-20-006,401867.09641286096,17731.159242229667
2008-20-021,549794.8651155712,42608.336396446655
2008-20-077,227883.70753211697,17000.591562446556
2008-20-081,706905.682815658,56060.40606854222
2008-20-027,676330.2779792993,53035.75018329191
2008-20-012,402513.4397070364,23315.64836945505
2008-20-007,298254.16154002864,13807.96271757146
2008-20-031,742484.0229856273,47760.78302370588
2008-20-010,409804.4666572284,20287.84275534308
2008-20-078,740571.7689488701,35770.60914464155
2008-20-013,544960.4859139946,37358.43374128936
2008-20-020,485581.0638425075,34439.84617055231
2008-20-076,722857.6373127084,50112.57633478969
2008-20-026,624006.6475352383,58987.08406917057
2008-20-075,491953.3897036297,33726.85632849605
2008-20-014,467305.20183521655,31647.848453349005
2008-20-029,593634.1759854095,36947.43010628349
2008-20-032,303471.2779299992,16610.28561935607
2008-20-080,573184.5496287678,44540.01432143292
2008-20-025,587192.2244927887,45821.33004273735
2008-20-033,430059.67046196334,19567.840213967807
2008-20-009,507020.1929166702,34655.64882469429
2008-20-008,326354.9864289062,22109.444609039645
2008-20-024,683001.9731439333,58630.309876806445
2008-20-074,502333.5958421308,56180.12908319415
2008-20-042,423008.4701935304,26777.068069136298
2008-20-022,475950.6966524243,37704.90466898136
2008-20-034,520713.2700636815,41515.71349970937
2008-20-073,432504.00164247735,42599.67466609224
2008-20-038,535142.3662630294,33624.184100642226
2008-20-039,464743.53489627934,21426.918192703524
2008-20-043,268547.96820884035,15163.7668328543
2008-20-040,1023049.8913973458,23586.003202543496
2008-20-035,435070.9065103447,21264.700655979013
2008-20-041,236167.45828265423,5668.776083801391
2008-20-036,681971.6476359101,26713.332395338948
2008-20-037,488787.7442750766,19935.35551752439
2008-20-065,1103108.9803283643,66644.8514774321
2008-20-023,537780.4042207865,38498.46448837069
2008-20-072,500404.7194460045,48258.62461428049
2008-20-066,609871.2400411912,55536.30025274628
2008-20-069,303736.0435257964,33298.42012248945
2008-20-062,660452.6462127782,70405.07070688397
2008-20-064,293080.76804607443,25155.235800986517
2008-20-061,353921.20793848054,26031.53342230717
2008-20-063,246139.32914498143,12566.680150928678
2008-20-068,371495.788031208,38141.79793790416
2008-20-067,420631.1078349879,43592.277169749126
2008-20-060,360248.30571952206,33561.4645527082
2008-20-058,345465.98016591364,24115.98778365645
2008-20-050,349914.86727481545,29919.36814427933
2008-20-059,284768.44100780104,24781.734756103917
2008-20-047,1032243.6429620644,46798.3363808524
2008-20-070,324404.3791758644,33385.31634405075
2008-20-057,302981.5988330182,27850.617603816518
2008-20-051,546451.1573066491,42753.305316111815
2008-20-056,469498.7959336772,36594.01517255251
2008-20-048,440697.2250702389,18147.83054109953
2008-20-049,221670.2621932016,10170.745433104676
2008-20-071,328961.694256641,34920.53115726565
2008-20-045,363164.0529907193,24418.38978173834
2008-20-046,273546.22902196733,17928.7879015909
2008-20-052,433657.71538841655,35646.9138934439
2008-20-055,168020.45578227178,11746.95721811481
2008-20-044,378802.6159408551,21666.588753630545
2008-20-053,292832.6146083056,29652.33236705407
2008-20-054,299273.6892690913,23369.11964155806
2008-28-008,326869.8258742833,18117.941308495698
2008-28-007,305462.65505214204,18252.3837487735
2008-28-005,318825.87234466936,23522.11413040571
2008-28-001,290822.0371060242,28876.885866118595
2008-28-006,260347.82463537264,25240.58519410967
2008-28-010,342103.938063025,21135.33293654025
2008-28-009,293338.4276242032,24085.3528800793
2008-28-003,224904.9637534158,19687.138053944567
2008-28-130,242678.3001847193,12447.034825980663
2008-28-120,239298.31510424268,9627.893734296606
2008-28-004,281353.284730221,27426.48333044629
2008-28-021,274650.72283013567,27822.68545051012
2008-28-002,202366.33256259133,24884.659389755263
2008-28-022,293042.9087077112,29156.4764472564
2008-28-020,305558.9012312085,28059.61698411964
2008-28-129,233765.10539767385,9888.607593347318
2008-28-121,259977.81282777133,13851.446491043098
2008-28-011,264291.86880515964,19993.109589472544
2008-28-019,312586.6821717647,21386.57604663152
2008-28-012,309933.92226287624,23451.208872652365
2008-28-028,294054.9990304958,27747.150647073533
2008-28-024,313411.9655725545,33451.35985758912
2008-28-023,290934.2263342321,21348.887544473284
2008-28-131,249858.50547375384,10009.563743027304
2008-28-123,261618.86514108436,11177.506112820316
2008-28-018,420039.656131544,27430.226204033923
2008-28-027,325292.8322495283,33309.55354901499
2008-28-132,293733.56385573046,10000.406108404752
2008-28-122,293775.73970077303,16534.70571122924
2008-28-128,297269.46338503406,17578.23822599765
2008-28-017,257907.62295563315,13445.901971286628
2008-28-025,325413.6197532936,28323.080315475265
2008-28-127,253387.8764280729,12261.930928349728
2008-28-014,241633.18130921983,18318.45972748787
2008-28-133,270504.6860947448,16396.3084917863
2008-28-119,299789.1904706186,35161.49126668507
2008-28-109,300405.7396970937,29895.684071650263
2008-28-125,218177.18054950412,11442.610408883373
2008-28-013,295503.6885657957,16174.65117664702
2008-28-029,305092.63159890234,25934.91258885624
2008-28-147,320424.7307748387,19804.14820414625
2008-28-026,388858.4628466976,26594.96257397177
2008-28-108,347337.63563807623,32861.88114528789
2008-28-015,284798.8179806205,24597.922789546545
2008-28-134,255391.9618105699,18646.922166729262
2008-28-030,284639.31059812487,28684.17694005885
2008-28-016,321136.8577543812,23378.055227892124
2008-28-126,312910.6845517794,23138.808153975973
2008-28-135,275113.50633006566,15298.935548128791
2008-28-031,299617.44530788454,25641.523984499538
2008-28-124,288675.30393386865,15439.664453445926
2008-28-035,329749.74808673287,16142.805800587746
2008-28-032,328567.3685752125,28540.77182594226
2008-28-033,312991.0399840701,25884.31686870743
2008-28-041,287108.4871749771,22495.42665348132
2008-28-104,295095.13855637505,19702.071877716247
2008-28-034,306406.9495565611,22238.860264603336
2008-28-136,258257.10295223657,20412.612717659627
2008-28-138,236289.71590811416,14757.670376504058
2008-28-137,276919.5448568926,14024.209361396846
2008-28-110,288155.2173332821,26012.66445224972
2008-28-107,635543.8853096294,36830.52622158805
2008-28-148,332434.6095625898,22317.387631923964
2008-28-103,299941.1506549369,24234.9633457327
2008-28-146,269159.25352976675,11768.828148631845
2008-28-139,620340.8654387195,56734.57831430083
2008-28-099,339123.1401241721,26493.4915715238
2008-28-036,354664.0513875829,18141.757807645783
2008-28-042,352359.0233287664,30662.896358972328
2008-28-098,305282.3294274941,23943.226767601976
2008-28-106,121449.55724171623,5343.907003941573
2008-28-105,174363.2876076957,7599.470581501679
2008-28-037,308307.099229424,22132.489256328063
2008-28-172,205501.60712844017,22659.83771452344
2008-28-038,388350.1649084203,21972.425243411213
2008-28-117,331886.89219102485,23492.36752986966
2008-28-102,315220.74859339674,26850.81776980788
2008-28-150,533968.9747210586,30538.690315006243
2008-28-145,290808.92622758634,13772.114697747864
2008-28-097,302030.68386088894,29635.11811929585
2008-28-111,275909.11038042506,22401.479755763765
2008-28-100,305863.82119326835,20965.948719762266
2008-28-040,394406.1538004108,36253.38815139907
2008-28-149,273070.71933151485,13810.044908558137
2008-28-153,279500.7281920292,16978.52145330768
2008-28-039,333219.0547701796,24050.21540608045
2008-28-142,139882.2066824175,3040.233901923697
2008-28-140,118706.84846836676,3872.4500220243535
2008-28-143,422145.3917507641,7050.42135170217
2008-28-043,907144.3131093392,56996.50491142141
2008-28-144,292980.6927715369,5669.770290966183
2008-28-141,232431.5018223952,3784.449460422067
2008-28-151,279709.7314433447,14593.056344312354
2008-28-045,1098639.8357142,35104.87899525557
2008-28-055,375892.45886033255,16531.001902282587
2008-28-152,357912.7816156358,17271.381706693326
2008-28-118,273953.90034346853,25120.169822172524
2008-28-094,247584.024369754,27821.508452088237
2008-28-115,259995.53626121816,20468.28632203561
2008-28-101,273635.1546061697,22183.87461093524
2008-28-044,473669.1355465002,19797.07095684804
2008-28-047,407799.01936519647,14746.391832889887
2008-28-154,325351.50946500606,19211.202014112976
2008-28-096,316070.2152764923,22626.005432928705
2008-28-046,882732.3400699989,29858.515659757315
2008-28-053,381334.84622215264,29399.307428738524
2008-28-052,183470.20777239,12046.468955937042
2008-28-071,478415.3447924007,8937.347878546787
2008-28-186,267012.9893984663,26115.97641807134
2008-28-061,202295.1100177831,5353.590865276263
2008-28-062,136301.86644731084,4566.850128578313
2008-28-056,365401.5131952838,18210.45892924489
2008-28-070,250232.54740438383,3209.176714735608
2008-28-057,100035.66851602138,2596.1944369398902
2008-28-155,212647.84388002983,15578.905954017597
2008-28-059,200129.77707214857,4259.654622179634
2008-28-051,670403.3024877472,35598.26908640211
2008-28-060,330118.0038735759,5284.815248913299
2008-28-049,42932.08471612238,1913.529061505862
2008-28-064,124748.45225150997,3085.106314811953
2008-28-113,222212.74182718204,29016.672334895244
2008-28-050,1345256.6729896255,59082.5303520122
2008-28-112,361836.81056902057,18878.420239595267
2008-28-063,311450.24517736695,4703.769923823144
2008-28-048,561847.5690738497,50293.72233115163
2008-28-069,102162.21067919306,2891.983735655984
2008-28-065,166323.7306483483,2619.4359734493337
2008-28-066,315677.1397145893,5504.651658233588
2008-28-095,334480.9140052935,28534.40483956292
2008-28-058,232853.40847640927,3381.2534194177424
2008-28-068,181968.86896243657,3821.434841237511
2008-28-054,397145.1655202431,23582.038250659527
2008-28-093,320342.2930953928,33182.85027030013
2008-28-116,339854.329995739,29007.931779239792
2008-28-067,168690.5241650164,4600.769135904353
2008-28-091,304410.8924048905,20238.638510152115
2008-28-090,308928.7618882284,24492.62348747587
2008-28-171,285590.9436473615,21715.72912909504
2008-28-168,405075.1797260195,29060.14739440315
2008-28-156,312457.768207523,16235.260888671852
2008-28-072,336334.2312656458,21376.31344299554
2008-28-114,270130.7643566813,21875.75160761097
2008-28-084,320922.2552579952,35971.049383403515
2008-28-187,302817.3113628384,29545.016168519025
2008-28-185,284545.5960333972,23451.33096810036
2008-28-158,269614.20285039744,16243.85465413908
2008-28-173,229529.0765282958,14807.707473603929
2008-28-092,316355.2752974787,24965.06291309434
2008-28-188,284057.5826545855,23637.406419690054
2008-28-088,297867.5291562677,15028.416925199446
2008-28-159,294832.8988534491,20374.28146264184
2008-28-170,501117.6079023469,18238.576946453613
2008-28-189,326080.74269103457,26507.559900461303
2008-28-157,351842.2261028605,23494.9810377792
2008-28-203,278082.1032969621,19212.20367262495
2008-28-169,16763.54491362384,545.8392346424157
2008-28-083,301716.91840135853,25842.583414831664
2008-28-075,303088.7672115347,30640.22641206504
2008-28-089,312536.15486322646,19553.640330958413
2008-28-087,299256.43389578065,20105.122992198565
2008-28-086,304252.81171887985,23306.434427144814
2008-28-160,231069.98979617123,7720.45359975194
2008-28-167,244064.7323971356,12343.638944051723
2008-28-166,269985.3774068879,15261.100145007018
2008-28-181,253781.4292447465,17645.55461210446
2008-28-073,330008.3564796565,19756.67577870359
2008-28-201,421196.670532417,23940.071484923646
2008-28-174,221101.84421023933,13649.678274003343
2008-28-162,355028.7296417623,11281.1100111384
2008-28-183,327412.16755191976,21211.65191922244
2008-28-161,270461.9443463392,12174.641788416677
2008-28-182,240917.19867083893,15627.999233452312
2008-28-074,335177.64964259206,20914.078765424056
2008-28-202,246974.7307908033,17215.989918987652
2008-28-204,310538.2564159445,20133.81877932744
2008-28-180,284118.4685289004,12794.471680593364
2008-28-082,325351.4802299384,22423.03407079437
2008-28-081,303509.89111065934,24943.970348823408
2008-28-076,335230.5484567656,25071.53864980271
2008-28-184,214343.41283524391,6776.269174596673
2008-28-219,353890.7627941845,17390.264916012064
2008-28-077,322100.62971989525,23658.682110061927
2008-28-165,220574.30838326973,6423.030674278736
2008-28-175,279347.57637630764,9032.022221581006
2008-28-190,324940.26822264463,23298.195706515275
2008-28-192,253747.20626687232,17281.572370783455
2008-28-179,267041.9200857714,20389.61983372877
2008-28-220,352508.7681589464,16042.91225770861
2008-28-163,290510.5924401536,10286.984169289351
2008-28-178,322622.8326803705,16925.28702880995
2008-28-078,369485.54522938497,28386.84778007376
2008-28-176,298389.2881359424,8746.944129331257
2008-28-191,262276.4597857413,14148.06146045786
2008-28-205,280846.54912600806,19240.037148785865
2008-28-199,517309.1088465575,9840.36962488375
2008-28-198,285049.3638674965,5293.313801134776
2008-28-200,275826.4101260416,9330.250360695643
2008-28-164,230239.70025929564,9588.459267898465
2008-28-197,227153.2430657104,12370.529629584613
2008-28-206,325903.71684027725,24350.436311215846
2008-28-217,317516.68238059373,18001.216775461733
2008-28-196,236668.20497442907,17953.98737393925
2008-28-177,238356.83292575195,10639.124160484334
2008-28-193,224008.69117382556,13004.428609774444
2008-28-085,320103.6423512442,24244.53665926162
2008-28-218,343499.9443241873,20125.22576114
2008-28-212,441425.5761272591,19025.521771165797
2008-28-207,303697.3010940947,16145.846388221133
2008-28-210,283775.3054448609,13093.007217578155
2008-28-079,355362.39351366885,28313.88105215058
2008-28-216,303193.9997898337,14210.520876222814
2008-28-194,259783.3414294662,15544.750030822352
2008-28-213,345914.2071407894,6952.127069465918
2008-28-214,203869.31626467733,4488.992850647366
2008-28-215,329391.64407228964,18409.730317557696
2008-28-221,268503.09908395,17201.350029783993
2008-28-208,240356.29855970028,13586.746077855822
2008-28-195,263721.76991819456,21233.18969811695
2008-28-080,306668.856512552,24996.759822635548
2008-28-224,300000.7631406528,25925.03595876726
2008-28-254,280361.8433197894,15190.3758754686
2008-28-209,246914.0444520768,17076.62397786969
2008-28-255,278625.4102534448,15001.101671045411
2008-28-223,324141.1867805559,27125.75956055008
2008-28-211,252571.75712233476,17917.636825984933
2008-28-222,294797.7404789853,20773.005416089785
2008-28-264,344127.0798549312,19967.621299604885
2008-28-225,267742.821893536,9525.191010919169
2008-28-263,323869.2817770814,19637.986929889303
2008-28-262,264296.4940485004,14903.738795747106
2008-28-256,398621.3591503944,16313.661516342458
2008-28-230,303636.3354160539,18977.3767987772
2008-28-257,357298.59924445074,17625.28896468928
2008-28-231,322378.3763250645,26203.49854375655
2008-28-265,305933.3978506111,15168.266065170525
2008-28-226,283906.76241784147,27611.120291741416
2008-28-266,366789.6202545196,23355.588087248383
2008-28-261,310239.9073323631,17612.508827558777
2008-28-260,316071.8673635239,16249.526325123872
2008-28-229,318581.6678333492,33428.65851638565
2008-28-227,341714.7693714889,20505.94527341545
2008-28-232,327729.4038491931,29404.909272265388
2008-28-258,349196.2573514621,16883.051089620974
2008-28-259,319526.25474914035,22718.243739043974
2008-28-253,325560.0005209496,18058.606463849545
2008-28-228,300340.21714420244,27984.36034278529
2008-28-269,363156.1780454574,21740.23314642252
2008-28-243,297006.9008277646,23586.42719064653
2008-28-270,328895.5513343619,23765.6093038526
2008-28-268,286977.2095161848,22200.71065844121
2008-28-242,311934.5024377813,32510.037938949536
2008-28-267,338667.9432203793,29025.242066755814
2008-28-250,331889.12435626454,26722.333540597192
2008-28-252,296228.6247487574,18175.54241339092
2008-28-233,330782.29560451984,27385.08396679764
2008-28-251,296996.76241983904,15230.77365658711
2008-28-271,302009.6770975976,31125.742539296796
2008-28-234,288182.1772786513,22816.450974113428
2008-28-272,336877.9533289218,14946.702422048957
2008-28-248,307393.22962081933,22784.04434590939
2008-28-274,251837.04252898888,21988.474558614245
2008-28-249,269375.12874490983,19850.908808450346
2008-28-235,310083.5007564584,26648.85830022086
2008-28-279,386493.2508006785,26006.6728141108
2008-28-273,315643.73971175484,26345.756125231917
2008-28-238,307843.6585343732,36194.9731678087
2008-28-245,320954.73206497857,11447.943002818414
2008-28-244,369540.4800074097,23955.069318588707
2008-28-241,298398.8432838333,25771.16254328596
2008-28-236,57619.403631712936,3058.091922958541
2008-28-237,617657.891294245,33035.79464556728
2008-28-246,274338.0374130884,22549.17150569066
2008-28-278,276757.31174601463,21486.400088576334
2008-28-247,345548.6315415901,26815.81098800522
2008-28-280,318081.3991272972,25245.842277461925
2008-28-239,340907.10732691066,27140.99202122743
2008-28-277,328214.8679931619,26113.104379254284
2008-28-275,297820.9377653703,29271.579498558072
2008-28-240,364278.9769652021,31135.365202684217
2008-28-281,292417.0931438337,28194.51028929785
2008-28-276,325720.48134466785,22006.389020408755
2008-28-287,386529.5417000157,27797.65554981958
2008-28-282,322908.07367655094,27811.39268302246
2008-28-285,252136.08594975987,25817.50094513718
2008-28-288,289830.7864988169,25854.41206413972
2008-28-284,319990.0424039611,28844.18591884836
2008-28-286,462100.4554249357,23595.22985106788
2008-28-283,335553.1809281931,23241.559296084044
2008-28-289,306181.8639887126,16050.525610485758
2008-28-290,303362.15727843874,28984.69787405113
2008-28-292,286751.01904232777,27724.736465146023
2008-28-293,397373.9123264129,37704.29809926632
2008-28-291,211287.9209201465,19629.832014528503
2008-28-294,318569.61471897084,39715.94112659796
2008-12-041,9843.275082939335,3325.8984158849344
2008-12-034,19391.36378499856,5373.0
2008-12-033,13868.302150598587,4677.353852391243
2008-12-032,14496.499679614586,3816.5133017720655
2008-12-040,17131.861225090706,2599.636059746146
2008-12-022,11361.203817065028,1430.3939401507378
2008-12-043,21871.39776049176,4719.551246611867
2008-12-023,43288.1119864241,2063.6867752224207
2008-12-042,35470.25565935886,8203.29214064809
2008-12-035,18157.25501576678,3939.363940232725
2008-12-045,23544.119604996915,5038.0
2008-12-027,13437.5995646772,3121.1496099829674
2008-12-021,51320.91206699662,2660.0
2008-12-039,12282.113081808851,3239.963681363792
2008-12-038,35806.25996426881,8388.950319170952
2008-12-024,37556.9340108876,3521.293907981366
2008-12-030,6092.354362900624,1696.6710303446744
2008-12-031,32437.9890221114,8251.312205499038
2008-12-044,42906.36772385624,8272.14615948801
2008-12-020,37721.504377741854,723.0116569359961
2008-12-026,21260.844896093982,3756.429068336187
2008-12-029,23318.316694164827,5910.048505242914
2008-12-037,32669.231541888937,9595.11766897468
2008-12-036,6683.654531309014,1654.9655266017653
2008-12-025,25831.505625448783,2605.8576163307152
2008-12-019,28431.630833471623,2007.9920686483383
2008-12-018,64863.849425951455,3537.298971420183
2008-12-008,16995.927180828385,1691.4097010865808
2008-12-009,12097.022735980425,912.653260692954
2008-12-007,18749.682496716046,3029.4681868783664
2008-12-028,15180.141744592536,7028.959662640213
2008-12-003,7392.596278408372,846.7718547582626
2008-12-046,34990.47323715578,5823.741275836714
2008-12-047,52804.86869100147,6655.438925657712
2008-12-001,13998.668130269922,2965.147831335198
2008-12-004,27239.785481482617,4783.939649623773
2008-12-002,36614.98989867667,7633.141997355968
2008-12-016,54561.58565412038,5571.71242708881
2008-12-050,23263.67784726498,4024.3426772765815
2008-12-048,36553.12178966785,4884.504018774504
2008-12-049,93591.65588785002,12586.99267267404
2008-12-017,34858.29962775154,3475.621415446441
2008-12-015,26739.532203980158,3778.9355427771807
2008-12-014,85006.67613083424,15563.97752014584
2008-12-010,32981.31939396364,2261.6273914544327
2008-12-006,21430.35432336657,3314.159835879691
2008-12-011,22425.44317231749,2167.477491531652
2008-12-051,23165.16216937206,3229.1106002472807
2008-12-012,13763.97587750015,3153.486382798292
2008-12-005,34272.22569468669,6078.277269802638
2008-12-053,25220.06664081255,2091.7825417742133
2008-12-054,13484.177122674928,1290.3529695868492
2008-12-052,2921.896780141364,336.4061889068689
2008-12-013,131854.59360327583,16121.081308246825
2008-12-055,7985.229920253352,1010.0248992471024
2008-12-058,16263.344092797244,1357.115281108694
2008-12-057,20099.31235948937,2964.9998190402985
2008-12-056,11256.085459985468,1489.9751007829327
2008-12-059,34255.61573718659,2250.4915792532265
2008-12-060,15002.031693476349,1347.50477359863
2008-10-002,378249.8293080749,8999.291967672529
2008-10-001,562278.6367712371,20640.47296081988
2008-10-009,464260.703073332,16761.473521591484
2008-10-004,630447.0148920639,17974.233998914347
2008-10-003,528647.0257468814,13909.921080495376
2008-10-005,603852.3697607708,15445.881469067595
2008-10-010,485200.324661548,19141.969750444303
2008-10-007,447186.3410058107,16389.0019386895
2008-10-011,518307.2273016668,17755.085823729954
2008-10-012,456235.97057558777,17999.347865584976
2008-10-025,493810.4004969861,19748.756013010705
2008-10-021,617237.3659169284,20128.97474951839
2008-10-006,657065.4569882303,22341.09709493494
2008-10-008,489815.6339343203,18492.8550652494
2008-10-024,452734.9228762376,24070.64667518431
2008-10-019,508699.4615369178,20774.45177920873
2008-10-020,538461.6710961382,13299.467270774712
2008-10-013,556931.8754291638,27189.393306438207
2008-10-014,459479.64358367503,19649.469787236616
2008-10-033,420082.697534343,12825.132298592634
2008-10-031,381257.5971538412,23140.14328700825
2008-10-026,515375.7812017151,20449.764781843645
2008-10-028,506381.2500901012,21166.262213930157
2008-10-022,810768.570366138,37083.75715831006
2008-10-103,548567.9927847385,32610.749863759745
2008-10-102,345771.4973611484,20963.320599915605
2008-10-101,392163.6774749902,21677.920812085285
2008-10-018,424374.1220441077,10283.748362750106
2008-10-034,425791.8341836562,16818.73254295693
2008-10-027,629092.4322882984,26176.67409242518
2008-10-046,680562.6148137285,38944.812867058805
2008-10-040,544499.2188146282,23883.70438003741
2008-10-016,578990.6204453585,24953.269406219864
2008-10-045,524814.800604195,40328.06239064976
2008-10-017,622110.8220875085,22826.994303115676
2008-10-053,672734.9836882784,37164.92742529932
2008-10-030,247750.21388679612,12123.30783112683
2008-10-015,523142.4065208083,25695.946641352897
2008-10-032,444516.3954237215,17415.915297193154
2008-10-104,600416.6818746484,25612.98050279228
2008-10-029,716935.2277609422,24974.040838295048
2008-10-100,526103.9180435371,20203.806258117354
2008-10-099,418491.0403392936,24957.14320752545
2008-10-041,540655.5622878718,28539.32489949728
2008-10-054,518745.4267229331,23257.52995416697
2008-10-087,467443.6386658097,24902.387774331124
2008-10-037,475954.2593049518,14497.64758499914
2008-10-051,409630.8617535997,16328.245622327668
2008-10-052,559330.4224192853,26002.44209206694
2008-10-035,565429.9487819473,19738.15741467499
2008-10-048,588599.1515951685,29218.03294930721
2008-10-039,596787.4399156985,22114.28006589849
2008-10-089,558945.7101470683,29355.390494793155
2008-10-044,596454.6172958171,31934.51616036552
2008-10-110,534505.0656239658,23950.591817205852
2008-10-105,440741.8451942841,21605.307351869807
2008-10-090,548294.9644899037,27524.176347504563
2008-10-106,416436.44413866615,25189.369598436733
2008-10-036,555200.6851282064,15509.32524285912
2008-10-096,461669.6119888079,16855.40784184239
2008-10-038,614087.035401706,16813.506719416764
2008-10-049,730909.7723740139,20788.456121209263
2008-10-098,651163.0496102866,27776.149810946383
2008-10-111,485108.081644534,26794.123412393557
2008-10-086,540469.1272005783,22199.458920796125
2008-10-043,633383.2500785915,28900.60302971478
2008-10-042,559529.8414980753,26546.461877281406
2008-10-091,703720.4410031849,32751.289174730184
2008-10-050,453676.0340104443,9379.367550283656
2008-10-088,542416.185739445,28858.7814853902
2008-10-082,527873.3562808383,17410.851963975943
2008-10-107,478055.9690115984,27246.83121325728
2008-10-095,541549.566207348,30701.340372742216
2008-10-116,492491.72219070833,25612.92242119525
2008-10-083,424003.5950851014,17065.445373895593
2008-10-108,484002.56772697496,21207.474745984426
2008-10-115,566894.0614568742,28870.610521680115
2008-10-081,579209.1734619227,22155.143752757285
2008-10-112,474048.855860779,24690.422550220464
2008-10-085,455444.1626755714,22566.89421207355
2008-10-097,577270.8773982114,21885.43452886349
2008-10-080,398659.923288897,18450.74854267949
2008-10-047,594724.7827919624,25919.43157613817
2008-10-109,545761.1312406627,22245.23327521872
2008-10-094,335750.0217899877,13122.711881543706
2008-10-056,577937.2233312764,20380.638460007078
2008-10-073,738268.8532403985,37206.845749764856
2008-10-072,488551.2582693927,32949.6998335415
2008-10-093,551771.7224672987,24886.780096357168
2008-10-113,469206.4821633813,21575.48401255217
2008-10-084,354832.0140708055,16811.766509175555
2008-10-131,571727.4373815281,25718.93010528488
2008-10-092,527438.5106492643,23169.5216682257
2008-10-077,464056.41156721127,28893.849824258425
2008-10-079,385889.5743593375,19697.21211726804
2008-10-114,480079.5180459056,21769.028570438317
2008-10-120,340748.6929911801,20581.440276212383
2008-10-117,457565.8594668561,21371.69651383801
2008-10-058,615850.9106310176,30800.77344383087
2008-10-132,729109.8017551483,30926.865133577357
2008-10-059,622814.8200577789,29767.806238999656
2008-10-133,256425.8451386526,17215.958461885104
2008-10-078,382723.45960544754,19843.17353509736
2008-10-126,459455.5543182093,13550.508873035284
2008-10-121,488227.1821565828,20894.674749594215
2008-10-124,695897.9814501274,22924.88221067988
2008-10-075,568471.984696623,31868.08439729433
2008-10-057,513887.78097143176,22545.00188455781
2008-10-130,603595.4662558605,20341.939229207463
2008-10-071,494177.2234115533,24135.99404275183
2008-10-139,575246.5038597826,27007.015576772785
2008-10-061,546907.8178495468,26411.74571942927
2008-10-135,465965.9939610406,21633.815871252395
2008-10-076,842392.8886647057,29341.027222299705
2008-10-065,519155.6653097673,26127.911045333112
2008-10-119,591667.5564845083,21162.86581509476
2008-10-074,437521.9171333957,14627.375642316789
2008-10-118,410916.0976444605,14242.00507603132
2008-10-140,829257.000430845,28475.983718080177
2008-10-134,383655.0069352989,24927.35599763645
2008-10-136,455763.6241293154,19390.65339383596
2008-10-062,587799.2881192217,30376.776430371254
2008-10-138,579862.8366399012,29492.32528879661
2008-10-122,371870.78686768905,19624.631245606088
2008-10-127,596987.3171979816,16138.934015880766
2008-10-123,563655.6138149311,24980.47526439486
2008-10-060,597795.8800182964,21530.65620732409
2008-10-141,492836.52391730674,23054.954609784218
2008-10-129,597269.0657205672,18319.441240430584
2008-10-064,508453.506145383,21259.65236862701
2008-10-193,380647.1087390103,22200.505551524955
2008-10-199,568305.5303387912,25098.62071849645
2008-10-186,386285.559866827,27602.13116505693
2008-10-198,363759.4161505068,21952.90295370859
2008-10-200,287382.78618826385,17537.88502152455
2008-10-148,474970.5821398129,18312.035613808777
2008-10-187,523526.6247639299,28195.72442978501
2008-10-147,590183.7827593278,24022.855202877585
2008-10-128,549209.2111027732,17955.61241100523
2008-10-069,491677.57506997016,27792.519505699
2008-10-063,483942.90253653046,21394.49725227221
2008-10-070,811862.3637573926,28301.16153001943
2008-10-142,521628.0106052088,26031.504741075983
2008-10-150,589699.5073670126,12350.598741130469
2008-10-137,445650.3954333064,17054.786225912816
2008-10-066,639143.5038904799,25628.697363937536
2008-10-182,370508.0287534369,9212.792122799689
2008-10-194,392332.3082655554,16026.891216648684
2008-10-181,372773.7591826986,9867.154357724514
2008-10-183,614805.5693246677,12630.613352463346
2008-10-184,533580.5358160648,10266.647852074717
2008-10-149,469408.88209637295,17736.912544558592
2008-10-192,594866.1195227525,20387.42403008999
2008-10-201,715579.1410168913,23643.72700301718
2008-10-068,509411.2851397248,24286.943217915483
2008-10-202,463474.72517917154,20953.401529286995
2008-10-188,440320.1993398572,18430.71147965224
2008-10-146,494559.561475248,19791.978343184088
2008-10-185,644824.1680445113,19375.650870863465
2008-10-191,467597.0134717792,21110.85136615863
2008-10-197,520061.1124687591,22708.902464472747
2008-10-178,475654.772945786,11923.25435245481
2008-10-143,505634.73887946486,19645.322444751622
2008-10-179,483816.6805207901,18988.496305867
2008-10-180,482746.9592906467,16652.520252812432
2008-10-153,440249.2127015243,16835.958559438688
2008-10-067,506508.5963261247,19040.298702546417
2008-10-145,470607.8215413968,16687.95519593444
2008-10-165,529715.4541970979,20695.079712874183
2008-10-152,417372.751910062,14482.962919300457
2008-10-144,729692.8384215168,28112.3892804013
2008-10-195,413447.5142791019,9329.815908429096
2008-10-151,483351.2725925461,16736.88858907429
2008-10-177,455699.1086781963,14167.13772371253
2008-10-189,558144.9276915125,17719.377360220416
2008-10-154,640238.7965704106,20531.633662748813
2008-10-190,489934.2811129961,20770.38743817364
2008-10-175,475712.108606946,14933.112844863716
2008-10-203,423486.9183967009,22918.81214643281
2008-10-210,426397.75020869775,17705.9543668103
2008-10-166,562364.9191942281,22293.021395934516
2008-10-196,513045.3293109056,12280.919835621067
2008-10-172,475357.8672920557,15110.18735345418
2008-10-168,583793.1130582765,24378.92264867413
2008-10-176,464302.2375410359,21693.917825547596
2008-10-216,431133.85731695534,17523.04129221852
2008-10-214,216783.66817788163,8179.077414067287
2008-10-217,516453.28312368976,14934.336577121452
2008-10-158,396663.27997347823,20036.91278765309
2008-10-209,532283.9212493943,19284.011448746533
2008-10-157,469397.4177390523,17775.134272864554
2008-10-167,553604.0749143028,21948.66560861726
2008-10-213,506545.4061508784,15961.154677121029
2008-10-174,538571.9587136693,16234.195590285988
2008-10-204,518636.75258661126,18589.28978976811
2008-10-155,896662.342850083,15835.047243640713
2008-10-156,113919.87980548796,8007.178673927414
2008-10-170,287352.8554174074,12710.725897238111
2008-10-215,379744.38343398256,12430.49105336101
2008-10-173,616943.0819482717,19449.155189614343
2008-10-169,455743.8078873985,13939.392527867409
2008-10-218,403829.7152997264,15525.363791239151
2008-10-164,572351.5764966613,26012.602195991018
2008-10-206,462634.04655061377,26591.691393399204
2008-10-205,520581.7824491391,19732.8165578472
2008-10-211,487125.78222839127,14789.635395482124
2008-10-241,505294.76516143297,25802.597375976824
2008-10-220,546602.5039968492,17801.241547233774
2008-10-159,564642.457521579,21169.81074621043
2008-10-219,699988.3827110883,16153.6217569015
2008-10-239,572394.4727181327,18377.067771109752
2008-10-160,711204.1329319859,16966.013484814408
2008-10-231,419239.93680496817,23686.32952801173
2008-10-233,676360.9357257803,25074.42382620573
2008-10-232,565621.5588342876,24230.485158023872
2008-10-212,510238.3037759334,16622.920468164564
2008-10-163,620928.8819337208,30679.51971784493
2008-10-242,569841.3305441651,29936.96299510792
2008-10-207,497788.7278726001,26294.819895178556
2008-10-208,487335.5635857109,22984.893499221114
2008-10-237,507281.6251071853,23803.28110693793
2008-10-240,519213.8344449337,18571.839811492217
2008-10-221,336499.9201770737,25696.47961874801
2008-10-161,439834.7087427538,20758.27447006195
2008-10-238,614694.1584637127,18973.374544857583
2008-10-236,519082.4918829382,24335.8410641572
2008-10-224,742213.273958287,28984.443560618907
2008-10-234,634252.9170163935,26852.221427468583
2008-10-162,422533.1444067821,21440.254781777745
2008-10-223,442143.2016701208,23551.84115565772
2008-10-225,448245.8591715005,25310.925680390326
2008-10-230,404142.532764505,14871.206796398328
2008-10-235,468115.6188562202,28150.902985957364
2008-10-243,561322.2388647279,28382.169814199908
2008-10-229,637182.5112263062,33649.72226766062
2008-10-228,594965.5208598829,37015.41297178317
2008-10-222,364412.5108383835,23453.38534479076
2008-10-226,490150.4134298824,31177.6399547398
2008-10-227,472527.88236602617,24483.2149356741
2008-10-023,547126.9639130248,25108.04531448583
2008-10-055,466518.8339095956,22911.131943076387
2008-10-125,434545.5639565494,15823.775588556244
2008-10-171,497835.8951426621,14492.287905434636
2008-22-007,314170.7672606518,50642.81153078084
2008-22-006,366361.39059710526,67553.79446776054
2008-22-001,284427.7857212292,41478.281231842106
2008-22-005,422454.29003219714,60699.57770566618
2008-22-008,329466.15628478973,51066.41924271528
2008-22-003,315108.0802324382,34751.58350799343
2008-22-004,311317.23897335504,39813.672068878055
2008-22-009,379350.1064958192,52148.589515522246
2008-22-012,335016.0073637548,53263.74194463064
2008-22-002,137373.17517191204,15563.786842316504
2008-22-010,284247.7597834181,40042.18866214893
2008-22-024,304052.0543055124,41470.33557578028
2008-22-011,296009.7103121381,37123.39582727879
2008-22-023,482973.90424269735,59673.160184061024
2008-22-013,291930.8474823772,45378.02071429182
2008-22-014,304803.0644617603,49126.70916941055
2008-22-019,325305.142413229,35807.46313025197
2008-22-025,305661.0782058597,28062.388306298264
2008-22-020,436073.88499206153,27532.282847676423
2008-22-026,307656.96594799333,21647.60728490549
2008-22-022,228217.9002541257,26814.834307537694
2008-22-015,285317.6262633438,33801.47744726277
2008-22-071,560977.5390460116,32913.3635054382
2008-22-072,548645.2801270259,45412.39793193624
2008-22-021,243098.37371471667,23771.626144255493
2008-22-031,369609.409703592,16372.53786082771
2008-22-032,431807.9549798231,36297.76678291794
2008-22-028,321295.39607858594,27547.59355534549
2008-22-033,281148.442653402,24514.95947081459
2008-22-018,289351.7148180561,31345.012333565657
2008-22-027,279594.9061961423,21053.243914244915
2008-22-035,324793.3014830648,20190.69270520471
2008-22-030,162072.89716349656,6977.573757922505
2008-22-034,255269.16730264865,22278.004971520044
2008-22-029,419232.84104495065,28088.573986328676
2008-22-070,358533.3491971557,24897.39882653241
2008-22-037,490068.6386955207,28529.30001380613
2008-22-036,320615.6666155733,24786.074441050936
2008-22-038,326324.14859946,20212.95862881785
2008-22-016,306066.62671141204,25311.60859061701
2008-22-068,356425.9897459516,30304.68779622195
2008-22-046,385747.8717857477,27576.34622741557
2008-22-073,312024.9840959346,26843.03504020814
2008-22-069,323387.0109842112,24999.943299609586
2008-22-045,465974.2879373744,36366.58747129607
2008-22-044,562579.9490563828,36061.64557807939
2008-22-017,384456.2683513747,28209.54463579305
2008-22-043,437597.0942763028,34339.58322587167
2008-22-039,293699.8070048588,18746.188445145264
2008-22-040,311271.84101598465,27581.093509218685
2008-22-074,353037.1528687377,29999.21041266709
2008-22-047,625618.8711598071,44467.85946717931
2008-22-052,603854.0810693639,26083.63260866813
2008-22-042,259280.74990276585,22887.64562441752
2008-22-067,239695.64925508515,19027.312618274947
2008-22-048,685654.1340637881,47908.95340277808
2008-22-062,414246.8169532999,36526.56515768185
2008-22-050,123305.63990069008,8576.252150358358
2008-22-049,76587.4523558465,5326.871532286228
2008-22-063,301651.9689684578,18842.956854369168
2008-22-066,295609.5394379749,18171.781071407207
2008-22-041,295224.60999728134,30057.053364082934
2008-22-051,38521.62324594863,2679.2866446700136
2008-22-076,286492.7195356796,26050.8115357628
2008-22-065,307833.51045259694,19111.9468013919
2008-22-064,257515.89060624127,15830.07908135142
2008-22-053,446744.07377122936,25398.83010421029
2008-22-075,253727.2764331677,21351.188099513995
2008-22-077,271607.72407123813,20207.845592434816
2008-22-061,319893.87454963336,26399.152576796885
2008-22-054,373644.52129824215,29729.090891222702
2008-22-057,312468.4232821881,19901.120529509382
2008-22-060,306091.96417649713,27195.88903916225
2008-22-059,337835.00480608345,25011.56627673472
2008-22-058,242228.2213196351,21470.007208576422
2008-22-056,316995.5950111532,28017.10158783605
2008-22-055,403525.71772410674,34252.01233556164
2008-22-078,266693.74676614336,25943.86318929028
2008-22-080,290175.608984646,31901.2634136674
2008-22-081,261083.9449276357,32205.57851746422
2008-22-079,306276.393326002,35097.50796156179
2008-22-082,302106.8245501165,37051.070324109285
2008-22-084,245888.13365455865,35005.22759180321
2008-22-083,286075.78715407546,34071.48220957756
2008-22-085,196781.490600836,23701.863367570357
2008-22-089,280113.87712211144,39803.683410767466
2008-22-086,405754.9517176,21098.84621593458
2008-22-088,307577.24901634525,40217.571606927086
2008-22-090,274716.14499836275,39780.31545909896
2008-22-087,267728.50628670503,25007.6274237904
2008-07-001,504363.7331505946,24016.44558758593
2008-07-007,654321.8444345798,19947.908077264467
2008-07-002,561163.9146307694,14234.80406543566
2008-07-008,1384298.472790318,30069.10166329877
2008-07-005,431753.2511126102,9761.050591910032
2008-07-013,244577.8307197614,4607.192252906871
2008-07-004,205128.7107863189,2924.856333073152
2008-07-070,756814.7777511093,6574.41641372029
2008-07-014,191210.06049600017,3334.865746496891
2008-07-003,277208.2937702364,4455.998285892347
2008-07-006,218494.8986069519,3843.2428743633936
2008-07-018,128079.90650291865,1991.669356812992
2008-07-068,193715.90692151137,1589.7162783304084
2008-07-069,66464.96326147867,519.8551273788034
2008-07-063,312247.9339819697,2560.129565566953
2008-07-009,117917.49255595542,2250.628011148445
2008-07-017,209201.3332406272,3630.878269555608
2008-07-066,388653.6321320437,3036.5083384474856
2008-07-016,207556.07535818944,3676.2930254201056
2008-07-012,90895.2992644396,1806.0608375719312
2008-07-020,120327.61259865096,2155.48178614067
2008-07-067,132330.33562710526,1028.1991726803535
2008-07-064,211191.41554379908,1712.1895871685483
2008-07-015,195343.20107383077,4284.137652968162
2008-07-062,273844.4775622601,2495.6365177568805
2008-07-010,17924.720723234663,435.59077701874776
2008-07-019,106734.60166007752,2323.257455319879
2008-07-065,159234.0344340342,1239.711344023137
2008-07-011,135840.31507049754,3785.940107192479
2008-07-026,95957.02366785148,1876.9014090189448
2008-07-035,586340.9261946862,18909.044806323167
2008-07-025,205623.5296202702,2842.0495816237344
2008-07-059,180403.5609323413,2243.503058780334
2008-07-061,277713.778315786,2000.5294985520889
2008-07-031,1315077.917138128,28364.128901686378
2008-07-027,254168.16324010235,3441.781183292075
2008-07-022,124266.01490529056,1425.0880952616817
2008-07-024,106450.64043961388,1721.199553356024
2008-07-023,158558.64107561923,1725.1296085857568
2008-07-041,480410.677853463,7826.41888871626
2008-07-029,186574.5210951944,2678.2155094020272
2008-07-060,149189.55847950323,1056.315703886663
2008-07-057,457606.2224024597,3780.1115124451608
2008-07-039,126847.33639332098,2956.830237967275
2008-07-021,69790.2465048621,603.9674169556602
2008-07-058,197966.93979577444,1509.659758570313
2008-07-040,120054.30309447872,6992.28983417614
2008-07-028,164870.840090366,2267.264833008907
2008-07-030,152825.19518608772,2718.2422733127305
2008-07-038,297157.3460347429,10609.329210256128
2008-07-056,186446.6160475792,1478.472514416315
2008-07-055,318194.1595414981,2456.589480177277
2008-07-034,486451.8227621467,15887.926710209038
2008-07-032,83694.85195418555,2658.02103322222
2008-07-033,43629.69322674004,1386.096118110232
2008-07-037,82716.8859787193,2777.9841531973143
2008-07-042,99577.67975457222,2821.774451750214
2008-07-044,70479.15038366608,2969.036519568366
2008-07-036,302174.24442167045,12199.453119369166
2008-07-054,172635.08045396465,2573.7481742984746
2008-07-050,241182.39282605625,4347.200757700735
2008-07-045,284247.45827345474,12006.247463148498
2008-07-043,131611.61270924628,3747.485272906022
2008-07-046,933065.1619783578,24778.84732741133
2008-07-053,341350.1726852925,5064.474479920478
2008-07-051,197092.0074934831,3006.080669056757
2008-07-052,341987.4315225553,5049.310356857254
2008-07-048,137548.22216978503,3465.415940690982
2008-07-047,245246.2206999162,5950.566396805265
2008-07-049,126742.32652696736,2097.041413755647
2008-30-002,40403.57359628268,4298.691999508068
2008-30-001,35091.16046633105,3777.4751678545726
2008-30-003,32312.60981147866,3466.095597089705
2008-30-004,38198.79583719285,4404.406759549747
2008-30-018,37658.42698424045,5362.729994386376
2008-30-019,37872.57319377248,4627.941002653324
2008-30-006,44445.3032293195,5400.038912948468
2008-30-016,37171.8136746578,3959.687800877391
2008-30-005,23261.118503475984,2834.003889864168
2008-30-010,26049.89506173565,3154.3100497294217
2008-30-008,50772.05418143354,6185.781609128245
2008-30-007,40242.423315665146,4902.910588633298
2008-30-009,30238.202252765863,3580.219070510764
2008-30-017,29266.09006389793,3392.87606441876
2008-30-015,52720.0327259767,3887.4204954780585
2008-30-020,41455.2957520371,4130.015732789422
2008-30-013,38212.08263907263,2505.802781999926
2008-30-011,39318.25997588957,3275.232959771616
2008-30-038,33490.905816442326,4328.80354355058
2008-30-012,31454.89264901877,2053.1392935922195
2008-30-014,35446.52786560047,2314.6254483232624
2008-30-023,35316.14764287269,3423.4277080745087
2008-30-021,25813.040335513157,2540.675016382428
2008-30-025,49953.74683517016,3800.162708949152
2008-30-022,38064.58973325847,3846.8417821134935
2008-30-026,13597.620793270167,1034.4203336642638
2008-30-024,11604.603023628437,882.8042430543574
2008-30-027,95852.04200460832,7499.058037296898
2008-30-028,65182.45320958166,6418.010207767638
2008-30-029,45584.39594362118,4520.44430340228
2008-30-034,46130.95801532349,4069.833277777069
2008-30-032,63266.97403713449,6293.898639125808
2008-30-030,8228.9280185615,818.6267740114126
2008-30-031,42390.43241045754,4217.067260139782
2008-30-037,32419.22514976024,2622.9794156588146
2008-30-033,21873.811813934637,2176.0413944785305
2008-30-035,44333.15507688592,4410.3323835714455
2008-30-039,33037.135095296726,3585.895972288956
2008-30-040,42694.03571641263,3806.151533164084
2008-30-036,49967.239226383645,2956.880472518868
2008-24-009,367685.25332715816,61217.57591881276
2008-24-008,376349.4672007642,58889.443698086194
2008-24-007,377131.0791665058,45506.59247759254
2008-24-010,425524.6480402641,35715.02073534973
2008-24-029,382680.24257368135,44957.905412699336
2008-24-013,431322.7166625581,46516.6225286569
2008-24-014,441832.29311621655,55296.14023847492
2008-24-012,361968.6838424721,36226.81075004816
2008-24-011,473453.45737584005,53768.27504472038
2008-24-015,430340.0764918806,42549.63644456645
2008-24-019,325434.84474025795,31453.458525567235
2008-24-020,212125.35829105167,31797.766143055636
2008-24-018,322053.94372005004,27235.832348415315
2008-24-028,407539.5820450745,43220.8888311301
2008-24-016,382996.2613580421,33242.86179133726
2008-24-021,284361.11392218113,27203.717559104927
2008-24-030,528066.2346882029,53683.49302891356
2008-24-017,388805.5555089,27238.21729862509
2008-24-001,395610.1377768513,57350.80881932844
2008-24-022,295869.6283697676,23828.59685886923
2008-24-026,226449.00977661,21277.25145026346
2008-24-027,383701.90083466296,39037.19913988368
2008-24-023,415029.4905409235,29134.28704728927
2008-24-025,329321.9376630509,21778.319570818272
2008-24-031,433413.2821543966,37359.657364338666
2008-24-037,364358.855215036,27972.30126100665
2008-24-033,374157.5815463362,38486.54176509244
2008-24-005,137920.81842697106,12871.636087145773
2008-24-060,305451.81715989124,24226.141958695134
2008-24-032,284657.014766366,29843.87178428552
2008-24-039,404804.5282401928,27130.645919480598
2008-24-122,370904.2019081687,35274.584869982165
2008-24-123,286650.2396734245,32433.546541314667
2008-24-004,847242.8080968773,83347.38184582579
2008-24-024,344721.838601882,32225.37306033003
2008-24-035,333747.36282435944,38524.038346074776
2008-24-038,303023.26639584743,29834.768630063147
2008-24-036,161718.2088641438,18115.343599745287
2008-24-129,424521.113081187,37944.36655992018
2008-24-034,230517.22803089372,30439.46323874588
2008-24-121,392305.9748985589,28895.911165228103
2008-24-120,389105.9544390949,31838.092627202383
2008-24-064,421019.7098496976,54770.30782484345
2008-24-130,449751.37942804856,33256.48677777301
2008-24-065,296973.8803764916,30414.27169804813
2008-24-125,362023.0036755012,35308.77791014512
2008-24-041,126054.64688041042,21495.51471127554
2008-24-002,488989.69153678016,57582.63830095698
2008-24-047,389318.7779682589,8531.009208710322
2008-24-040,346814.71748906,47749.81311762405
2008-24-057,418094.4076641473,32475.011937105905
2008-24-055,34079.15361425431,4424.001959166313
2008-24-124,351262.3567341981,33086.031693640405
2008-24-045,178494.13500338583,11277.683481642263
2008-24-056,368218.5540116374,5919.334648572709
2008-24-046,903456.858824336,11093.86286682059
2008-24-048,310568.2278735746,3762.7828042644087
2008-24-051,180305.39954257823,2375.389359207605
2008-24-131,396607.0784013627,32769.46100104277
2008-24-044,575388.6530274966,7866.354317701857
2008-24-049,188436.69005578844,2311.4224673791687
2008-24-042,473859.8392140852,12530.901464173434
2008-24-052,557616.8215271004,6974.834710379897
2008-24-054,267254.10595046007,3352.998619951657
2008-24-043,706088.7767448594,17754.851676568785
2008-24-050,634569.2486726053,8157.446256489126
2008-24-053,778653.7432797702,9613.256164462551
2008-24-117,293305.6104505579,26807.52970308993
2008-24-132,571383.7980691486,23090.457706526584
2008-24-066,391264.7702631989,49322.022239134254
2008-24-076,269339.20214897994,45527.5233143728
2008-24-119,335468.6314905467,21902.246332896557
2008-24-126,541646.3620578105,38425.8105442815
2008-24-118,268756.0660128478,22694.974749942947
2008-24-063,425809.2456077591,46078.49986477631
2008-24-058,415857.9814613428,26363.777723584964
2008-24-134,460014.7051855746,41918.90522227584
2008-24-062,348447.71851209534,22691.93266668066
2008-24-077,620281.7104427282,41866.06943543794
2008-24-133,392308.48383374,23977.951906901195
2008-24-135,251497.1974721524,29168.921184509105
2008-24-067,636924.5965232161,50117.91064165554
2008-24-115,276500.739679447,21399.83138729562
2008-24-127,407382.81398700847,34610.80081294885
2008-24-111,487004.9826048879,25811.30133426332
2008-24-116,266579.56795953057,16170.215076184948
2008-24-061,461030.5701533532,32491.267970877903
2008-24-114,342888.25090412254,18651.41688881773
2008-24-113,323250.57796470745,19932.16842980283
2008-24-112,407284.31412309,27497.817420640607
2008-24-128,373765.9101443305,38102.23560782989
2008-24-137,404518.6449629296,49772.82777043499
2008-24-110,431199.3827741253,24786.04967810816
2008-24-059,386007.3783588579,25776.11476900056
2008-24-078,113733.36445678874,5835.935310702817
2008-24-136,688850.8134467856,40064.65269187232
2008-24-079,237434.11230176612,12111.641778922078
2008-24-108,353565.05191584834,17529.60949803514
2008-24-082,408266.8170396175,44287.612810567865
2008-24-081,432751.4898141842,48626.66616951741
2008-24-109,402524.097184712,20854.12440563341
2008-24-080,290390.14949544665,54115.67833781422
2008-24-139,401340.7477836927,27952.109224359403
2008-24-069,315917.6848442969,13496.39211909528
2008-24-068,228041.3963218993,9531.3462391683
2008-24-144,319393.3918700869,13685.927009569425
2008-24-146,361549.9429597528,23523.192378865155
2008-24-107,356807.0007149763,29469.539303430007
2008-24-141,158366.41398877886,6803.628092058678
2008-24-138,366750.6815585121,38478.634428886144
2008-24-142,204565.3197666362,8765.57282110006
2008-24-071,694713.1716910972,47247.089100478726
2008-24-143,311166.9041280333,13333.424066024952
2008-24-140,433444.7590902028,24162.4422273374
2008-24-070,236463.6125607161,9918.545436103252
2008-24-072,426958.0963754237,47621.569923592
2008-24-145,298472.3931243049,12789.467442495705
2008-24-150,294225.77157091326,17531.326935232864
2008-24-147,348413.56081837823,22715.87134750766
2008-24-073,353331.1671791481,35327.226555484696
2008-24-106,377690.2811540164,32772.42784976248
2008-24-103,709327.2357451974,45750.801187101184
2008-24-148,358869.3621019849,21197.40850946509
2008-24-074,376171.70280066505,40492.11613035043
2008-24-096,284693.17843660066,31323.47253672638
2008-24-075,397750.5128457605,29475.38688318944
2008-24-083,340941.9430502145,30163.672814180773
2008-24-151,388426.8722685109,37593.35863164861
2008-24-152,349175.85082191025,29890.68485260519
2008-24-084,293605.1179243625,33624.54218013896
2008-24-095,341352.5912343984,33060.04394320259
2008-24-104,157647.342448571,7514.395168976118
2008-24-149,314785.47885679145,19899.498755540408
2008-24-105,246317.6903136964,11632.929145764734
2008-24-102,404765.976873232,34599.462990570486
2008-24-153,364054.4731737955,21420.64801061866
2008-24-101,337835.77496537304,29058.064567769616
2008-24-154,289912.2013701485,24458.593926906004
2008-24-085,335115.1426434948,36645.9181087967
2008-24-087,472957.4868474698,48607.57495279926
2008-24-086,194741.39405778455,13463.720850717218
2008-24-097,336282.6395488289,27453.504321177257
2008-24-094,301034.5114416395,26963.883243039912
2008-24-156,425464.4964094486,32234.839312068696
2008-24-172,404333.68177574105,33193.95408311968
2008-24-100,416997.0790130845,33019.299124998695
2008-24-155,555765.5337214957,34456.020757926744
2008-24-157,465069.5412159115,37827.21600354051
2008-24-088,345017.8669537968,35660.14726294071
2008-24-158,268065.8288991365,22876.833763942486
2008-24-091,313247.69219973334,30538.361416545813
2008-24-171,299834.2822892724,34915.83458091713
2008-24-166,198289.1829798047,5218.146913108798
2008-24-167,747365.1098064167,8473.097844441229
2008-24-170,405756.653778951,37054.7636532607
2008-24-089,310453.5775552592,33595.735380713006
2008-24-161,24845.187291004397,6111.563741936568
2008-24-169,351905.7370508557,33903.797972611974
2008-24-099,265322.576505226,22935.123975216597
2008-24-160,109832.49521787609,3725.687109381468
2008-24-168,3304089.029594993,36773.1447490063
2008-24-162,6099.577462071231,1500.409557058579
2008-24-159,561944.3171214691,2825.7415233954484
2008-24-163,11374.094944091214,2797.866059268003
2008-24-165,826256.183083895,7844.173455662133
2008-24-093,319463.25020974054,26277.61212064736
2008-24-164,28480.61548861572,6885.468629456009
2008-24-098,338160.09947679355,28937.70176813437
2008-24-174,276990.51050256554,19940.55312906399
2008-24-090,355067.9800526339,24762.275005453608
2008-24-092,314623.1610552781,23807.44237303236
2008-24-175,333612.35718450625,22154.988865039588
2008-24-176,368390.5681038148,33052.83679777542
2008-24-177,457498.8036304039,44023.927757086254
2008-24-179,267986.8498815351,25281.13150961217
2008-24-178,466198.64577477326,33821.87995791847
2008-24-180,476940.1138236155,31885.402244364646
2008-24-181,567452.825449743,39254.46921964232
2008-24-182,268486.1020035559,31713.597862689527
2008-24-003,289262.11679675966,44198.056176216254
2008-24-006,337999.72536041634,30616.492825830355
2008-24-173,282936.8532455147,35100.308267485125
2008-06-001,292192.2573106845,33717.669212212524
2008-06-002,294388.7515031449,30968.583669609496
2008-06-003,277606.1293044127,31566.32634002599
2008-06-007,375301.41415291233,33786.98315188079
2008-06-008,308730.17058162694,22645.23713624517
2008-06-005,348148.39782590355,30361.230203215357
2008-06-004,203269.33421892,18463.735676930337
2008-06-006,445882.94331235375,39100.18808593279
2008-06-012,302166.0167003249,35601.896634551405
2008-06-009,229801.7967225036,14757.851249777974
2008-06-010,448184.7120763245,29470.482224384283
2008-06-015,289694.8717415007,37420.64305357761
2008-06-011,214317.0144824905,21758.225002178817
2008-06-014,251160.8015082444,24307.783825918086
2008-06-013,273652.346666418,27773.985814688604
2008-06-020,422463.7214920514,37728.39977141734
2008-06-017,280508.71661149955,26778.74419032922
2008-06-043,240961.4294992746,39773.15974720665
2008-06-018,281584.11080307915,23921.56633041589
2008-06-019,342423.3159798406,27268.76766941212
2008-06-042,378285.4233668517,57354.14264956761
2008-06-038,266682.6713363098,24139.71955080773
2008-06-016,333012.1525468928,31682.23061304507
2008-06-039,337637.4639978382,47179.646413511226
2008-06-041,329612.91387939395,54292.23037554565
2008-06-021,269244.8798757526,22112.960499971414
2008-06-023,407208.5517804867,39221.42638899879
2008-06-044,238973.5455751176,38196.4356799322
2008-06-022,229287.108796323,29634.779150885995
2008-06-037,396030.8051782905,34747.48721946379
2008-06-045,204680.09015229117,30962.796428968497
2008-06-040,330562.92315989645,57696.05820546723
2008-06-048,311372.1233341903,37883.33887526581
2008-06-046,309524.71077262313,48534.26043898588
2008-06-024,710912.7794497163,44352.89140366791
2008-06-026,248243.5286077762,16359.807118680088
2008-06-035,265485.1821596285,25959.71751415467
2008-06-027,363566.96241222456,33549.94578522182
2008-06-036,271058.2478163847,21642.85323797217
2008-06-025,138183.14381386538,8083.417461860119
2008-06-049,302123.88139518426,34565.69430224219
2008-06-047,256826.4556802092,41349.3321865881
2008-06-051,336209.8358539365,41041.480668501565
2008-06-034,272159.0334162218,28679.86061396693
2008-06-033,357940.796686214,24202.740128616504
2008-06-050,255647.69702560408,32117.940167323155
2008-06-053,324888.5163503525,39946.83947567448
2008-06-032,117706.23404037446,9471.371522902002
2008-06-028,263610.8507607765,27862.74332129257
2008-06-052,95290.94750962792,11631.570998339675
2008-06-060,348325.36153480766,31850.87221318276
2008-06-029,494809.5081984998,43894.78379576806
2008-06-059,407845.4458878348,49317.804100246256
2008-06-061,379242.2296534054,31575.75030367306
2008-06-031,183460.3625902499,16954.87518610127
2008-06-030,216678.6994225111,18853.223052490648
2008-06-054,299900.85138098866,55103.60491483322
2008-06-063,300813.3559323036,24635.80982241293
2008-06-058,333843.44993860763,47751.59509828685
2008-06-062,127370.3780760239,9923.637851013602
2008-06-057,297138.5616119513,33541.322788278034
2008-06-067,296576.191751653,33988.02180805373
2008-06-064,220765.34629246852,27449.83433033273
2008-06-056,266750.02607414854,31176.26863116101
2008-06-066,181617.6422331733,28350.507925755217
2008-06-065,257916.9068640747,37310.064473849474
2008-06-055,295376.6250384087,46776.18702284908
2008-06-076,1135357.1778554292,84945.12366496588
2008-06-090,770868.3250832199,36501.48105614178
2008-06-077,334668.0251495113,22849.99230860368
2008-06-087,507046.3440267058,18209.37391373988
2008-06-075,613583.9357338368,60477.11076815256
2008-06-073,361291.9259391503,45021.52520712658
2008-06-078,586251.6844256534,57619.76824148368
2008-06-069,289225.9645512152,44166.02300072121
2008-06-089,329931.53527367505,18498.14628876762
2008-06-086,493160.3022490348,24525.87397814286
2008-06-068,269055.0202413633,34546.42741000775
2008-06-088,68959.03409998567,11465.65525774091
2008-06-085,267800.3983642775,32284.552229063927
2008-06-074,257864.91295730413,31062.19416401645
2008-06-082,406283.9974754061,29465.84322956517
2008-06-084,423566.75217251584,33249.011633429225
2008-06-072,325751.4265307404,44926.656191465765
2008-06-079,325742.1281758614,26989.510947844537
2008-06-070,103269.97766296285,11103.241118452468
2008-06-071,257887.97442435796,27660.968877618507
2008-06-083,375004.8041723525,26727.596637730487
2008-06-080,393638.93968290655,30652.738000937818
2008-06-081,389554.6006995004,20703.942919586458
2008-02-021,29893.99178498009,7957.899583429098
2008-02-001,115145.21331071816,12216.648349805968
2008-02-004,137697.54406624776,12479.091665169966
2008-02-003,116184.31909410372,13239.182241388977
2008-02-005,99943.16075800043,16406.72842601723
2008-02-020,127019.51423673354,18173.10660117719
2008-02-022,124926.3291911514,16436.81499288861
2008-02-006,93460.27142548555,16617.16163081685
2008-02-017,154303.94072377044,24167.42863621015
2008-02-018,99981.18794130917,14163.771584649694
2008-02-009,130928.73720303812,19827.04498729355
2008-02-007,157000.2953243236,20512.591938157195
2008-02-019,113794.3080225043,22735.247438879767
2008-02-008,115788.21418328176,18020.46692327608
2008-02-023,119082.13987605282,14604.199020892847
2008-02-015,127745.57016487076,14188.27974603339
2008-02-016,75270.70908632442,11574.18889755301
2008-02-010,112536.53175908972,21637.57966164916
2008-02-014,98236.09118106196,19293.41843685392
2008-02-068,87383.75793356253,12403.359310064465
2008-02-013,63451.378705407566,15703.22573696672
2008-02-031,139098.29138262145,18113.81040072296
2008-02-030,157838.94076986075,17832.518885063895
2008-02-011,100044.04222367676,21509.260851349118
2008-02-012,127632.62109260604,21860.008666752998
2008-02-024,113054.588609932,17356.288804486336
2008-02-037,99169.21418326691,17636.25965263344
2008-02-032,89247.36186231645,14440.633780009048
2008-02-041,103364.62767823553,26065.530395195565
2008-02-042,95740.46304609756,24977.585441500923
2008-02-033,99776.96102624836,15758.78488832098
2008-02-040,125789.45232162064,19504.68166621555
2008-02-038,74872.78143264337,13996.610643759584
2008-02-035,135923.56870347727,15943.625628840367
2008-02-036,80144.8829557941,13930.095564242132
2008-02-029,91563.04789817343,16286.65282997299
2008-02-066,122288.61589835398,20590.71665897657
2008-02-045,130390.70970905032,26736.419151280323
2008-02-034,176331.50376636043,23420.14822972556
2008-02-025,98045.74916340911,17596.65042036088
2008-02-028,65235.798214252616,14619.831030118625
2008-02-039,97475.66566126542,19700.691264088677
2008-02-047,113454.31549681094,15148.296956089893
2008-02-043,145635.26113767165,26795.3873997901
2008-02-048,99042.92511057964,12300.20531691331
2008-02-027,45439.78008843256,9567.923605397136
2008-02-044,128283.45292070348,22420.12712362766
2008-02-046,144178.48156292125,16100.645639848186
2008-02-026,79144.27992232355,11200.119108707297
2008-02-067,109949.66448328778,21480.039921141743
2008-02-049,142924.81778706925,16319.133466398916
2008-02-050,119818.7820701965,18765.885671128603
2008-02-061,115662.26375593392,20932.38625267785
2008-02-064,111637.51694097588,15801.916173998306
2008-02-065,111826.03740869254,20170.40670400471
2008-02-051,152494.20698429702,23684.610349581664
2008-02-062,66026.71477627075,10472.25155762789
2008-02-063,155744.09584612012,4764.780390016631
2008-02-053,117838.20018092218,16654.16548518234
2008-02-052,154321.68693445035,31101.21635887213
2008-02-060,95848.66620180428,15944.289987099342
2008-02-054,145925.40191247145,13966.92671584565
2008-02-055,128505.14133625958,14903.433952195686
2008-02-057,94029.64168198308,9906.886277377753
2008-02-059,103802.11065280224,7248.54332178575
2008-02-056,110110.73694186524,11646.28776285764
2008-02-058,115199.79704414018,17430.658062104783
2008-02-002,88474.36147684726,10958.007452331864
2008-01-048,166918.4718061452,47656.81297533301
2008-01-047,64327.27474661816,7277.394897432387
2008-01-049,29861.176403529007,4146.311853170395
2008-01-009,43905.99500365751,3604.073376491666
2008-01-002,776165.5061656553,47581.603865708086
2008-01-003,48943.7868954521,4564.03042917393
2008-01-016,188190.0183966661,13872.738879343204
2008-01-010,46534.37306436808,4562.762635012346
2008-01-050,69927.5717391488,8786.277281829156
2008-01-001,36656.11456709499,5004.663516657917
2008-01-008,226518.38686404983,25000.124783510077
2008-01-017,967430.3067216822,60897.221030454486
2008-01-007,119977.98682637868,11230.38956279654
2008-01-046,128996.42959780504,8876.307219076552
2008-01-011,124211.94760295078,12668.684285895026
2008-01-013,107486.03315787263,8484.77834542605
2008-01-012,96390.7604378114,8820.739475518189
2008-01-051,77356.10872318567,5970.609914826229
2008-01-006,448042.8397535756,46671.37956371436
2008-01-018,197565.48368643597,6899.358979486787
2008-01-015,227228.10706363196,19320.151500418204
2008-01-014,95720.58313901864,13830.184205839769
2008-01-031,318972.5076387564,24152.57213259703
2008-01-032,373574.601644042,25068.118084482885
2008-01-028,362524.067896814,19911.342408846685
2008-01-027,275876.03516840294,32974.435250826835
2008-01-022,96207.351016601,2158.3076859909797
2008-01-019,33517.63082615903,7420.322899067251
2008-01-020,3012.06860857553,626.3405582867272
2008-01-023,117829.33789690348,2640.99522298496
2008-01-021,30493.357368991758,3688.485439549986
2008-01-024,41957.26159865143,3041.6131852264807
2008-01-025,18695.46414604148,2088.711101828434
2008-01-026,107909.64791077744,12445.115526564809
2008-01-033,493342.755796906,50853.47570748116
2008-01-029,15943.243915753728,763.6998376362026
2008-01-030,21230.06135878729,994.6175076974324
2008-01-087,260422.2396101665,18899.56210843159
2008-01-034,45595.69253029014,1898.0894799276607
2008-01-045,324892.6502646084,27697.98993042209
2008-01-040,204055.06041272485,15769.338322103868
2008-01-035,139510.16535577076,11475.822843711325
2008-01-085,124806.85376422094,15438.068772449114
2008-01-039,207210.66950060823,17971.105927778764
2008-01-044,323327.13952934253,13567.556962202989
2008-01-086,264197.6781887352,31363.18716144881
2008-01-038,370699.7480397491,15712.35758039237
2008-01-043,7562.966352099488,718.5511801473331
2008-01-052,37040.83454127092,3110.687510401269
2008-01-041,61850.42379381723,4569.387814037909
2008-01-056,176487.9838394355,16411.461219881247
2008-01-083,435936.3473930104,42176.10092304667
2008-01-053,433014.7048135685,36215.78522244762
2008-01-042,47098.022383215706,3027.579727652861
2008-01-037,95228.72853435048,6836.301749184702
2008-01-082,110457.73783702728,9491.893086657394
2008-01-059,134720.43382591227,18921.776083950943
2008-01-057,54750.514803764345,6838.793199892389
2008-01-084,107517.29394100454,19239.021419826506
2008-01-081,195831.72395948408,34836.87488563418
2008-01-055,167627.32310765854,14801.826708546698
2008-01-058,201883.3882986926,35432.3208071081
2008-01-061,250164.9076478532,29072.17174276094
2008-01-054,160127.37910877983,10872.150965916167
2008-01-079,198246.2654318546,27934.352709481296
2008-01-080,197414.52068719172,24658.707502517653
2008-01-060,272261.7313706352,34282.366240306146
2008-01-070,378700.2113808502,37246.77286644805
2008-01-062,162735.67356393003,20263.20126170265
2008-01-063,103001.8215624164,13600.19852847248
2008-01-078,333779.5769931379,25753.445911494327
2008-01-071,508269.7235566038,45714.17533873702
2008-01-077,56511.34871429933,3293.4001361459814
2008-01-068,253476.46066812228,20759.994940132623
2008-01-066,211281.2664283456,26401.932103373547
2008-01-069,170865.6657981509,14461.243621892843
2008-01-076,312109.76907689334,16890.265349190413
2008-01-064,125803.3676905225,25362.354205567604
2008-01-075,90516.12666952558,8885.18391869306
2008-01-074,75271.06196197869,8175.247353698425
2008-01-088,42153.72421968929,4755.3681334984285
2008-01-067,122138.1151882588,10642.814806087928
2008-01-065,121408.0545941062,18746.43713489332
2008-01-005,209381.72633422675,22138.522337556555
2008-01-073,4961.778537853925,380.1956165963784
2008-01-072,6656.979309006457,508.7925020992116
2008-29-052,288785.4687567813,17556.622849767475
2008-29-051,289660.779143372,15952.25901885164
2008-29-050,307976.3197155428,18646.58559081656
2008-29-047,327659.144410208,18380.47716032396
2008-29-049,280757.7938832021,16722.38470742141
2008-29-048,336991.7218978778,18933.68873434837
2008-29-046,295157.5164192946,16730.547244709916
2008-29-043,401808.19107096654,19260.46824982422
2008-29-042,285274.426184839,16387.786453143228
2008-29-031,361444.5852012018,31577.40384179109
2008-29-044,120976.99867467476,5882.028505991424
2008-29-040,338380.3821952741,13828.661713514592
2008-29-041,317789.9771569366,17504.18073579634
2008-29-045,472993.9971912232,22345.57755497135
2008-29-034,298849.3431474077,19421.993000254224
2008-29-032,329881.3233426589,30826.44301048032
2008-29-033,351166.506883703,22804.564956376325
2008-29-035,307969.66359025426,17695.984986003547
2008-29-029,386703.3562927124,32227.179038847637
2008-29-027,275284.9282553387,18358.331704478027
2008-29-003,299452.6826329177,36553.48357963659
2008-29-004,278959.5266730545,32520.87015387225
2008-29-039,326317.00853161403,18950.769414483104
2008-29-030,233533.91187500485,18420.13239556536
2008-29-037,309025.94392175216,17513.376583278412
2008-29-038,313586.97227816726,17768.636183312163
2008-29-028,331384.77204559423,27274.344146927582
2008-29-021,266654.9752500328,28016.908281894022
2008-29-001,289757.9917503328,24529.281422151573
2008-29-005,276432.20065978286,31282.045202593945
2008-29-036,391815.16801474313,23072.1224681288
2008-29-002,278295.36971085315,26544.12930219683
2008-29-006,357326.220609472,37132.34676466895
2008-29-020,263253.4432735068,27542.719428019947
2008-29-026,306215.85525209643,16399.650451201946
2008-29-056,304294.6477132397,23631.601019124617
2008-29-022,341719.89365349023,26953.738717988395
2008-29-019,255808.8130348817,27287.623157073253
2008-29-053,359519.1331978625,25669.19908011402
2008-29-008,391532.10121611576,36145.467865196086
2008-29-007,264503.5358016387,23675.532041190425
2008-29-057,343476.4925586332,22223.086935890373
2008-29-024,299803.1384820567,18195.66486862435
2008-29-009,313740.43485907296,27852.866590933903
2008-29-054,224083.68598667448,15500.770265939413
2008-29-025,304344.92012524774,18068.000873478377
2008-29-010,256823.5687259458,19470.17002062564
2008-29-055,285402.1265262613,20920.86759085204
2008-29-018,257273.05640469663,22379.874455731057
2008-29-059,261570.15134423255,18554.053384418454
2008-29-017,280839.18837083323,20079.774053743346
2008-29-023,273898.8098041872,20799.774995098316
2008-29-060,304523.5513510356,23674.245519556105
2008-29-016,232149.6258174163,15843.594701057416
2008-29-015,294174.2700438917,19016.422527675797
2008-29-013,479180.2816621173,29026.873391861733
2008-29-011,187784.3742862421,11245.68239072418
2008-29-058,308434.25347029686,22322.876005810176
2008-29-068,272842.4920045151,18888.939581950064
2008-29-012,237683.9725361135,14233.976999769038
2008-29-067,308363.5914311199,20988.878061436146
2008-29-092,353805.5328583805,19121.97635755554
2008-29-014,310675.96920159983,26692.85257571796
2008-29-063,308918.92452318105,25876.982373272825
2008-29-061,303237.0592554495,19089.003205259127
2008-29-069,254509.38582518813,17865.34315909518
2008-29-071,608346.6846772195,17409.02727326455
2008-29-062,294692.6386538255,20385.6442551002
2008-29-075,486578.5807279612,20495.32647351649
2008-29-076,195361.74484512355,19289.5893285349
2008-29-066,315046.88609829446,20302.377276646686
2008-29-091,424745.5946240159,18121.89071108401
2008-29-074,401711.47862688056,14912.016856301268
2008-29-073,58680.39098057328,10436.041804687971
2008-29-064,319450.28243426216,26112.599721161023
2008-29-090,278816.51066268893,10724.480060912669
2008-29-072,27041.25392085349,5116.89673106298
2008-29-070,201606.083462782,15018.173421890824
2008-29-093,251826.7961501104,11711.613085278545
2008-29-065,296449.68405262,18948.46178710634
2008-29-095,347069.20193302794,18194.79485074058
2008-29-089,358397.2800857301,24887.17194877693
2008-29-094,357669.6972134781,16318.88559412345
2008-29-081,287353.303576435,26691.15172215016
2008-29-083,291630.2913171048,18282.8547464336
2008-29-088,227099.85739403268,15640.514597495168
2008-29-084,303898.606849549,20760.375850822777
2008-29-077,320916.30337717803,21061.351549173705
2008-29-097,333526.9803556263,34582.8421390765
2008-29-096,273491.13453071687,18797.026428800826
2008-29-104,255257.67718665532,17676.533608924947
2008-29-082,242506.8504417686,19058.05455323668
2008-29-085,274351.42345989734,20615.723900495104
2008-29-080,250121.27275026496,29431.98832576003
2008-29-087,239214.22665249225,18309.04089648975
2008-29-103,234825.29739558743,18659.82807520828
2008-29-116,278762.8979380063,27279.35803851628
2008-29-105,293563.81473791494,16157.37268942991
2008-29-078,231077.55505259265,12115.453541143024
2008-29-086,214402.18700978177,18197.461648709257
2008-29-106,82240.27607050848,4737.106083658491
2008-29-108,314892.0898105417,19246.76630300901
2008-29-115,274493.7116757046,20151.32740106783
2008-29-107,377637.53467175394,21795.71087365799
2008-29-102,296622.74385159265,24821.06399740535
2008-29-098,297735.8607632524,30087.19688306603
2008-29-079,279988.0419678031,15321.412384706258
2008-29-110,265688.90291047463,18951.614327216023
2008-29-137,252319.59170494103,27551.667224028148
2008-29-099,299233.19096356875,20580.14322579326
2008-29-117,247492.90182508115,36656.98345771901
2008-29-109,254941.5623187665,18903.23665655497
2008-29-100,296049.66931095487,31990.240560753737
2008-29-111,372029.691166901,30580.263486809425
2008-29-136,276003.3185955646,30712.861351917032
2008-29-101,234187.6372899544,26560.39110788051
2008-29-118,243159.02146820465,33180.15221179038
2008-29-113,223283.84551550305,18512.138641287973
2008-29-114,222940.2627103768,37934.88866362878
2008-29-140,244907.8706264141,23239.704402868527
2008-29-112,245099.78871388684,19537.353626838565
2008-29-138,256583.51412384555,25346.656075934075
2008-29-126,228307.66835744755,22819.02330749333
2008-29-128,249853.53491113603,35321.61317103656
2008-29-139,258978.55978134213,25798.613310038592
2008-29-123,217752.5735470803,32303.189557701924
2008-29-127,241683.56024568796,29506.75934721325
2008-29-134,290812.04279660434,33823.988909312786
2008-29-142,246001.16324895545,28396.438906639083
2008-29-143,270352.7303069408,25712.539485719983
2008-29-141,259419.0670341441,27387.67573297489
2008-29-119,251677.12899589344,35707.413482318494
2008-29-144,293652.3364481596,25192.83264286173
2008-29-135,235547.02221568453,34670.25929962118
2008-29-125,213457.3384223134,26688.8540997786
2008-29-194,278089.8712665845,34569.31730009848
2008-29-133,365004.278750208,43099.25919182087
2008-29-120,240474.5475996144,36701.39203842604
2008-29-122,164350.889153605,45108.872981680666
2008-29-180,309996.8000802229,30651.47792919072
2008-29-179,317550.4921224951,44716.10842378643
2008-29-121,253257.63116374097,39064.25574739985
2008-29-129,212971.9696109709,35125.848125936885
2008-29-124,234499.36954759847,34369.29993167287
2008-29-195,241915.33093314304,31665.227306379347
2008-29-132,150266.29450916348,17700.06496299177
2008-29-181,284461.0800483837,36752.3464717032
2008-29-145,254992.500617544,27210.68790195894
2008-29-148,278590.5101159244,27413.66630550456
2008-29-130,202006.99154543845,32796.96527676388
2008-29-178,311414.0151826806,45417.01433735593
2008-29-150,3243937.3421449247,53167.15116918023
2008-29-196,210688.0584784852,26513.199573461665
2008-29-152,2449611.7319756006,43210.58658009343
2008-29-182,326048.8764572478,41539.69105950007
2008-29-147,261671.67863771736,21696.984323798275
2008-29-200,281717.7959803757,53452.42975269837
2008-29-193,233931.42038033303,39929.43150238127
2008-29-197,282285.670539328,38734.00132352156
2008-29-201,333954.8712992736,41946.00821066996
2008-29-131,226269.7322196348,38490.9433576632
2008-29-174,119746.6514720137,61294.58688493465
2008-29-149,244225.7550670805,31680.66221056492
2008-29-155,263693.5299289785,4278.32783998466
2008-29-151,32367.496493337967,14387.57969991957
2008-29-146,263320.8172437678,21458.8027705517
2008-29-154,1861969.062850897,36232.68247717637
2008-29-199,269653.70863866823,39222.12509250482
2008-29-191,244813.49803695708,38507.27334755121
2008-29-158,342418.18831243913,5555.605662257517
2008-29-153,864356.7997859466,54241.28483383127
2008-29-157,362831.43790254224,5886.802920109803
2008-29-159,226933.2977419061,3681.906969087202
2008-29-160,159348.861074195,3775.807144180629
2008-29-202,145711.16306468382,12715.514905266842
2008-29-156,320017.77627239283,5192.167444854775
2008-29-203,473780.0124164052,40775.21729695192
2008-29-161,14961.957925671244,7727.322194174731
2008-29-205,307728.42118427024,38884.11904581968
2008-29-175,175373.48290608276,20533.07630405724
2008-29-164,258813.74647799612,4199.155198179389
2008-29-165,189538.7326063313,3075.1942858948632
2008-29-162,221745.05191344352,3597.7296418142214
2008-29-166,353852.4908436719,5976.891389571352
2008-29-163,263783.9852768203,4486.112515994988
2008-29-167,216360.70998094903,5733.168269941485
2008-29-168,181665.0337319933,2947.446498124671
2008-29-169,217467.6608389525,3811.37548034871
2008-29-172,55573.02230758457,6237.863836135019
2008-29-170,108876.83547626942,2877.444648714236
2008-29-177,507549.15147666,58004.96162291721
2008-29-173,16785.87584243619,6716.733968049251
2008-29-171,11884.53460938281,4191.906620053263
2008-29-176,267429.5884714527,49949.08268393236
2008-29-204,231344.5439788063,22247.120128696144
2008-29-207,295518.48119412054,45311.4270261424
2008-29-192,255681.6156186327,36653.08935861976
2008-29-183,271919.78605053894,36420.43023923272
2008-29-206,249988.7945506499,34901.025625113914
2008-29-208,292165.12895889464,42293.91695512285
2008-29-198,279043.8395616887,40200.461045164535
2008-29-185,257558.8094014417,27737.57870479471
2008-29-187,243950.60624664725,31685.725702791475
2008-29-189,219913.82660697956,20796.27213957366
2008-29-188,264222.1655618624,29146.931717276573
2008-29-211,272605.4009007413,28543.822845138493
2008-29-184,218780.622892382,33797.33400284276
2008-29-210,253849.97087723648,36527.31781694801
2008-29-190,277539.9390690316,31700.435910649718
2008-29-209,295049.3778374569,53967.464556946965
2008-29-186,189953.3182026601,35983.47348293755
2008-29-215,678585.070692871,44050.00646495913
2008-29-220,397445.4428598322,22111.18528766549
2008-29-212,330754.532928598,38397.66204902102
2008-29-217,190298.58225568043,11753.965688593238
2008-29-219,459920.3257535805,34910.52061368353
2008-29-218,125828.19195795496,7763.372497065906
2008-29-221,301958.2387652479,34612.40083714388
2008-29-216,174779.27957130646,10768.005668248868
2008-29-213,252221.4685422441,28287.57217731094
2008-29-222,217176.74609477216,19579.06722564844
2008-29-214,251735.25170053687,20345.20491327883
2008-29-223,276632.71169291175,24725.299616993983
2008-29-224,270288.8277083932,28771.264136815156
2008-32-001,309975.20279285137,32120.542196787886
2008-32-002,230841.825797028,23934.99819766864
2008-32-003,283861.7766995593,27468.702540012997
2008-32-004,261010.90145521855,23011.34718488571
2008-32-006,231053.22244866408,23552.04013793207
2008-32-009,275803.1532225885,29762.61868507475
2008-32-008,222797.17250610428,23240.009070942386
2008-32-007,347893.9553488868,26021.43108987006
2008-32-016,219534.5398364308,21908.303825773124
2008-32-015,282583.5494601609,28454.85263314886
2008-32-010,209088.07370444955,14905.858943701482
2008-32-017,250645.83980607547,25506.966931124218
2008-32-011,206502.35675921137,13911.201339345074
2008-32-012,233949.4491387011,19285.964586981358
2008-32-018,331119.6503181979,29971.430555046594
2008-32-014,229788.68370280624,22530.345158973672
2008-32-022,315498.2353489336,15848.923692510803
2008-32-019,257443.12395082304,28671.050182170817
2008-32-020,207331.60146674849,10601.86707973131
2008-32-021,256738.5337907173,11848.31242566064
2008-32-024,249816.52465041,8634.198708736376
2008-32-025,325918.15937701345,11602.267449261512
2008-32-023,148479.77234347168,5182.881270162528
2008-32-032,339234.2121907938,15525.706555758064
2008-32-035,356214.5529540882,28978.76854016851
2008-32-031,319603.5197325273,14290.21473936212
2008-32-026,183522.97386728213,8194.824730558998
2008-32-030,261404.00942369268,12319.229760700324
2008-32-034,198845.735541029,13481.07432086707
2008-32-027,278986.7971277224,12489.130120810643
2008-32-036,310556.83388823416,25123.902281895276
2008-32-028,169950.5463007488,7608.010517720915
2008-32-033,218793.0210028441,13923.033140766764
2008-32-054,312660.2046135314,24366.622515211464
2008-32-029,212413.4460697353,9587.588073705316
2008-32-037,284595.8258556066,20008.53938446829
2008-32-040,402632.1339092524,27350.976532381363
2008-32-042,286512.6027648929,13953.57603845456
2008-32-041,300535.6790310362,14254.945288314088
2008-32-043,239188.30613118544,11336.444086923431
2008-32-039,244940.49500070376,18087.23205935351
2008-32-046,373334.6906663898,17749.24767552675
2008-32-038,258378.92560538647,19287.51198582572
2008-32-044,194181.271325672,9211.52771939995
2008-32-053,160499.4531284868,14878.261347419444
2008-32-052,293530.40879015456,22952.064419565708
2008-32-045,287416.14803852484,13634.44834171774
2008-32-051,265070.0393774507,20706.918085249206
2008-32-055,264822.22711396386,27584.29620738553
2008-32-050,239694.1741719391,18670.5367106837
2008-32-047,230709.20243065263,10268.86748390268
2008-32-049,223121.8636810633,17159.521474494715
2008-32-056,246882.0581382496,25171.15014683465
2008-32-048,233139.6076511969,10206.871216537864
2008-32-058,289057.81621861533,22411.40267559867
2008-32-061,254595.050563016,22171.031364426643
2008-32-057,225606.80762961865,18233.237825143675
2008-32-060,191013.97475499488,15455.21412741793
2008-32-062,239956.868875308,20744.785487003857
2008-32-065,264862.097207408,22804.28160240771
2008-32-063,230517.69672339773,9494.720933021355
2008-32-059,247215.5479505885,17804.97071791997
2008-32-064,265883.7119067493,14902.6740954232
2008-32-066,177685.1526841853,15210.263411320217
2008-32-067,330796.3077269293,28324.76632846312
2008-32-068,227790.22340950387,16291.856256900592
2008-32-071,217724.4665919259,17606.80397786105
2008-32-070,281150.7017273181,21896.47215036364
2008-32-069,207663.6992658101,9461.063086720054
2008-32-072,266091.5929189483,21411.366085172544
2008-32-088,155578.98575015203,17049.623409244217
2008-32-073,271595.7978646303,18144.03902785741
2008-32-075,209247.1122192475,24193.4255200522
2008-32-087,245200.7920020824,26075.038775274064
2008-32-078,197754.31948223265,18814.508685101027
2008-32-074,224338.7851733096,36013.410235798845
2008-32-076,257846.776377654,29616.478063749877
2008-32-079,314685.5970464443,18798.034838635704
2008-32-077,369682.14687157614,35677.04307578473
2008-32-084,261912.07153748296,41843.09721177285
2008-32-082,156838.67754337413,15009.435408284717
2008-32-089,220256.9154471862,21535.974860257767
2008-32-086,210979.959116948,26596.656805213886
2008-32-090,293796.77747204475,27684.11932458364
2008-32-083,156443.711451274,14971.754589945567
2008-32-081,175775.41388951807,16807.809437965705
2008-32-080,296764.1793523951,15877.919607154225
2008-32-085,289913.70916999714,32544.859218428144
2008-32-091,237690.9156303682,22810.714144928395
2008-32-102,256107.8836651939,17704.921241547796
2008-32-094,275790.6401387808,26623.00009723352
2008-32-095,172416.60060141407,14387.547987010854
2008-32-093,223607.14830300765,22781.072290494863
2008-32-103,243465.9422298553,16769.685293668183
2008-32-101,174293.06815284793,13738.253568238171
2008-32-096,212913.56475034927,25619.695704020705
2008-32-098,234317.99521903505,28220.172969065967
2008-32-092,116786.686742625,9855.086415847172
2008-32-097,232757.32004657487,28170.77461977025
2008-32-104,279369.5868248807,19293.289700048022
2008-32-100,226258.69571454404,20404.40164474267
2008-32-106,198153.3197907668,18460.7845180811
2008-32-099,217291.9945280121,25988.29180921058
2008-32-105,238214.28770603743,16682.288360538427
2008-32-114,248628.3204022493,20810.322588862466
2008-32-111,290508.71583261155,39257.51692350736
2008-32-112,268236.9144212127,18252.953154720017
2008-32-113,308280.32064507244,40484.30716286219
2008-32-110,191067.0348098309,25094.367285612298
2008-32-107,287947.01777312206,21472.17515164768
2008-32-109,234036.1714930056,25473.605319969487
2008-32-108,188124.69265463023,15573.75651833797
2008-32-115,202099.75270141813,27772.73477533699
2008-32-120,199796.7460198635,18332.24528572438
2008-32-118,243268.77300480296,23744.596499406023
2008-32-116,242887.55425317129,18164.81841694539
2008-32-121,226648.29699972103,20195.67823462825
2008-32-119,239955.7355141455,23237.25916340436
2008-32-117,152051.2421981453,10863.726125180488
2008-32-123,277142.8258253382,20852.55793409366
2008-32-124,208581.3150243949,15198.500589697936
2008-32-125,207081.59267447324,14839.542524967908
2008-32-122,211194.49973838896,20508.90404537339
2008-32-126,220324.8388048198,17036.18894938562
2008-32-127,214728.3916732525,15765.394946415936
2008-32-131,258630.79432985172,18728.055955716707
2008-32-128,328511.36534773407,23923.092661435257
2008-32-129,169112.82768946677,10306.208683210025
2008-32-136,139176.8767152656,9981.795212681149
2008-32-130,370188.3574156641,23265.60812050768
2008-32-137,216595.93135904105,8663.186294757565
2008-32-132,342877.5006809595,18762.46500528353
2008-32-133,251647.4413190293,12827.969476932158
2008-32-138,313542.9378466248,12766.491055542956
2008-32-134,135116.09493049575,6874.161131095321
2008-32-135,209253.1749272246,10397.51102556368
2008-32-140,141264.03178009734,5812.532842647936
2008-32-139,125361.16724180634,5462.683355505048
2008-32-005,191725.15253321215,16876.356900899205
2008-23-008,373628.9364382551,15997.17156648889
2008-23-009,347007.97306154325,20141.95768053933
2008-23-007,401460.1103747469,22012.45988087653
2008-23-012,449592.69693806965,22861.14666645665
2008-23-005,467784.0734993768,26261.623144192607
2008-23-010,443202.8402949737,16984.467497175094
2008-23-013,362505.995037075,20331.77636795229
2008-23-006,245054.97449118385,14351.568920319807
2008-23-004,419609.38260238606,22671.146276818825
2008-23-011,308183.29211521195,21755.46745808725
2008-23-003,404324.13840128935,18799.63481637327
2008-23-014,464178.9865676693,18750.21587358126
2008-23-015,490803.2717336587,19766.921093888173
2008-23-016,459042.3783328115,18404.26054073464
2008-23-020,325812.6005154696,17084.11631693109
2008-23-018,466408.3697569845,21478.83674574317
2008-23-002,446662.1937181358,22542.215520153608
2008-23-017,167572.50416341604,6717.819637814013
2008-23-019,396940.666732729,18377.72940135281
2008-23-021,302853.0179201825,17975.5480403747
2008-23-001,415785.52054825856,29376.091241624905
2008-23-024,406956.9173527527,24389.48170083156
2008-23-022,352302.5258087214,21454.23632299388
2008-23-023,314381.53793489607,21643.97792245925
2008-23-025,364209.040655555,21709.79003888539
2008-23-027,427578.1310130151,23331.22760997628
2008-23-049,342301.18374460185,16642.5884565562
2008-23-026,460839.2795135288,27041.057834158302
2008-23-048,312010.1897837668,17491.715033807035
2008-23-044,402220.06065067713,21373.50673858537
2008-23-045,352406.5248892069,27089.48586636921
2008-23-050,337312.5182035263,23848.38446020969
2008-23-070,384386.5565263977,16778.974373623816
2008-23-061,275686.1857469177,17494.490144602318
2008-23-068,353265.8349715018,17694.028694262335
2008-23-028,386621.810156464,26984.315952707708
2008-23-047,345542.37494092423,18682.515921859107
2008-23-230,256065.3023143938,20140.683374437445
2008-23-051,350561.3197447489,18320.088534723986
2008-23-033,204205.74634074152,15571.287933896296
2008-23-069,407235.6790085979,21136.93043868837
2008-23-073,295320.46090782183,20012.70958724327
2008-23-052,299964.6533369999,13973.180458098548
2008-23-043,310571.4489368245,25480.61011264572
2008-23-032,419367.7431928695,24347.57286877884
2008-23-072,329710.907482314,21402.1063098861
2008-23-071,311940.9541293237,19008.70406253505
2008-23-062,305482.8412997563,19574.916202478933
2008-23-053,393263.041658088,17137.868100129454
2008-23-067,333220.8780924041,28411.96164094393
2008-23-029,318586.9479989345,21256.34118855279
2008-23-227,367515.7607283813,24139.21590899222
2008-23-059,360910.6033785214,23914.638617826768
2008-23-034,430916.1302182615,17892.21798999241
2008-23-063,425991.8317097858,22273.368979533403
2008-23-228,308479.4867446633,18248.57374567387
2008-23-079,364324.6997539008,41322.96650334716
2008-23-075,347876.3653437022,24372.25316785752
2008-23-074,310601.19965604274,27200.216187550803
2008-23-031,333991.4791900233,23119.151597134187
2008-23-078,435013.69110675633,39503.88341593878
2008-23-064,388527.1386213983,25538.6977646804
2008-23-076,367207.7799258589,33503.26615251384
2008-23-229,324453.8282263593,24257.945218277164
2008-23-030,378765.0341490562,23675.664274763232
2008-23-077,291131.0917837026,38862.16896463744
2008-23-035,289107.5181670161,16692.803905638866
2008-23-058,436974.5103054034,30535.47561602404
2008-23-057,316277.81674066547,20678.15406784376
2008-23-066,374421.1531991649,26970.69851625453
2008-23-042,409564.9148386917,21145.75535159837
2008-23-065,451054.537928972,30272.723428389065
2008-23-036,337241.9908763161,18555.504372563213
2008-23-225,309801.8986744706,28135.42696960608
2008-23-054,277582.9364870543,15050.809046360277
2008-23-147,312891.0611997769,25153.22375388353
2008-23-165,327838.5294118806,22799.166326983133
2008-23-082,461913.9812989552,48015.84789926688
2008-23-146,392456.7289507688,21277.797812859764
2008-23-226,382392.998928544,25885.3021303571
2008-23-162,309131.0100750687,25101.684033043915
2008-23-083,399796.8000114732,44295.02352712129
2008-23-081,466645.124457081,38926.293622736375
2008-23-163,290713.1898266621,20951.30608914501
2008-23-080,404534.0726599357,27219.62992283758
2008-23-224,336349.52610430866,31126.632215003174
2008-23-092,368043.7798727515,30166.935410233094
2008-23-090,485165.2553696125,45411.76248052766
2008-23-161,465971.1427928877,27778.782568800743
2008-23-148,331720.00309122883,23049.99067500432
2008-23-040,393110.8016072961,23681.367610775986
2008-23-094,371819.772387734,27519.003227876616
2008-23-093,354263.6191185039,22503.642406142404
2008-23-055,410207.8710794818,18702.77572857644
2008-23-037,381134.76568766026,23138.633225703383
2008-23-166,354527.97064919426,23812.99177396274
2008-23-039,283362.7686016222,19895.607439037645
2008-23-223,353134.8577007728,27325.505576739164
2008-23-145,345602.1385623986,19619.598235870275
2008-23-149,631380.0409257349,39593.60158956796
2008-23-041,251149.8999697248,15176.32369106745
2008-23-091,371121.81906199415,25791.851318644894
2008-23-222,318305.62213735096,27008.23873094682
2008-23-164,292031.98257544456,20106.442882795585
2008-23-056,401591.4015183658,27602.724130180024
2008-23-160,404319.1114411183,30839.603270916443
2008-23-089,343022.59854819474,34399.43932081014
2008-23-084,323264.43861889833,38353.45057130625
2008-23-213,368665.9002912192,26437.329602453217
2008-23-144,296327.0213715145,18652.887676031183
2008-23-143,354487.52611594816,26676.819469535723
2008-23-159,333684.7767059358,26865.79903583022
2008-23-167,274343.5245966291,23173.2317497647
2008-23-212,319726.71104959626,23007.00441913848
2008-23-038,387120.2745979836,27850.507804012566
2008-23-095,361166.9850346345,23070.370780753063
2008-23-168,359614.6791828371,25257.27410307649
2008-23-214,265163.93801279453,19040.555496149
2008-23-085,365605.2448187713,44280.99717543995
2008-23-142,394805.0755821003,29188.74720270284
2008-23-221,296309.1243465394,36079.14063102481
2008-23-219,491313.1456495663,34575.84859337937
2008-23-169,399916.23440202506,31432.03598427656
2008-23-102,417177.5763571765,26257.86199420424
2008-23-215,387301.0515648377,30663.517632455107
2008-23-086,153087.3938848798,24735.53118759703
2008-23-155,954137.3464037244,44780.237491888016
2008-23-101,281261.6115362181,20895.87091158879
2008-23-103,726148.0334620195,46817.91022004938
2008-23-220,165911.48457326848,11127.642771275416
2008-23-088,328200.2791043896,43070.11116245492
2008-23-158,422237.83807506965,39195.20068001997
2008-23-171,309726.840904175,21751.42457855225
2008-23-154,636937.7416075306,29630.013886421795
2008-23-141,408426.1886963317,31862.95207187347
2008-23-218,315415.43937065784,27671.98359070663
2008-23-150,132112.76803264176,6145.817551179993
2008-23-152,190207.7555574466,8848.366284979413
2008-23-096,516790.02829697134,27065.777273337168
2008-23-153,132339.04058025943,6156.343632914621
2008-23-140,384532.8354347508,26769.461945108134
2008-23-087,390402.5812407985,31926.812121842395
2008-23-216,363619.3623467118,19454.48681194659
2008-23-120,250117.6160385776,21566.264460737977
2008-23-119,312685.6011402551,23015.42604197294
2008-23-098,292425.64750417054,16234.128337636444
2008-23-170,394494.9240032199,27686.067652974554
2008-23-194,431831.8277940296,45557.89082825265
2008-23-097,208322.6406591931,9403.051071715454
2008-23-157,374372.4151271238,36208.108517810586
2008-23-217,195126.63683067725,10442.270066216315
2008-23-104,187029.5603585968,48439.08898705692
2008-23-100,416698.2842581375,18808.494535092053
2008-23-106,368488.1294284669,42177.12108104161
2008-23-195,487746.3490829974,45263.78240229728
2008-23-118,317291.5780736714,25366.02960448427
2008-23-202,358047.94847286865,30137.514793580613
2008-23-203,456561.2117684929,35555.65324066347
2008-23-172,378893.26607052295,26655.33660933125
2008-23-121,360422.5616320462,25570.91100175181
2008-23-211,562818.1638713878,49979.35070778503
2008-23-196,322011.6300313301,24920.37133350468
2008-23-139,353474.7646998676,26629.405777519627
2008-23-156,413540.9197696818,34510.26049771793
2008-23-117,428764.1138408694,39117.45467946737
2008-23-193,396313.5099626875,45329.81280905023
2008-23-138,400318.4532419802,27641.936098687656
2008-23-173,353211.0093118236,35910.36733613012
2008-23-105,426479.2363556125,53342.23831239095
2008-23-123,390222.1662713956,40572.89503460437
2008-23-137,209959.22212103428,17677.893686830066
2008-23-205,64400.50591615121,12598.9262948836
2008-23-174,363656.4342535497,34628.08033735632
2008-23-204,244921.88169696485,6876.414337561466
2008-23-208,408226.55913622864,12422.268535727708
2008-23-210,1403715.9365034124,35575.130584801256
2008-23-201,430877.84407882526,34401.463071471895
2008-23-206,230901.51330599675,5666.860100423934
2008-23-107,301148.92627074703,33818.77064322498
2008-23-136,396540.8117012039,31758.37074977753
2008-23-207,265602.9342805069,6518.513669657252
2008-23-122,358747.5785548406,39965.75814963526
2008-23-192,435315.5737223324,51307.51283920636
2008-23-209,487889.1404270735,38153.626068571626
2008-23-134,356833.1934606082,24884.433694420062
2008-23-197,452590.3453475887,36264.78936860631
2008-23-200,302247.1490207224,26648.06216460014
2008-23-116,425183.42691181536,38776.50762332841
2008-23-115,387223.9959576624,33952.24943801065
2008-23-182,276615.2226741226,19309.83330254181
2008-23-135,301409.1645759201,29317.10615452755
2008-23-183,347173.2923784183,23029.33034824397
2008-23-175,285617.8569254182,24258.07494039637
2008-23-132,413745.761059584,48059.40097479472
2008-23-108,409889.23879453295,43049.22048485491
2008-23-199,411196.3916439014,26053.293916648952
2008-23-191,433519.5517932529,49698.58205279207
2008-23-198,339565.40052047046,35736.50378063232
2008-23-127,272765.6130097433,30869.29108389412
2008-23-110,327345.3510576963,33620.43760374066
2008-23-124,292004.7911400615,30189.097895290422
2008-23-126,374193.6713032391,33148.977758769004
2008-23-114,334480.21314012643,37542.02475230358
2008-23-130,307399.8552953007,31492.193201622824
2008-23-184,267236.4902042597,24996.244072866088
2008-23-176,318628.5019040117,30635.49937652098
2008-23-188,312800.74099634483,26280.98788196289
2008-23-177,402456.11430847103,21792.99893290297
2008-23-190,455050.92044524895,41072.44945519401
2008-23-111,226611.51077813024,26840.813129140224
2008-23-178,464557.20484847855,27976.533496418437
2008-23-131,328583.51210318005,31682.777674765537
2008-23-128,307084.0975742312,32137.218010390417
2008-23-133,407444.4343303836,28356.231455084184
2008-23-181,457610.12761760526,28936.1318700712
2008-23-125,340540.5703592948,29406.7490969216
2008-23-185,285102.1262224252,23409.477640815538
2008-23-186,545679.4384637269,38614.49541590619
2008-23-189,530792.0615889966,33755.43522523204
2008-23-129,299359.137560241,33247.52480377036
2008-23-113,199178.5729948237,22161.62510319016
2008-23-112,305235.6731664442,23439.237844415824
2008-23-109,371117.2477775176,28968.57318515121
2008-23-187,484236.98375781794,36647.98068933264
2008-23-179,512657.54994222586,28644.327182131998
2008-23-180,392080.3090848393,16158.95210552495
2008-23-046,269380.83641396044,26459.48107198994
2008-23-060,392021.51342201926,23598.3487357838
2008-23-151,195314.634991472,9085.935671532716
2008-27-001,579396.1887503021,50402.885222770565
2008-27-002,494145.2264367564,28497.2457523904
2008-27-041,475511.8051204866,28083.376437684405
2008-27-059,356697.1780276838,29975.891264794234
2008-27-065,399086.97513265087,28465.559813824017
2008-27-009,430009.8352984048,28867.13663592216
2008-27-003,473300.5512576094,27642.78369251046
2008-27-043,375410.9409448513,28618.245030188584
2008-27-060,351861.18991440465,32522.17834090768
2008-27-049,403649.027016293,32630.721220946
2008-27-064,354495.0522286909,22526.448026867616
2008-27-066,406710.0737826691,31369.24287291478
2008-27-048,357531.0642901768,30314.03087099304
2008-27-004,432064.0333326536,36841.42040093581
2008-27-008,407539.3348904969,21429.70350238042
2008-27-010,470172.7276945795,19673.069180145456
2008-27-042,360529.3316379745,20166.17942039766
2008-27-011,449944.2608919212,18675.682926809703
2008-27-058,430730.0944289125,49510.67087052581
2008-27-044,314949.70256874966,24514.43664731836
2008-27-063,363701.6343947962,29108.476595623124
2008-27-027,421710.980067501,24386.62000120351
2008-27-039,397337.840762953,23299.66062023104
2008-27-050,1034948.8248158782,45283.15608356451
2008-27-061,412853.5824205736,39635.84634051099
2008-27-028,396409.9141333327,20855.485115229865
2008-27-062,392840.52170962485,32434.58152724648
2008-27-005,556640.1726009954,53241.050360176654
2008-27-040,387034.52163698303,20676.375598548453
2008-27-020,430640.9855731438,20142.164145763963
2008-27-015,352989.4082674006,18121.50325723705
2008-27-057,465544.2674485159,22026.88736855066
2008-27-056,441886.0302858278,15005.7374492184
2008-27-054,185831.57410726533,16098.72915586946
2008-27-014,491027.1086771715,21389.82356149878
2008-27-052,523332.0154595261,19055.57476058587
2008-27-055,133015.31629592142,4516.985775201589
2008-27-053,369163.9094815491,15545.294828337535
2008-27-006,757301.0089911692,34672.81427872577
2008-27-051,397194.9250211493,35084.355334436696
2008-27-012,399015.5083615888,20295.59483924735
2008-27-031,502567.6631640865,22483.27414044054
2008-27-013,486164.5669734416,17588.79241066554
2008-27-047,357159.5252798574,28038.87395341278
2008-27-021,408731.557566076,22833.85433525662
2008-27-016,282416.9145370366,19416.744146850426
2008-27-037,427281.2500727451,22475.52731850196
2008-27-038,268168.11010005925,14207.143170102012
2008-27-007,186899.60907132243,8485.961043288
2008-27-036,430977.0597268605,26118.66587315429
2008-27-029,450504.73673589627,20858.507370060528
2008-27-019,434361.6711728488,21323.28863057516
2008-27-045,330690.62233310705,22028.05636965124
2008-27-026,404037.6504878464,24465.33192830819
2008-27-032,421646.5360713037,21078.92142920879
2008-27-116,424616.1289381946,61948.75563773557
2008-27-046,329664.9319915318,28854.25518843661
2008-27-067,344677.1427247565,32206.38126970894
2008-27-018,439757.3868731633,24590.909626711436
2008-27-115,632552.7178295718,44641.558672862186
2008-27-022,378650.1729210452,24881.23833079101
2008-27-017,434080.29780332965,29831.70424660179
2008-27-074,350067.2806088341,26975.006798441056
2008-27-030,230193.01016101905,9930.599745380114
2008-27-117,403580.9208505332,51842.86869671827
2008-27-035,429690.1551711023,18977.634261309664
2008-27-077,386837.11514800455,21771.174136227142
2008-27-113,694739.8548708291,51277.90729814048
2008-27-073,376052.8337786378,21845.457782153928
2008-27-079,494270.0436248262,20365.25652360264
2008-27-023,471645.0007081888,29208.25934044816
2008-27-114,162967.7927511369,10688.703876990294
2008-27-118,501800.5811736876,93012.37241299804
2008-27-103,444428.05677840335,39070.79350403272
2008-27-078,479856.2949675567,25789.45360994396
2008-27-105,505966.3537445453,40720.84170781403
2008-27-075,337038.29581391875,31261.046742017672
2008-27-034,451091.4329139449,25389.66804986715
2008-27-025,449031.7261023089,24043.761240495303
2008-27-033,449642.45013917744,22339.900156957112
2008-27-122,463859.6382648686,68354.85509388475
2008-27-068,400825.58703552274,34995.41486247894
2008-27-076,401191.0684880085,26172.47882704786
2008-27-024,343461.9359941298,33659.40771446726
2008-27-106,752473.8295981784,43032.589651227136
2008-27-112,426760.55340291886,53803.48627874986
2008-27-121,439233.7470352249,48521.740201583656
2008-27-072,505809.4162688711,31039.371069133456
2008-27-128,505479.1736261243,42052.69985501334
2008-27-102,479875.8897541461,36130.80334903473
2008-27-111,467427.3196420073,50024.180817044326
2008-27-080,395734.64113629627,23295.46760432003
2008-27-119,505069.3292717739,63261.94496615473
2008-27-127,408187.935350006,36413.744986212725
2008-27-129,492670.887881151,38887.80344890278
2008-27-126,574191.9593451547,31276.0177315104
2008-27-081,422556.0342338985,19965.624869432737
2008-27-123,545665.7988510521,29131.905589658487
2008-27-071,305538.50704097195,18690.884210535456
2008-27-124,239063.41499349647,12592.455064022935
2008-27-125,577526.5134399314,30420.701005106457
2008-27-069,413621.1549014051,48506.82151890607
2008-27-130,495482.35996662726,36174.76476940442
2008-27-094,465744.0236445433,24927.863237621896
2008-27-101,459481.6333001987,23379.794611195568
2008-27-219,421886.2074294417,47846.75553805174
2008-27-120,563804.3790175148,67424.4937447845
2008-27-108,372864.9302977884,17763.60104088323
2008-27-107,483870.82431206567,18745.68954135204
2008-27-099,450717.2943177887,25334.813310935395
2008-27-083,411016.4370755878,22495.46071318195
2008-27-082,437989.8698227266,23849.441038490982
2008-27-093,352092.09424977034,20517.66707385072
2008-27-109,409379.27212078497,15859.804630195322
2008-27-070,422149.0169773094,30970.02697833884
2008-27-131,517526.2831605151,30874.078304288047
2008-27-110,547931.7557929953,33647.54536780293
2008-27-218,453560.6183187056,55082.94055111073
2008-27-095,545852.8474314812,23782.96690623602
2008-27-135,535801.3051729203,35214.73013252331
2008-27-100,470592.5243720154,23603.41835117322
2008-27-220,364276.68564011896,46530.2671611706
2008-27-216,387276.8021542845,61483.89872775384
2008-27-134,1004293.9330247396,55579.842024803445
2008-27-092,508280.4645365336,25613.998409235675
2008-27-084,431447.7920096276,20782.60475737533
2008-27-217,326140.84334978065,48994.01059199751
2008-27-221,352174.4702893259,56032.17192385376
2008-27-222,509848.0742646477,52985.49038449995
2008-27-223,498928.01609454985,62317.99633829568
2008-27-132,529929.4860030117,12639.968142840513
2008-27-133,1038412.0805490672,24407.22240829345
2008-27-096,441800.1402429091,18592.46110350631
2008-27-139,1531560.3966987508,39180.91944700397
2008-27-228,403385.4905156591,28909.613858843164
2008-27-098,541485.7006545307,26380.01117256368
2008-27-137,54004.42358825904,2665.60299333835
2008-27-136,84826.06443954234,4186.927593322747
2008-27-195,503005.9829278101,73085.24504538951
2008-27-224,534897.188578159,78289.30778125412
2008-27-085,600672.3765682253,23868.662337878253
2008-27-138,204059.42883692667,7228.956049746159
2008-27-097,528629.9879232793,29451.78403448429
2008-27-145,946827.16346741,6506.729163756467
2008-27-146,817456.4224538533,5711.863754083166
2008-27-148,1196600.6820805422,8377.057348326976
2008-27-141,92569.00546691925,1877.5093382202251
2008-27-086,213680.47932196004,9067.749647106888
2008-27-229,478091.8887271125,29701.59082927048
2008-27-142,628287.2556839589,15818.671384346238
2008-27-153,549023.0356037125,4389.548471245633
2008-27-152,560600.7061310959,4694.095769045029
2008-27-147,994167.8004673312,6951.736375563324
2008-27-154,12645.180594783322,108.20394528098404
2008-27-140,689731.4982262548,12040.60090122353
2008-27-144,253708.57718381815,13866.239930458389
2008-27-149,312065.0712287933,2464.5746035011
2008-27-231,508819.43220610445,61932.35064012172
2008-27-196,487505.58056563366,77011.24565654922
2008-27-161,303610.3521507523,2572.122751100862
2008-27-160,434457.27405582246,3717.621172469051
2008-27-087,652126.7993419026,27624.25908467259
2008-27-162,374134.4493121466,3057.7090427867533
2008-27-155,508954.2265632906,3973.238606953038
2008-27-159,229357.8107524148,1962.599096027036
2008-27-226,519968.0976671345,66403.81034074821
2008-27-150,235879.60416814635,6609.6354701828095
2008-27-163,368906.21346252144,3156.70523138126
2008-27-158,543227.5390274471,4648.360888756215
2008-27-157,558710.4582127277,4780.847169023804
2008-27-225,210764.12883601527,19245.139691715765
2008-27-156,419086.0652131907,3568.885532978348
2008-27-164,293662.9445671588,2479.853748840231
2008-27-151,336312.2482508618,18698.80348689952
2008-27-230,446593.7037499334,34862.06130949373
2008-27-089,422998.6230643678,23693.88849796797
2008-27-165,393481.6315441301,3366.9954026783525
2008-27-233,674668.1463084719,35577.197393770446
2008-27-189,421833.3468626528,32291.78445824265
2008-27-166,517084.10508844384,4424.653313036746
2008-27-188,595052.9639082497,31445.42184568177
2008-27-168,593460.4965738464,5078.20086999757
2008-27-088,395025.3852848531,17044.294981202576
2008-27-177,423700.4709452656,3625.5759441349287
2008-27-167,463686.1384622455,3967.730565620986
2008-27-170,264543.58493683656,2263.6813586315584
2008-27-169,200130.2332564637,1712.5007148799705
2008-27-176,308631.30483972945,2640.936961758649
2008-27-175,230907.06645514228,1975.8559710892496
2008-27-174,173615.4325520908,1485.6153791548547
2008-27-197,583814.2830269544,85496.39517075689
2008-27-173,644263.3650360715,5639.177867747934
2008-27-171,281855.8795211188,2411.821479039072
2008-27-172,446574.1961579589,3888.394764257893
2008-27-178,233319.75832405232,2010.2768436416957
2008-27-179,276835.8133727428,2489.5219564931467
2008-27-181,286136.0971935569,2625.4997698493844
2008-27-180,219342.31853590347,2061.544764898106
2008-27-182,444762.70217222377,4062.842543591454
2008-27-183,200325.49002232228,1882.810248326816
2008-27-184,350350.1604920876,3292.855405490147
2008-27-185,369545.11494349525,3171.660488761375
2008-27-204,454218.7415683232,52561.44475963112
2008-27-186,221694.99239146945,2083.656970617594
2008-27-187,401416.6821948687,3682.817143747685
2008-27-232,437144.6167141906,36221.7834174307
2008-27-090,413585.9512107954,21091.084875801575
2008-27-091,268890.3109483643,20266.68514355184
2008-27-198,932020.3605261082,89443.18868324574
2008-27-191,389244.0120247168,34081.261172154336
2008-27-227,436423.7516369451,56725.26065714739
2008-27-236,490965.5638573972,31978.0221193583
2008-27-192,392840.0179978212,30704.94019114907
2008-27-206,396115.955802822,27945.17016005612
2008-27-237,480191.12492472486,23539.9607404694
2008-27-243,412223.4652093855,40477.00108796547
2008-27-234,503313.34785887226,33685.57342587806
2008-27-207,263399.0652040483,18832.08798817609
2008-27-199,516195.8284517543,58665.91973551815
2008-27-205,215828.62567975605,15237.465909094104
2008-27-203,542630.8001152223,75730.48155540146
2008-27-208,960948.7524802132,25462.41471934921
2008-27-242,487647.7980790834,35169.25050273123
2008-27-209,641671.3985078741,12628.443799648903
2008-27-210,252449.63392838897,14074.640531225696
2008-27-244,411257.5798271576,47736.46457616861
2008-27-214,1476412.6147118977,27109.848968842874
2008-27-215,315171.7099359007,4510.635713920261
2008-27-211,530313.3737639347,31429.837715667145
2008-27-212,463543.3043359016,7367.201080869184
2008-27-202,598090.24689763,59449.65814602831
2008-27-235,428402.232822336,24950.778752085465
2008-27-213,569552.5842422252,14689.25874479826
2008-27-194,390480.65363310697,29255.028470644727
2008-27-193,305406.846390062,25512.025653620112
2008-27-246,385596.1014461152,32861.91968773803
2008-27-238,380898.7514216832,24968.7008584165
2008-27-241,524646.7681296694,39694.17496220528
2008-27-201,532633.3351487131,57495.54232552095
2008-27-239,474423.9199036921,34461.79939904662
2008-27-200,489918.5330669416,51851.93949453425
2008-27-256,396219.2844001572,46052.10269491372
2008-27-245,460658.0769354812,48284.36748604638
2008-27-255,451448.3190633725,51272.42935459179
2008-27-240,450449.1148282533,28979.57708541024
2008-27-263,312649.60164559394,39642.62740236268
2008-27-254,524629.8844676794,52809.37241067944
2008-27-247,657275.1849952369,50306.095851187245
2008-27-262,364106.4913906463,29911.635941898727
2008-27-258,424541.72856866254,52138.7135480409
2008-27-257,433518.0784287631,40072.566322410414
2008-27-250,455115.8429673164,34280.08678873745
2008-27-248,189564.14598393335,5334.248327744856
2008-27-253,464386.7841968231,54433.813884350646
2008-27-252,362536.7671580706,45226.585385960585
2008-27-251,446536.02366176026,23345.791805129385
2008-27-264,310461.7938026852,34791.23673120174
2008-27-249,353273.66674122005,10372.382138391666
2008-27-259,392236.6965529832,33508.68818615867
2008-27-286,354856.77945485833,45313.41051439475
2008-27-265,270713.7471106862,29117.99830394356
2008-27-261,314227.87175463594,26848.56905603659
2008-27-285,373490.54735889385,34237.07311271702
2008-27-260,339378.40549503395,26249.953701745253
2008-27-277,328740.5915055919,29907.1944340123
2008-27-266,334001.26615369867,28992.60409326584
2008-27-288,363360.87731160194,51603.83637389509
2008-27-287,470436.5015455109,42911.36349641379
2008-27-283,336950.0218819776,21163.482331631614
2008-27-284,328243.851704146,32520.15067105818
2008-27-267,291157.7149220116,32257.483068624584
2008-27-281,607308.4771337337,40625.18197011875
2008-27-282,284768.59063678066,17573.569996934028
2008-27-278,647499.9301798139,37142.8990043135
2008-27-280,466160.9130521063,29601.0589810656
2008-27-275,438285.9890403607,30429.070597059108
2008-27-276,278452.6949503054,14995.659109826964
2008-27-279,232552.43728794405,12697.951107846442
2008-27-274,357827.0614412614,20044.66071327591
2008-27-268,318038.84033232665,35545.15144847549
2008-27-272,363316.6745597656,29909.895269862027
2008-27-273,475672.3407915797,34993.42667487246
2008-27-269,248193.20189984047,31083.57181173771
2008-27-271,389966.8383528678,38390.33846210328
2008-27-270,251107.81186976333,29693.357762337106
2008-27-104,474186.3505215622,36298.65916082234
2008-27-143,220557.15984689057,9687.182490543477
2008-27-190,537516.2155453933,35516.718916539656
2008-14-045,70574.85728103324,8963.163166340208
2008-14-048,81273.88475919541,4206.573542156519
2008-14-049,270554.9106522844,16868.976115432935
2008-14-052,82898.46904364221,7549.991515935699
2008-14-047,181391.2754953554,6701.221470110584
2008-14-044,102042.00620759989,11744.074563094357
2008-14-046,47753.97414545494,9566.191044723906
2008-14-050,40056.14566321337,3674.317560771946
2008-14-053,62659.06837444514,7734.395307244544
2008-14-043,52224.92082475978,4073.122945606709
2008-14-051,107433.98486472238,13627.512761759725
2008-14-001,22337.75245058494,5499.987094404991
2008-14-016,38569.92727777268,8722.614935965023
2008-14-017,24840.967380353337,5481.654591513325
2008-14-002,14626.930580274398,2592.6919253994565
2008-14-008,34964.8102047157,8653.047044713952
2008-14-009,29789.95717834829,4211.544428951864
2008-14-003,14466.591858821675,3938.8775683429694
2008-14-010,19006.523403662373,2217.1604132921675
2008-14-015,33778.49824872812,6359.260233082634
2008-14-054,56010.00938337736,5700.236045097932
2008-14-004,13252.05566956975,2505.902877958899
2008-14-011,35975.17978411593,3876.419820598901
2008-14-019,93326.54714943116,7972.491768857901
2008-14-018,52426.83736739867,8814.441694964082
2008-14-012,26817.256714900952,2386.586754181126
2008-14-013,29743.7484254271,2962.9819103552345
2008-14-014,29059.431529837053,3615.0812780265433
2008-14-007,13605.598505767372,2990.6041319775118
2008-14-040,45097.83693677206,5396.951546087628
2008-14-021,73935.22525637738,7592.722809654102
2008-14-005,62470.29051925123,7521.039307937772
2008-14-020,78312.40610259787,8250.094215992107
2008-14-006,86761.50334626561,7046.250804719195
2008-14-024,62520.16801646065,8832.448478578735
2008-14-022,61220.92204850613,7930.72206345373
2008-14-030,66937.06920914193,6097.986759986263
2008-14-025,53493.251727493065,5768.553863101512
2008-14-033,24420.935936227204,3677.152683029344
2008-14-032,29087.594957084224,6934.137456701152
2008-14-031,58624.20439416308,7974.440442772164
2008-14-026,34200.64999346771,5185.873748226717
2008-14-023,83207.32581632218,10846.305115883442
2008-14-035,62579.63845783984,9124.764195601929
2008-14-036,22067.83035091311,3035.758615329607
2008-14-042,63081.61578716034,4747.673892961582
2008-14-034,65883.68578341897,9600.988538644277
2008-14-057,97246.86166108923,11185.069649515031
2008-14-028,19229.73653702676,2936.1813925916795
2008-14-038,61782.63561393562,7949.171838769572
2008-14-027,64681.86132304249,10380.537096078651
2008-14-037,89446.16939396589,12152.078381674595
2008-14-029,48055.39300277367,6948.730053321036
2008-14-039,26569.479988534506,3408.4026683047414
2008-14-059,155716.0036558901,16868.979423977435
2008-14-041,83306.88142220126,6883.902671769232
2008-14-058,7009.823824575776,921.745269877887
2008-14-060,50797.48684866384,4450.901773551828
2008-17-010,44035.49711628144,3798.377867129515
2008-17-008,64548.57762590229,9548.94679159439
2008-17-009,72069.18694354911,5613.015562922553
2008-17-040,44223.6632201286,4374.27653566713
2008-17-044,55869.41217177129,6396.738447528784
2008-17-045,46517.92396936701,3917.410548403859
2008-17-039,39762.60242372148,3973.027513069636
2008-17-038,22684.38678816802,2134.5906716765603
2008-17-037,44752.34320295726,2606.795354107184
2008-17-046,77266.15015740717,3986.2248649761314
2008-17-011,56175.01095730689,7530.597955391626
2008-17-047,63826.08159504505,3729.584143642453
2008-17-033,43893.7740562057,5872.139082300477
2008-17-030,42307.98153350507,5170.50501943237
2008-17-049,128684.28560063554,8587.237987962802
2008-17-031,88084.35938154937,9374.250332535012
2008-17-041,63866.237165569386,7543.91319362307
2008-17-034,72659.92507536753,8962.318439647977
2008-17-042,54533.75639614615,3542.7371894433163
2008-17-012,56010.108333559954,8310.474026174925
2008-17-048,91425.64623714185,3755.824307014176
2008-17-001,87928.5048247512,12319.557037149483
2008-17-052,68969.36965950715,4622.628591318484
2008-17-032,84316.5590332478,12263.81292318352
2008-17-015,41981.03087473851,2959.4339706860774
2008-17-023,43652.93379055207,5563.477546484151
2008-17-004,67019.5050644274,5463.760878734407
2008-17-013,77349.31276055661,6449.26877753706
2008-17-050,75230.50759518414,4393.284264156071
2008-17-014,26533.940941506164,1360.856654848365
2008-17-043,59175.02881664447,8922.956685828842
2008-17-003,77240.92156249634,7875.076882339492
2008-17-016,62253.68683635233,3271.0597168518
2008-17-019,51102.82005317471,2619.6639814374794
2008-17-053,53705.67445677798,3867.826083959313
2008-17-018,43448.13855144349,2227.26502187722
2008-17-020,64677.71739803496,3885.072872368958
2008-17-017,64123.228302982825,3301.2687553549545
2008-17-021,79244.961113624,4062.303609150637
2008-17-058,48293.37701861306,5151.440562854987
2008-17-024,68584.24262015939,6843.193343297695
2008-17-022,94016.5950350796,6405.111332008906
2008-17-051,2314.978955152376,146.8309150049463
2008-17-002,66022.86429379557,9555.982859311624
2008-17-029,70141.92409356749,6153.104509188583
2008-17-056,41027.87143959686,4232.0369047399145
2008-17-054,27444.684925222096,2920.071374419029
2008-17-059,62146.19175264864,5316.361485565081
2008-17-025,61609.26524925012,5683.229968135245
2008-17-036,77488.44594431654,7878.338142094246
2008-17-005,86697.69874853043,11176.170393873006
2008-17-055,27884.823160628355,2935.7608305620743
2008-17-028,27012.82446405394,3007.910688344622
2008-17-006,72576.6026404765,12079.711714652076
2008-17-035,60590.13521536718,4230.495416788501
2008-17-007,76041.22573910805,6388.960890431817
2008-17-027,54711.32248120486,3528.732929406571
2008-17-057,24831.94922882255,2568.1650749255205
2008-17-026,109104.69364730096,5640.460500892892
2008-17-060,41750.15684432,4652.937022996246
2008-15-006,40430.96849964235,2300.1125571629964
2008-15-007,28228.60553110972,2940.4439540384337
2008-15-001,42700.92242291485,2316.191304685781
2008-15-005,46191.49928425491,2636.2640270143747
2008-15-004,26836.513370473032,2544.1851813518733
2008-15-003,42840.248570961216,2800.4145406814205
2008-15-008,24136.3078200265,2510.009544238448
2008-15-021,25376.76881144389,2454.85001784563
2008-15-023,19376.59062108383,2078.5466196238995
2008-15-013,42505.351984080095,1944.5966665266133
2008-15-015,51416.19580191855,2306.2154023738112
2008-15-010,21797.946981761976,977.025676222007
2008-15-012,2484.1413951570707,111.3439686987549
2008-15-011,16841.270858190586,754.8579718277615
2008-15-002,31310.675195321364,2234.494685560523
2008-15-016,38906.31933853525,1743.8556480959523
2008-15-014,33107.42645205493,1483.938177496846
2008-15-009,38846.56659546647,3028.478255726397
2008-15-018,40354.86177371376,1808.7820906389495
2008-15-019,49504.569491197246,2218.889491000484
2008-15-017,40734.50743399785,1825.798535273585
2008-15-020,50408.82664403518,3516.306088618934
2008-15-022,26431.74464771174,2417.153273881413
2008-15-027,21702.49130973639,1925.448734179372
2008-15-024,40765.8456202303,4465.561702765524
2008-15-025,25323.368688722312,2151.4532889574766
2008-15-034,20268.607570138225,1685.3408936187625
2008-15-026,25471.19116354961,2259.8084286247467
2008-15-028,23440.974552409625,2577.253804087639
2008-15-032,8067.223958611768,680.276674836874
2008-15-035,43452.72841082376,3531.1479327068664
2008-15-030,20502.568490674603,1506.8238086554338
2008-15-029,24447.30681123705,2325.1211037673056
2008-15-031,42688.41585568763,2830.879014465958
2008-15-033,33709.76370745256,2270.9405000166157
2008-15-038,20446.18164571108,1716.2178448783234
2008-15-036,30234.00173678149,2437.0286025739624
2008-15-037,103563.41890557476,6833.320399357006
2008-15-039,20255.540705334555,2184.6193858359475
2008-15-040,45187.08158320608,2951.5573764159344
2008-13-041,39288.5110228965,1930.4580197610196
2008-13-043,28666.749013304616,2757.568220809957
2008-13-042,10667.9882313549,1722.988632661989
2008-13-049,8535.810207199449,1959.459266770631
2008-13-021,21710.05427972437,2126.2617979049683
2008-13-044,12112.316889204843,965.0161504486404
2008-13-046,31843.117517211,3009.6480676252395
2008-13-047,20590.037745628106,1609.507528182643
2008-13-030,19679.80772989361,2699.6620920527494
2008-13-045,13152.561099312805,1824.960530099772
2008-13-050,12948.943800763,2550.789596300572
2008-13-022,18558.79152320804,1438.7179553210735
2008-13-029,7762.324356062034,1031.6764991950477
2008-13-048,31581.75713652125,1857.5476199015973
2008-13-055,33246.09556203572,2086.127508636564
2008-13-040,70415.61160245688,10596.44937790716
2008-13-051,13696.653438688774,1059.970941750682
2008-13-024,39793.46252661843,4100.427518342913
2008-13-023,14910.232258269967,1747.5434963543669
2008-13-028,10299.794976024175,1379.4661511856248
2008-13-056,20065.421269133072,2136.929096167907
2008-13-054,55060.804666100215,4191.85355869669
2008-13-052,32406.98606999519,2288.212495192827
2008-13-025,2869.9265714098838,294.75107830017805
2008-13-027,21114.14121891333,2477.65574297533
2008-13-026,5990.964968086889,703.0145628583796
2008-13-053,19085.499569222244,1536.2834383822046
2008-13-039,27077.76046413073,1660.0217964053154
2008-13-031,8320.994706021005,1078.9181478712708
2008-13-037,14098.3706788141,1145.6052553299814
2008-13-033,11517.053928338248,929.605254136026
2008-13-032,12185.872143940727,1555.9337244600756
2008-13-057,18784.01896458268,1826.709223668091
2008-13-058,31352.17091986743,2651.0561545882374
2008-13-038,71789.18048856234,4227.421283612377
2008-13-035,30582.0022060658,3070.866733111759
2008-13-034,19954.14541762984,1620.8979494804516
2008-13-036,28739.40179266137,3142.4192786067724
2008-13-059,23989.586260650365,3463.492451189064
2008-13-060,29647.020307794493,4192.9179927464575
2008-13-012,67256.76751166864,2883.5661237319
2008-13-013,9670.161556367028,1493.8659598827362
2008-13-001,98187.80176021466,10353.231704826794
2008-13-019,36067.03587979719,4845.061385183479
2008-13-004,30606.06378134625,3343.2249533040304
2008-13-002,212469.2480392776,6148.838527439502
2008-13-011,19535.04522230308,6224.336113917914
2008-13-003,57175.97334710449,6029.669048861066
2008-13-005,25046.693850889984,6033.867296486889
2008-13-018,36120.35224254843,2591.4648276697844
2008-13-020,40040.25405417712,4819.54307942931
2008-13-008,142851.15301548952,2783.753065961738
2008-13-017,25574.72486160642,2131.4119019659256
2008-13-010,12653.56367342554,3185.955513267804
2008-13-006,55149.55051429277,6048.162497842743
2008-13-007,49369.09259483183,8214.371376990806
2008-13-009,25488.928829385623,3661.295403137803
2008-13-014,23323.952180423374,2068.234500715509
2008-13-015,12664.089984983177,923.2515997290612
2008-13-016,41227.40338007631,3724.5223303735256
2008-21-028,296286.64992041694,22021.206297225795
2008-21-008,307421.2108271373,41532.48421378143
2008-21-010,373910.9620536509,40768.90763991143
2008-21-013,320907.68801043107,33799.20737029204
2008-21-027,281113.36690839287,26513.769738679995
2008-21-012,562225.6921613861,19193.55619340634
2008-21-029,316629.9278017786,28285.653465226533
2008-21-009,322829.5152989325,41842.38699636675
2008-21-011,41654.880933009365,5326.62852564367
2008-21-026,317774.9675080697,29527.857661968177
2008-21-015,334990.8691377392,42281.61689577734
2008-21-025,348688.21049103944,30638.119717933885
2008-21-034,363643.7192072813,20953.39615190657
2008-21-014,355327.1787474199,46476.77967390279
2008-21-007,309935.77355266665,31417.9257393699
2008-21-033,342008.6678338956,25482.11400015134
2008-21-024,344590.24801593326,33715.12693646598
2008-21-035,326904.49681448244,10450.148271577847
2008-21-023,318888.2319250707,36102.78587565133
2008-21-006,305789.4876437767,23898.247023819717
2008-21-030,298906.9839110332,29605.407269435225
2008-21-032,276971.8902167082,16459.84775879402
2008-21-020,361388.0834859245,41038.87131111544
2008-21-036,312843.17711791873,10877.169037123247
2008-21-016,314658.0266653225,25194.487013891536
2008-21-019,348776.97348065325,38673.91580599784
2008-21-037,318622.25176437903,9818.957912726502
2008-21-031,289913.8794823217,18417.121457855374
2008-21-005,278404.32992755214,19078.97464287124
2008-21-059,245485.45180167828,26280.57353355264
2008-21-039,310501.5587660273,19520.465887065657
2008-21-038,307086.26794569043,13972.178137680658
2008-21-021,342768.58144024725,22739.507016733663
2008-21-004,258642.8466205269,16945.81303813529
2008-21-040,275609.84792492085,13020.146492475586
2008-21-022,289879.3605254672,10867.433846889531
2008-21-017,205845.9539441142,17146.255341882403
2008-21-018,354745.667514806,32877.83019316266
2008-21-041,305639.3543504103,6132.057546850323
2008-21-003,295262.5881827594,17578.66197413788
2008-21-042,305792.85896483366,8460.351285472856
2008-21-043,249781.7910344821,9346.488926881022
2008-21-002,327310.6569757599,17155.18887682499
2008-21-045,256615.26879622132,6263.982870163862
2008-21-001,344588.9253940706,26330.57718133691
2008-21-058,307314.4085234526,23870.55931752965
2008-21-062,319195.49528360955,31612.9878418856
2008-21-064,304213.8255947055,19697.131431741374
2008-21-054,271433.5570390421,19711.43266771015
2008-21-044,398578.72179778735,11472.857521614524
2008-21-060,233046.17129001548,25285.31206758577
2008-21-065,339592.0295411476,19424.761448058354
2008-21-071,347719.0771551939,32264.21376369628
2008-21-063,329026.80095154035,28792.361952740237
2008-21-053,313941.9408389682,10103.692087471252
2008-21-066,357837.5390678722,18105.533174828972
2008-21-046,347432.39681755385,6073.679541663648
2008-21-047,357960.9419589181,13176.630710061334
2008-21-057,319893.76828748366,17565.43684854475
2008-21-052,303669.3870721937,6691.18431052455
2008-21-067,404686.61307199625,25018.456051170306
2008-21-061,234151.66798991276,24162.309445394
2008-21-086,247943.65546751127,20066.83780822158
2008-21-056,342678.10131582414,22363.642021524545
2008-21-051,280694.77538883296,9380.6992004353
2008-21-055,390943.8384763359,18551.7853617568
2008-21-068,391539.4286067495,22267.22527279838
2008-21-048,354917.3466461673,6379.167577913497
2008-21-085,268290.4977300187,20379.543757705014
2008-21-049,203026.02541637843,5631.617415164132
2008-21-099,322769.13596932,10798.4188804538
2008-21-098,337269.7576492971,7392.875186115212
2008-21-050,296767.4742503107,9696.683265877946
2008-21-094,294604.8546320091,13222.230034956288
2008-21-084,279022.8939675199,33753.12107476214
2008-21-089,276078.27597355976,14500.257590929192
2008-21-095,312172.99510551244,10408.192475798714
2008-21-097,367103.72983169946,9017.935098675836
2008-21-070,425889.6157801072,25140.31682270668
2008-21-096,323418.5525051194,8504.15090213214
2008-21-091,428489.52134745975,14501.538816926448
2008-21-087,306901.8292829381,12915.031492433336
2008-21-069,388247.6575527977,22620.906332513758
2008-21-121,254785.33381568652,17237.516013817076
2008-21-088,289544.5394198022,11362.06026215048
2008-21-100,303891.1458248028,7708.250721390184
2008-21-090,250709.19765844164,5051.887571853302
2008-21-072,358945.04554169736,32233.132702171937
2008-21-093,339440.0689307144,13626.88908168744
2008-21-081,318933.63332686207,19151.409174355853
2008-21-082,253301.61289094447,22448.768922724023
2008-21-115,288683.4701495132,29211.7529527949
2008-21-120,239757.6645228809,11509.46130433667
2008-21-113,521494.33865827386,19325.961669680397
2008-21-102,282524.03728175786,10565.359811674283
2008-21-092,288779.32034795283,9650.332593478455
2008-21-111,240970.0536172088,10766.2439212327
2008-21-101,339165.9719733173,14168.857164010757
2008-21-083,287708.89289314614,26622.290991476504
2008-21-114,467416.3978883965,22205.512945683306
2008-21-104,268172.36444553226,9904.42871496667
2008-21-116,283035.9993245575,15963.193541044257
2008-21-112,68806.76640043722,2342.9206251073774
2008-21-103,342066.657068445,8313.273756340262
2008-21-123,277362.673177907,15470.458363725338
2008-21-122,277204.375633765,13661.813181714851
2008-21-110,300925.92146213684,15105.77053152761
2008-21-117,373492.9567543549,16266.25672458746
2008-21-080,378162.3488846805,22575.46428941196
2008-21-119,277243.4506239152,11338.974198340546
2008-21-078,385912.8235347633,22477.39102238273
2008-21-106,254753.0311149504,9599.535074088926
2008-21-073,316370.5286491567,23661.97083174804
2008-21-109,327399.4300969184,7413.972075465208
2008-21-077,391916.093157663,24031.22837244902
2008-21-105,293348.95683963166,8619.140732453063
2008-21-139,358058.1637968422,19057.427934721985
2008-21-079,349657.6920745904,26290.139878646383
2008-21-107,393788.7196689865,15004.868122115178
2008-21-124,351867.319689709,12241.498723004945
2008-21-108,263667.9803370904,11130.30955807192
2008-21-118,289959.6572476336,9176.71729895845
2008-21-129,248035.16381198843,11230.052892155623
2008-21-074,378239.5201609891,27450.563541672847
2008-21-125,307705.94667070446,12511.32075158076
2008-21-126,260240.5962780173,11391.430572834435
2008-21-128,271335.43104521814,10538.752423535858
2008-21-130,257911.65036399796,7888.552733496414
2008-21-138,334939.8521830036,17013.3141784349
2008-21-136,349867.58107406576,21112.27971943196
2008-21-131,235468.1578048109,10402.197104260516
2008-21-076,318140.7084926426,23958.6095624489
2008-21-140,409927.49135871336,18874.250601435317
2008-21-127,329542.09601481335,14064.413397836994
2008-21-075,375235.2308547337,20702.616506983926
2008-21-134,358151.1799174914,10956.993280665049
2008-21-132,268948.20949502266,15577.567608510511
2008-21-133,351325.5556943144,10932.342512556432
2008-21-135,291832.8539051589,11450.010003221048
2008-21-142,372594.65992275137,22333.573690014116
2008-21-141,278440.7830696289,11662.719228355032
2008-21-143,306451.5695186795,16156.292791301865
2008-21-137,278924.2205860592,11320.99407287884
2008-21-144,315357.0830932457,19204.51262972076
2008-21-145,274947.0977200089,14651.003022520206
2008-21-147,351039.2147041489,21224.824150717817
2008-21-146,385852.72531489225,33982.88497299369
2008-34-030,45988.472164555234,1420.382309449713
2008-34-011,37241.85850947938,1026.9724016976545
2008-34-008,93251.98974288577,2665.7265297997174
2008-34-010,41853.868613513696,1434.3655884928214
2008-34-013,16460.882441974576,818.605380184832
2008-34-009,51195.04464533028,1197.573331605072
2008-34-014,38148.53231248359,1066.2554645602663
2008-34-006,40677.29273613061,1487.7091847755964
2008-34-017,10888.34407312061,304.12167010479607
2008-34-005,80782.94381596058,4653.289211225701
2008-34-016,16536.99575313045,461.8938135297704
2008-34-015,14634.173516416757,408.74620240950026
2008-34-018,51755.39993674349,1445.576899481006
2008-34-019,64441.58906585562,1799.9140695136157
2008-34-020,59249.961244643135,2034.2839443039848
2008-34-024,53212.71331250252,4437.08714219465
2008-34-025,32356.24399871169,2879.76627594567
2008-34-026,61806.10057252174,4987.786083532861
2008-34-027,32663.909217211,2649.915268253526
2008-34-001,36089.8603050601,2471.595031838202
2008-34-002,60470.70271887378,4191.091747185914
2008-34-003,44375.2469574773,3057.039115142097
2008-34-004,48290.23079493474,3077.7945384780687
2008-34-007,63971.21906919083,1651.0968223225973
2008-34-012,73822.15463934327,1824.6507819895637
2008-34-021,47389.13536660149,2781.5484588439613
2008-34-022,39012.97344971189,2508.87752527211
2008-34-023,58437.07625302878,3429.8540353957324
2008-34-028,46646.92071513402,3592.314910089339
2008-34-029,43235.29164761866,2953.098091478736
2008-03-001,351940.6797757533,40296.71484070833
2008-03-002,221592.96979762884,24740.7584709772
2008-03-003,182910.98971311023,20437.13476115532
2008-03-005,302503.17828545324,30706.047576199217
2008-03-010,228625.4984681266,25454.25360524731
2008-03-004,258644.7266051433,26734.71290377622
2008-03-039,256664.3673133019,39886.63578980083
2008-03-011,238871.25100853355,33818.18103454112
2008-03-006,156738.77825700236,17832.33211165898
2008-03-040,206979.04462192985,31791.009483016045
2008-03-009,265792.2802774741,27277.067742583444
2008-03-012,290292.6045735183,47177.70000318447
2008-03-013,611730.6243851245,29306.714974242168
2008-03-007,195310.65812522708,20711.298702606942
2008-03-041,249578.66559744577,36697.62311387267
2008-03-042,315916.2745371232,48623.96694052093
2008-03-008,296364.96343862754,31683.3530803627
2008-03-020,391479.567025782,70323.36871325398
2008-03-014,754885.8238281286,42441.06903375559
2008-03-018,142370.62062997525,7742.989626811999
2008-03-015,30702.331662347056,5920.334742756953
2008-03-043,165205.00873521547,25538.37220183477
2008-03-016,17115.947764095323,3952.571975201064
2008-03-025,410000.5517810634,47830.463843685575
2008-03-026,189297.59459688287,28327.78200104631
2008-03-017,41524.99600454261,2405.6306726277685
2008-03-038,352439.1481262843,39396.28008586439
2008-03-019,66327.05331312597,3774.616400868456
2008-03-021,308087.4457144585,39360.00853088702
2008-03-033,786685.5970647675,61602.31273679304
2008-03-024,253005.04027051863,32402.86837794901
2008-03-044,229311.0488002034,36430.74346141168
2008-03-027,182563.35644243687,25298.252043991564
2008-03-028,213643.1850598067,31809.29026317843
2008-03-022,313287.79379520664,42349.4968557801
2008-03-049,216866.0367037396,32406.942775705596
2008-03-036,121545.7580775894,12894.153361543282
2008-03-045,230167.43995536628,37980.458004986765
2008-03-029,254034.07918082963,37024.00520169966
2008-03-035,77758.30118835137,14645.113053878444
2008-03-034,80956.35493748674,6299.719219989125
2008-03-023,161186.99341199643,22254.038622691063
2008-03-037,203095.38689565324,33905.25141555563
2008-03-046,210548.09849308216,42075.43315368943
2008-03-050,202638.10015437155,27761.446980421304
2008-03-031,275000.14875309163,50444.13156756623
2008-03-048,193839.27561097985,33222.64051806598
2008-03-032,252988.0680221108,42637.69248724251
2008-03-047,207896.81849523357,41094.557792796186
2008-03-030,272989.9036446868,40948.66344896525
2008-03-075,319076.8534656272,42714.99519202244
2008-03-076,243921.14338791257,30328.12645894312
2008-03-074,279449.2908875808,43339.09224390987
2008-03-077,310251.2331599083,39006.11009004309
2008-03-059,1074020.4782676136,64155.87002188633
2008-03-058,252435.73967219755,35745.57627495698
2008-03-066,585282.2323176253,77942.0900250008
2008-03-051,264926.038184841,38871.63057627486
2008-03-070,252172.13475157725,42822.03134066918
2008-03-068,260903.5319296,49336.02610050095
2008-03-065,42358.09596581688,3019.959510421395
2008-03-060,164315.96224016126,9744.013646709234
2008-03-063,88800.24644580777,5266.528375325801
2008-03-052,475416.3257036797,53563.03979269848
2008-03-064,82577.541573661,12149.393296624614
2008-03-061,154915.48721721215,14749.605248585189
2008-03-062,44786.66337909113,7238.749211626377
2008-03-054,208257.99479319615,26778.265880463383
2008-03-073,208783.7255727341,32234.64898992947
2008-03-078,268625.6919690189,36067.20025063545
2008-03-071,285310.7542725488,37103.10798871904
2008-03-067,400371.7095050431,30194.229454429355
2008-03-087,241695.17345185415,38230.66946483299
2008-03-069,223651.19824799028,28812.41844982711
2008-03-057,190322.353930529,22860.643641006754
2008-03-072,212072.77316025167,34066.07050036045
2008-03-053,728860.1167296207,34794.60133068812
2008-03-088,187880.50291120505,29243.195043346263
2008-03-056,275697.02546202595,25712.41780317987
2008-03-055,167183.6470491954,21745.32809380221
2008-03-106,253206.2056759359,26692.664432276608
2008-03-089,215868.33244630415,28598.500372433435
2008-03-112,462805.9578202519,49481.4128977525
2008-03-086,352070.788597368,38654.69410558479
2008-03-079,314070.17667219875,38966.61625038266
2008-03-105,212887.02783250785,23753.774805358797
2008-03-111,241653.16756024663,27200.017747208643
2008-03-104,235254.94513531783,29215.217061391137
2008-03-090,248830.5806496435,37708.58591611585
2008-03-109,301081.7577675304,33020.60120960701
2008-03-113,269846.55152414256,33270.62620319716
2008-03-102,242019.27821541543,31084.305046548845
2008-03-080,280901.4644291813,32637.873028347407
2008-03-107,229238.3284577377,30399.79686894005
2008-03-110,161683.969994818,16799.9914914708
2008-03-084,207582.77545656404,31305.67892254898
2008-03-085,271115.309525065,33331.555195635534
2008-03-103,280902.10832257045,34274.39617763183
2008-03-091,427801.1757409546,50174.42528088057
2008-03-116,392006.2419633411,42888.19616753208
2008-03-115,264868.3824711412,25652.876072433
2008-03-108,212102.6039896125,34529.84474526618
2008-03-095,187727.94436305368,27698.932619953248
2008-03-082,282538.0030426985,41998.182602804285
2008-03-101,282150.6092955361,39591.58534914452
2008-03-083,287687.6846167648,36965.32413298605
2008-03-093,322909.65910556016,36337.92094925485
2008-03-092,185588.8537532027,20899.372683114278
2008-03-096,197627.81106884195,36954.42532872883
2008-03-100,281118.20877179323,36124.07542404338
2008-03-117,309204.2964419291,35626.57407932412
2008-03-081,170772.63078588038,26488.0891187514
2008-03-094,346015.4299485249,38265.46879002771
2008-03-097,299291.0805448588,46638.17553939009
2008-03-098,275974.9296598339,38278.30827060835
2008-03-099,257669.5614136208,31654.95891620088
2008-08-001,459735.0077541473,73262.06709881964
2008-08-003,433429.7981819732,62091.71894355993
2008-08-002,151109.81637862633,22896.282486794284
2008-08-008,473616.7147142472,61429.61306396293
2008-08-005,453364.06186591176,81541.50927071455
2008-08-009,344115.1582531632,68833.29836545416
2008-08-004,318436.5322982965,59167.53886173095
2008-08-010,353775.6616006031,56685.74584726369
2008-08-011,424410.8710602191,57096.50249394278
2008-08-006,323681.35704617586,72428.55795801131
2008-08-016,634589.8764750692,59795.16085626509
2008-08-012,490373.0126184074,78737.81845555094
2008-08-019,320828.1324677037,49416.31789621432
2008-08-020,306793.4848344489,49225.57399981579
2008-08-021,421858.36008173233,60392.693590505085
2008-08-022,337829.8559334644,42146.09891431414
2008-08-025,400077.4541969975,70689.06183269787
2008-08-028,290484.04578592064,46855.43320234151
2008-08-026,396587.49004095024,68781.24728830592
2008-08-015,548175.4128084858,72935.75401374866
2008-08-017,368465.362247185,60996.84278675071
2008-08-027,364544.77537658944,59369.51590173855
2008-08-059,489091.8065286817,49968.41303705768
2008-08-023,368371.3567682746,40243.12774357015
2008-08-032,369221.6197850706,41625.94250421244
2008-08-062,341365.51852283586,38627.12243186944
2008-08-060,391832.44394897774,27502.367761032398
2008-08-031,304544.6312981134,39429.23118266156
2008-08-061,385088.0390845123,44574.39188748756
2008-08-013,326401.1353502409,18773.918949510917
2008-08-029,367301.0133559691,57589.76823109134
2008-08-030,295934.2869492222,57308.734078386246
2008-08-132,429068.0513621064,62235.85306356831
2008-08-014,205557.86404679663,11139.634133612397
2008-08-133,407234.9979063188,59557.38553796583
2008-08-024,417027.6206397907,49915.13662512314
2008-08-033,362755.7668812298,54721.91638753073
2008-08-038,484155.686880717,49797.97001246788
2008-08-040,343386.4226475743,26141.224741149228
2008-08-063,405362.51414136286,40600.98527857981
2008-08-035,331309.53086437046,50484.8230577684
2008-08-018,462809.6329670472,58187.698513276366
2008-08-070,445864.9572347114,24110.29544796625
2008-08-034,451646.8251469131,71352.24044530517
2008-08-067,419111.5421708496,25652.789520459453
2008-08-065,585297.7348569976,49274.74176351428
2008-08-037,344274.4507159421,61347.68605595555
2008-08-106,381435.528332106,51550.521716540425
2008-08-039,293547.1106611637,48755.9820553637
2008-08-071,463733.1471986588,28662.91961020905
2008-08-066,266034.4555357652,23091.759326483832
2008-08-041,377075.39706324326,29637.404152668696
2008-08-122,489202.352622236,64786.56484276513
2008-08-036,367452.6306473648,65794.02033128387
2008-08-072,365848.87563396624,20500.8519516084
2008-08-109,382521.2290050621,45981.59412221661
2008-08-108,357471.7229131167,46266.18339889096
2008-08-064,375602.4145980544,30812.541929812083
2008-08-107,355497.2278235022,47990.71039778904
2008-08-069,403442.8220972303,27348.776874507137
2008-08-068,335682.4416545245,28157.56835902117
2008-08-042,343015.43551278434,39063.29421489719
2008-08-115,365428.3357238305,57365.63285520546
2008-08-043,290955.004617159,46583.38460456196
2008-08-110,459855.6211009633,74106.90339919936
2008-08-073,360872.8099600163,21183.1372163636
2008-08-123,487282.17304705386,73076.35879262451
2008-08-074,464576.06349041854,31254.018354494543
2008-08-044,392624.834504587,47680.28341744327
2008-08-048,251542.20536972777,27358.754651788226
2008-08-047,760106.6840855652,79775.48169928932
2008-08-113,276898.7455860948,34617.51288672172
2008-08-114,474440.2202788228,54818.24109031072
2008-08-086,265218.6112855808,26353.151731180376
2008-08-085,468734.0332333744,37363.522795969766
2008-08-046,1569526.2924618954,84873.58299213857
2008-08-075,366903.49729483953,28758.023807389352
2008-08-112,305799.26258061343,43501.99067100033
2008-08-088,379675.975130776,33365.203658242775
2008-08-076,410368.2137934773,22586.706927158728
2008-08-049,128014.42918942824,6283.765197493011
2008-08-050,522849.93886615033,23400.74780256366
2008-08-081,336964.0101081269,29490.767459639872
2008-08-057,354768.2904047495,47472.24471274194
2008-08-087,567923.4234038774,41834.76334228349
2008-08-099,662529.3486998698,56599.31403432488
2008-08-125,412151.6746918173,61810.343049331146
2008-08-053,286227.8367668913,12926.27298163393
2008-08-051,238294.9068748224,11149.65067081836
2008-08-080,372597.93833908095,18947.89453264492
2008-08-052,77229.10456222696,3303.5343591546625
2008-08-078,376992.3473597213,18976.28807602427
2008-08-079,391227.5930512322,21497.56966178748
2008-08-054,186350.27908550407,13607.520305180624
2008-08-045,413207.29672401474,37925.56432876515
2008-08-056,782468.4561775137,85090.15672764365
2008-08-126,558935.6324835037,55081.54284386784
2008-08-055,286519.51312482066,32970.5921742193
2008-08-082,481742.84662467695,23391.002704789367
2008-08-077,316035.55606601684,16570.64828938141
2008-08-111,390563.455629249,55587.56571491704
2008-08-124,430802.7274537467,66960.56686592853
2008-08-098,460203.5696585071,43727.93305583536
2008-08-083,388216.7836367414,16136.154969975236
2008-08-058,388316.8481829938,40032.83884077994
2008-08-089,446718.5644165556,37471.1327856822
2008-08-091,325703.23682202067,37073.95819186403
2008-08-090,403923.4623240804,29637.842448851094
2008-08-094,378934.85063870647,36962.23638773459
2008-08-084,485016.4720069229,28306.802578280447
2008-08-095,396495.1652321939,42521.55752756027
2008-08-100,156849.22549479734,12326.134669701518
2008-08-134,526971.0116480312,66641.46737408626
2008-08-131,433965.7783513693,47728.23950150685
2008-08-102,331289.0521812424,33926.20564099384
2008-08-130,969308.958325334,66419.93484563197
2008-08-101,149428.88749409118,11743.00086586662
2008-08-116,403580.7826785001,55712.93149461421
2008-08-127,329085.75065495213,22276.352634902083
2008-08-092,330245.7978424962,31980.778540796677
2008-08-136,425689.0618484409,49882.6732832595
2008-08-129,217647.6013884965,14732.92206977174
2008-08-128,194014.476528174,13133.15719935164
2008-08-137,443575.18215734215,45711.528245069145
2008-08-096,395436.3849170663,28595.3591481233
2008-08-093,445410.5862876021,39172.76185356697
2008-08-105,401026.52319921553,34206.75587132748
2008-08-104,366375.8183887573,34264.3602032772
2008-08-117,267852.4323426564,44015.052905347286
2008-08-097,417472.8962786679,39851.65605671867
2008-08-118,264408.04807327635,32687.554475935525
2008-08-135,580642.5347423056,48838.35763072799
2008-08-177,422997.0099117667,34063.81603652905
2008-08-138,431070.72552000807,51926.80603564193
2008-08-121,357958.4277523456,39673.815077749794
2008-08-119,424243.49204226834,47220.46815529246
2008-08-181,422808.4759662541,34052.22715782925
2008-08-185,418643.019433506,35751.00938797738
2008-08-184,406667.32370149577,49457.60027353029
2008-08-187,266860.18920809607,27158.2672575076
2008-08-141,358334.27806612046,36110.98406177008
2008-08-182,387269.3838298999,33469.56052572421
2008-08-178,548114.8560191774,42737.75205668913
2008-08-139,385611.86708176334,49365.294551079634
2008-08-140,497488.79603672365,62310.15533271925
2008-08-186,474373.0122433355,47627.79167086363
2008-08-142,451027.29705777066,48210.88900043695
2008-08-183,386512.76950257807,35439.92232167877
2008-08-179,324742.7125743412,22324.94682543632
2008-08-120,493071.7074551432,48139.466034353536
2008-08-194,361299.0162012297,31977.75131760468
2008-08-193,346716.09024093,28177.879039375795
2008-08-180,270032.37426537275,19544.08212924364
2008-08-143,403129.43010481953,44471.516800697966
2008-08-188,344382.50225726154,26087.57735210407
2008-08-191,689307.4735373163,33251.25631634259
2008-08-146,389860.1095175808,43116.59848294337
2008-08-189,352380.6010090476,17093.398979350866
2008-08-175,374763.9595180945,36721.07862139859
2008-08-167,479307.6832387717,37163.58663474288
2008-08-190,160704.53446276186,7747.932233721236
2008-08-195,331214.1323096478,27121.734429374468
2008-08-192,434516.57021373423,25842.63415697962
2008-08-144,569304.3962841027,62080.62106810233
2008-08-149,425399.5323464744,36881.30265670235
2008-08-169,361793.7091706237,34347.34972178574
2008-08-145,430806.2440891379,51763.748939232246
2008-08-176,340798.1876640343,33460.535182686755
2008-08-147,434253.7906779954,31119.28904741138
2008-08-154,336181.87169006804,39868.748974171365
2008-08-196,377358.12004196126,27620.258620331995
2008-08-199,353322.4489223246,24357.48515709233
2008-08-148,407714.8902313445,48052.26720357842
2008-08-155,444790.0856192383,45287.53637592176
2008-08-171,462296.1556731777,50446.93515056319
2008-08-198,466034.89384759,29348.554814970357
2008-08-150,426205.8827223441,61564.333405118734
2008-08-152,544604.2276209849,55436.31594339243
2008-08-153,204146.5842569602,19726.74920025705
2008-08-197,390714.9657228828,28114.035582458837
2008-08-200,421368.9555727087,26306.42660281137
2008-08-156,535672.6830155646,48667.56059454981
2008-08-157,503562.4659890699,52825.8686301724
2008-08-151,426965.5065397181,65888.42597493026
2008-08-172,338240.68421640754,43528.845271247206
2008-08-159,441948.3600240175,58301.13625826221
2008-08-158,248480.03106452373,46805.11095936733
2008-08-162,390689.9036734459,61242.48694786584
2008-08-160,481376.4872459533,52088.19808893935
2008-08-163,401806.769422935,41159.78987022144
2008-08-161,474966.3727705106,50777.925029485625
2008-08-164,556054.1035781773,46256.6492597232
2008-08-165,482954.955251324,45537.52743565869
2008-08-166,490060.1343726858,50906.20523678352
2008-08-174,241483.85909510957,27717.351375605213
2008-08-173,329105.3554720776,29660.78476037074
2008-08-170,397754.30108248966,45235.40184977499
2008-08-103,394962.81821094686,32052.23542601378
2008-08-007,387754.32058533886,64163.37041256431
2008-08-168,408501.2463831407,42130.59411637284
2008-11-031,7879.641156819112,3192.350669950247
2008-11-030,20986.35770030814,3348.917956589721
2008-11-002,32277.542263668314,3192.617554607652
2008-11-001,21722.902014226875,2148.643094976564
2008-11-032,5702.118010694434,1001.2589241759852
2008-11-009,20877.678076801563,3519.659065015614
2008-11-029,42492.3358832848,3523.7231301046268
2008-11-015,21988.09902365186,3740.953021336495
2008-11-016,24757.682503216827,1606.319390562654
2008-11-028,32754.50431135408,2119.529441900508
2008-11-023,16190.9655969771,1047.710200385889
2008-11-003,25132.377460294592,3209.4852776937187
2008-11-027,11050.956937238032,715.1025204655598
2008-11-020,27059.23030503534,3035.417115756645
2008-11-024,58032.07818216886,4053.520693077968
2008-11-025,9871.60489985936,638.7871733661741
2008-11-021,12950.32555192337,1978.7753430327648
2008-11-026,3398.667068254286,219.92623811086605
2008-11-017,16795.70943302062,1090.389152789372
2008-11-022,27104.95066127503,2465.202746257316
2008-11-004,11772.629009592936,1514.2006571390666
2008-11-014,26282.209159403454,3747.689012088697
2008-11-006,17867.77358257127,3031.3075183429755
2008-11-005,14101.439177941507,2454.7113691357663
2008-11-019,16872.589818557954,2520.3515434791334
2008-11-018,13337.559972213025,919.9116312913357
2008-11-010,19141.053942940616,2427.499059038819
2008-11-013,28339.38147469668,3605.7429903390585
2008-11-011,14410.973261659276,1825.217670265025
2008-11-007,12335.696708357833,2123.4056167495955
2008-11-008,6929.97378630806,1211.765157194808
2008-11-012,23866.675322187948,3072.534016583115
2008-33-002,334283.7991978333,44067.72251287658
2008-33-001,436539.616490004,41850.775628176016
2008-33-003,444141.6702461868,26400.96675635865
2008-33-004,349222.2173610777,30188.904128607493
2008-33-005,817766.7076978745,45404.95273446318
2008-33-009,899689.1844784814,59345.39723738715
2008-33-010,218174.60714804835,9562.965899567382
2008-33-038,248704.96712040287,18273.191842973392
2008-33-012,360539.354223161,8554.412013633351
2008-33-040,354467.06411526044,33322.34230355147
2008-33-011,132908.5286045131,3347.3569399806865
2008-33-006,585968.9457576389,28590.079016948657
2008-33-013,399252.49112408445,10798.413463693025
2008-33-039,366337.07384127536,29139.144335968456
2008-33-018,222317.16323248672,4547.550455247743
2008-33-017,131762.28552615253,2697.434401189296
2008-33-014,300565.9010869785,6359.182928024621
2008-33-008,193947.41540703247,14417.582862515414
2008-33-015,132058.8092603055,2701.2943555021197
2008-33-016,240903.7894857469,4927.744316353937
2008-33-021,424262.1561643701,9041.337283431583
2008-33-045,406112.7402206868,30555.154070905595
2008-33-022,824405.2456254791,20327.0857488438
2008-33-007,249231.97984603496,19314.465394077823
2008-33-020,307660.9010187586,6293.276911898072
2008-33-046,440749.0754631557,26666.77016254526
2008-33-024,259673.6300646792,5311.685870071915
2008-33-041,304434.3296468295,29676.010795594357
2008-33-025,229346.4248595239,4691.3356738395305
2008-33-029,586240.9885838934,52852.39293399203
2008-33-023,679534.9640907013,14910.492509097292
2008-33-028,634265.7185343063,21332.144268994285
2008-33-026,545704.1664797765,16539.92502470827
2008-33-037,410157.883152187,25425.601049101344
2008-33-030,351005.1895406395,14964.412290558
2008-33-027,688629.8935023303,42216.39773404282
2008-33-043,195383.543942657,14169.10162303366
2008-33-044,383722.8132354786,27168.23916545976
2008-33-031,267652.0014182465,16749.465380451846
2008-33-042,324616.7941606477,28704.144849324643
2008-33-048,266188.1600053726,19033.826878411062
2008-33-055,409464.3959209176,48742.62539895947
2008-33-032,423236.2790470979,40312.74233439299
2008-33-068,384947.7709682417,31830.90693485285
2008-33-054,380113.314685772,43704.68635203485
2008-33-033,443954.50516536273,38824.90023729808
2008-33-036,392695.6385695944,28978.837990798307
2008-33-067,354303.725640275,26126.736146197298
2008-33-065,353951.891802543,28370.99706154072
2008-33-047,280934.13705780386,27855.710582363463
2008-33-052,363573.5793737517,40708.93653128004
2008-33-056,340522.28754502616,36680.59077068434
2008-33-066,373882.0444895609,31063.659048232905
2008-33-035,401473.615550567,32618.53651565824
2008-33-049,461291.3654245624,50015.80355967158
2008-33-053,302342.5316366361,33718.97633535621
2008-33-069,304448.4735568596,29597.146028513274
2008-33-062,419083.4770093644,36743.229856842416
2008-33-057,344420.8797994428,42589.46525776007
2008-33-070,399846.0596029201,45247.87083575694
2008-33-051,351165.29345335835,35858.355541826604
2008-33-064,382268.9140942353,34956.70019247824
2008-33-071,271518.4048910187,24711.40016706605
2008-33-058,281469.4905047336,32716.686171951784
2008-33-063,299353.86371257686,27124.92356371358
2008-33-061,344280.9077301798,41381.690941648456
2008-33-060,435264.8607908264,42628.37341931136
2008-33-059,302574.9511864266,29350.280074516144
2008-33-075,384724.0036462836,27768.09811239636
2008-33-076,363753.2504602868,24250.453104494158
2008-33-078,351997.1792830302,26939.01554014596
2008-33-079,328547.7137940946,28325.58836379368
2008-33-084,393631.639792768,42826.15233528712
2008-33-074,298507.1444185647,21557.012386572103
2008-33-105,262319.17121584725,41006.08794544586
2008-33-085,338619.4089219924,39109.11478980004
2008-33-083,435641.29338881,45153.79012922582
2008-33-077,417694.1380301536,29918.103830937063
2008-33-154,242598.2430415137,18964.923491980648
2008-33-107,317885.6362387711,49188.96402724295
2008-33-080,452540.0294666336,41888.865882595535
2008-33-086,348407.9148318042,39477.75521497414
2008-33-153,240814.24150257916,17733.88169067839
2008-33-082,292387.9517468808,43563.59937688989
2008-33-156,538161.678106385,22645.7786970304
2008-33-088,158143.9272684209,13728.90832399177
2008-33-087,387662.4441448927,50080.98931596681
2008-33-089,432287.1247989822,24904.296499923243
2008-33-109,238769.9641938819,17508.20261351471
2008-33-081,324841.22602761554,40753.64994042255
2008-33-104,276047.5552571719,42611.95467515742
2008-33-091,545997.6629901405,33253.08133175337
2008-33-152,315749.8603889492,25056.665004449584
2008-33-090,199522.96390518092,11298.108201173436
2008-33-108,226588.3194143069,24910.441638560274
2008-33-157,303788.64131650893,20600.916277638764
2008-33-151,290174.6253728832,21938.2006194798
2008-33-092,336969.8837737404,45385.68287471253
2008-33-110,235968.76122424044,22339.949335695244
2008-33-158,381436.0356972,23259.556182622386
2008-33-106,339285.5581699375,54085.36416105434
2008-33-096,390336.8042944524,46716.793884218896
2008-33-147,402840.0434825339,47450.33299803245
2008-33-093,284434.8613112317,44538.84517420106
2008-33-097,245368.8099767671,30048.68170429208
2008-33-159,279986.66774305905,19104.28804854312
2008-33-099,308406.44558433007,41748.54986967577
2008-33-160,321670.389818678,21865.66539738193
2008-33-094,386980.0163689615,61187.529408015325
2008-33-150,321778.67964832025,33549.95921834046
2008-33-095,354911.1605937108,49118.61413168649
2008-33-103,264163.2585248487,62027.81482792778
2008-33-111,355596.5965854163,48508.9311767796
2008-33-148,287118.5060216723,31671.67684901922
2008-33-146,284301.38796324586,28546.30967179812
2008-33-098,150095.5048274599,18273.650181151224
2008-33-112,402502.14176625793,80407.46436492176
2008-33-113,307391.2560157507,30445.985699445617
2008-33-100,430229.30404393416,53319.31541924845
2008-33-149,330468.30839278654,34089.0546692399
2008-33-161,292458.57257547806,17058.78509015916
2008-33-102,326218.77645917505,69558.1793871323
2008-33-145,305638.330674,35298.73061150359
2008-33-117,448293.6714282824,66890.61890083132
2008-33-116,420104.83793744753,73039.75698868194
2008-33-170,300416.6225280298,18855.24333349839
2008-33-162,417867.1352152205,24116.16789097013
2008-33-114,298384.20687353885,24762.086656492207
2008-33-115,895171.7814617995,95863.07487314576
2008-33-144,317153.82391691033,36241.66520733229
2008-33-143,261921.23463553283,18124.22082104441
2008-33-134,284418.31574497296,58162.34165086971
2008-33-135,248613.8456900558,33255.3207871764
2008-33-171,302761.01042503683,17422.109049415085
2008-33-118,121495.53022724632,10888.36108328974
2008-33-121,247467.76272338204,14911.715641838991
2008-33-119,639325.6758745176,27056.16624103825
2008-33-120,134108.72706687683,15241.73938004702
2008-33-172,389069.7168345199,22986.986861409285
2008-33-169,326101.096754117,20174.20161371919
2008-33-136,351327.3231891122,46476.50031130346
2008-33-122,855524.8686966748,39018.02284752889
2008-33-137,319056.7487151067,34924.70982453496
2008-33-173,355705.4653461229,21155.70998425214
2008-33-163,246037.16637822628,16111.099437503171
2008-33-139,167866.85444612717,23136.15547309284
2008-33-101,376849.4444957039,80594.97417742726
2008-33-142,446833.8312306038,24632.799787027117
2008-33-123,352919.01108557155,39169.86932257633
2008-33-141,693888.4711304889,22130.807967748988
2008-33-168,352670.0362728639,21089.092958122517
2008-33-164,240741.8054606614,18860.80008842854
2008-33-133,361980.7682110249,47787.27695690715
2008-33-174,302429.6476566525,21108.988636543192
2008-33-140,98423.96400046172,6635.813475268361
2008-33-167,335591.91649763973,21568.241884144318
2008-33-125,335068.7142284864,43592.16755383863
2008-33-175,304822.76168819,32819.94340183442
2008-33-138,370746.30290256167,40430.95574248136
2008-33-179,354014.0478580509,35556.18532715969
2008-33-178,257918.00942483897,23743.92397548839
2008-33-128,350037.5804755409,54037.0623534713
2008-33-126,312235.33622934023,39269.77655286228
2008-33-166,343251.51654447254,23721.84173540608
2008-33-124,217578.51760224416,21360.62797404331
2008-33-165,242840.01991993404,30709.90192586096
2008-33-176,263156.542329875,18716.09646803597
2008-33-180,311526.1997305855,19489.66188837528
2008-33-129,403347.257872429,28499.60999840609
2008-33-127,292771.9654904904,30709.326601303703
2008-33-177,247526.443178648,20364.762779895187
2008-33-131,424137.6921622482,34947.07026549322
2008-33-181,306061.9133724942,35622.326899975
2008-33-132,235382.16447669544,19692.398686796805
2008-33-182,302552.1779137298,27206.489264505304
2008-33-185,425858.5697436572,43262.926711105625
2008-33-130,331626.5024552455,27918.244707800277
2008-33-188,285275.22473320365,27718.566358827185
2008-33-183,298555.5297757988,28160.43816841744
2008-33-199,362615.5203517915,21938.22850874189
2008-33-190,305649.6166755222,19585.96953449795
2008-33-184,328113.8276422782,33080.570507918994
2008-33-200,375310.9965901466,21154.149691801154
2008-33-189,509828.5703638408,28235.48877051966
2008-33-198,468065.1865125551,30560.741065575123
2008-33-197,330762.24066904024,26971.604912196693
2008-33-186,416315.5532293923,46770.43982683911
2008-33-194,303519.99643916497,8945.875038222846
2008-33-191,272313.6293694891,9376.39524637741
2008-33-196,343477.9164303056,26076.713936048327
2008-33-193,225617.62059260847,6553.7413966108
2008-33-210,397411.9275307675,31874.81295090065
2008-33-195,629162.4586102456,19181.3568880004
2008-33-201,206585.96060867087,10979.180052319276
2008-33-192,134267.63207120675,3836.948833489551
2008-33-187,365617.26146840863,24345.76440242745
2008-33-208,312620.24455365154,21739.61102846125
2008-33-203,302915.8268019779,19787.406137010214
2008-33-206,278434.8955684375,21899.872973103105
2008-33-209,328792.0307677908,21381.71969988116
2008-33-207,280803.37714697066,22013.1992330666
2008-33-202,265649.4272660586,19023.68749224005
2008-33-205,255345.96082853436,26237.426635684154
2008-33-212,377775.0473602692,28130.19285490701
2008-33-204,402572.7214089485,36522.05673816235
2008-33-220,302479.36511801754,21236.94115726
2008-33-211,382922.4664590985,30598.758388877435
2008-33-213,265384.9361340877,26658.04207857652
2008-33-219,319448.06027374725,29739.05484278829
2008-33-218,296830.96986140974,22208.58271712936
2008-33-221,341378.6319336068,20060.213921500013
2008-33-222,367707.20524239785,23828.982405634804
2008-33-217,374648.1298531611,30950.77711488558
2008-33-224,718243.6114031574,27731.59364141848
2008-33-223,403482.3127112181,23930.625479997077
2008-33-225,306832.99931626057,20138.615821412102
2008-33-214,294383.6372851746,19984.06294418939
2008-33-227,311443.1447499527,33245.421262111835
2008-33-226,55267.729620163525,17419.833260434785
2008-33-216,236446.52593549105,20018.88052880543
2008-33-215,292350.17315749405,18897.975206865725
2008-33-233,374005.8341113901,11665.707072599253
2008-33-232,314189.21062027174,13787.354920905003
2008-33-229,391109.6764789523,21093.75359914041
2008-33-228,339192.2768626277,33852.91326760482
2008-33-234,278636.10418799607,8717.734563020058
2008-33-231,383534.6838971008,17036.44724853514
2008-33-230,314750.95831015555,15340.44959432917
2008-33-019,167070.66396184562,3417.470171494166
2008-33-050,168365.7964035043,18371.221066986145
2008-33-034,329358.21715888346,25913.540578073134
2008-16-061,54811.58105020214,4432.777135860175
2008-16-062,53768.6966424814,4984.30415671962
2008-16-056,48007.29677484053,4669.134334238828
2008-16-053,64827.26014188885,3747.83639395691
2008-16-057,57695.61569601912,6971.801843300345
2008-16-052,127061.39341030132,7425.620362490416
2008-16-059,56436.9487493052,8160.979787492128
2008-16-051,50358.640890065886,5244.017114771064
2008-16-058,81364.23358401046,8346.02106979363
2008-16-045,45445.146247120734,6331.862189522848
2008-16-063,66246.44423095371,6693.148774097128
2008-16-050,103483.08543905705,9586.924904358197
2008-16-046,78142.04094042841,11138.67823001952
2008-16-064,65894.95590055105,7537.165979801677
2008-16-026,45595.54452144767,4556.139970916789
2008-16-025,50855.88124722209,5404.889481393388
2008-16-001,58008.219993628845,5220.648940441199
2008-16-060,71507.28882753798,7565.293932899833
2008-16-065,93420.41764991646,11900.07298847389
2008-16-002,115745.6458227528,5602.585153693672
2008-16-049,71917.1530859271,8370.64684507213
2008-16-003,102325.80136215327,4952.342986334352
2008-16-011,70982.58337250722,8006.790488398492
2008-16-028,57752.4616073911,6150.556057624896
2008-16-004,30793.692973542544,1469.224533354165
2008-16-006,50147.16873860476,2448.249970651379
2008-16-005,115345.32938090862,7959.953432516117
2008-16-029,46829.22103332619,6921.00778243169
2008-16-007,52631.0500545097,2569.219729398377
2008-16-009,131847.00896665332,6972.176115927272
2008-16-008,80747.44593137188,4120.811725059393
2008-16-010,41704.35319456274,4385.725897870958
2008-16-044,88042.55169691023,11813.901578621197
2008-16-013,24294.514424746754,3412.665074022036
2008-16-014,62841.6163138907,6400.046052102989
2008-16-019,63741.182830618,11241.126328395258
2008-16-012,96461.19436666503,11168.719924888148
2008-16-017,60619.09002500187,6132.643707559881
2008-16-015,88886.54982941796,6365.780043084451
2008-16-040,36127.47518621212,4180.473284607753
2008-16-041,44241.501998730026,5985.994676891496
2008-16-030,113303.74369198093,8676.235689182766
2008-16-016,54197.33829778035,4270.592351476022
2008-16-020,69024.56551375463,5921.183598049247
2008-16-021,58278.04190868906,4188.860666845156
2008-16-022,42405.18504186766,4196.175096076215
2008-16-067,75022.7396857295,5783.6153506178525
2008-16-023,59864.97462047493,5831.871999495918
2008-16-031,127897.78093637648,8710.866628483389
2008-16-032,44113.382119689406,4683.44116071146
2008-16-024,78924.1008783685,7338.466612039192
2008-16-035,54623.94715560264,4907.6970293971535
2008-16-066,81214.89467250097,7517.134641436736
2008-16-034,53249.12109008894,5324.892617582066
2008-16-037,63827.56646862217,5898.034241749876
2008-16-036,59830.579212650046,7701.052152816032
2008-16-038,63254.01440398328,6954.843412610702
2008-16-039,58367.712403973565,6349.806019754543
2008-16-068,85233.85471858062,12473.620271430344
2008-05-003,145702.2149117422,13029.2820233386
2008-05-001,136016.58331821696,15909.671782201169
2008-05-004,142452.44024438853,15022.81028519648
2008-05-002,106660.948382487,12378.346524808872
2008-05-015,162622.6545444842,14378.70519560494
2008-05-009,132230.9622351476,13805.70280459011
2008-05-007,108802.17801825974,9087.654990062758
2008-05-042,109676.50297548724,12046.578840311588
2008-05-014,119774.87733864736,11429.324370767068
2008-05-008,136301.26956003695,11177.74853147396
2008-05-012,90972.3304802858,8758.669876180677
2008-05-016,122939.72416956972,18398.40679035522
2008-05-022,85251.56904155712,7176.235765944366
2008-05-017,185779.4123024852,26932.77330477944
2008-05-019,254812.62685821523,20395.71381927468
2008-05-013,84653.18083877044,9497.919052224766
2008-05-020,290672.5048173165,23304.01971949352
2008-05-021,198694.10642319405,20355.813947364408
2008-05-010,100586.74269255174,11902.652571753975
2008-05-005,132754.61829288132,12754.198483786298
2008-05-006,124754.86377310369,9945.97558497672
2008-05-018,217960.5413465778,20679.7352087716
2008-05-046,133554.4049894906,18413.306415243394
2008-05-011,109189.1868224113,7773.151039149285
2008-05-023,369159.77655653993,22112.278921358244
2008-05-038,132831.2981311034,16317.874740334722
2008-05-037,119187.72310805572,13944.001649573283
2008-05-027,209969.66445424044,9931.027538284592
2008-05-024,236204.0383071232,9664.445754393842
2008-05-036,102875.07054538609,12165.239168692642
2008-05-039,109942.07097103872,11569.57450559859
2008-05-026,252610.12049037527,13142.562606001324
2008-05-028,229990.81045321905,9229.427191470868
2008-05-030,165866.22456706534,6717.74167888509
2008-05-047,126833.47243258692,15061.46042764477
2008-05-035,284337.4651896759,14679.7200828236
2008-05-025,150625.8355373213,7905.235841809589
2008-05-048,100890.486509605,11298.0697173215
2008-05-049,86916.24956713585,10667.867880042628
2008-05-040,94210.22808621707,12454.422576364712
2008-05-029,221148.82881489195,8932.420541273867
2008-05-031,112895.12113535983,4560.805584386777
2008-05-045,128256.94377044692,14072.847128784691
2008-05-032,195419.6147191358,8161.814709246298
2008-05-043,99622.60997096858,9590.123237590538
2008-05-051,125482.51488357842,12650.856810314988
2008-05-033,285889.22299649875,11550.417909356644
2008-05-050,88051.66446974629,11044.779641730767
2008-05-034,215227.43001842772,9522.9114376847
2008-05-041,150687.24857329635,17776.10698372661
2008-05-052,96344.39000586329,8861.85573115321
2008-05-053,100582.30158785432,10718.90687850972
2008-05-044,155046.80899708887,17518.21833112836
2008-05-058,140011.13016592895,17006.17626082337
2008-05-061,175327.30989706347,20633.95728733393
2008-05-057,165906.14754320195,20003.8349794165
2008-05-054,149571.78762429502,15915.116821937643
2008-05-060,334248.22626660083,41205.451181795805
2008-05-055,145221.83923650705,16888.87169575695
2008-05-062,181250.7783775515,6889.407760799862
2008-05-063,271315.6091822066,15983.472817809728
2008-05-056,260546.1498170464,25051.986379863625
2008-05-059,48994.83493525219,5257.125393764348
2008-05-064,289658.7927877443,22606.209374393755
2008-05-065,181905.76166122308,14163.919471750609
2008-05-066,228595.30447604504,16615.85584873525
2008-05-070,191979.0603609232,14773.033859735751
2008-05-067,360280.0209337767,26513.58476854581
2008-05-068,203143.90219203255,20173.76724054427
2008-05-069,199486.0300148209,18328.000489871643
2008-09-001,682863.7101323389,19699.440848654885
2008-09-002,363453.9697605296,17625.80394759344
2008-09-004,1083674.2494398816,22031.35162432944
2008-09-003,195031.9201691081,3870.888150576269
2008-09-006,612569.8102140514,17804.544311939917
2008-09-005,571751.4409292518,21229.820667639964
2008-09-007,529745.7221941795,24299.437278560363
2008-09-017,441719.5892398261,13880.77183510094
2008-09-019,380923.3090650563,19302.758674750352
2008-09-013,615861.8798410124,19527.955726398013
2008-09-008,525081.1793885088,23400.011373255868
2008-09-009,431790.53630897193,13237.176832444153
2008-09-012,462791.3182383824,14622.034419354488
2008-09-018,629417.3960239424,23361.20858118429
2008-09-022,652995.6562726854,29827.53996739816
2008-09-016,426600.052484684,13508.284754076927
2008-09-014,498962.3182037783,15809.154484602546
2008-09-010,458015.1030322212,14943.41086909258
2008-09-011,633470.4032914011,18208.35920692142
2008-09-015,582515.0815380081,18257.14860260289
2008-09-020,567353.3902608734,12229.998085611558
2008-09-021,552699.2298855111,14039.800018832162
2008-09-050,469207.5193028108,19082.839120419696
2008-09-026,597330.6861631174,21211.822401507558
2008-09-044,692575.1768350154,26472.140636975542
2008-09-023,591968.040162988,18508.182945951805
2008-09-045,468295.7994899305,23561.48496401115
2008-09-024,382688.94397026673,10064.247247221356
2008-09-043,436428.66368867777,16286.909227904916
2008-09-051,551658.7820917532,19301.468260682388
2008-09-034,508263.3823112407,17833.44995172455
2008-09-025,1344250.6622562974,40225.97453303721
2008-09-046,718444.63090695,28963.400675413955
2008-09-039,538095.4192327425,19250.16766327643
2008-09-040,589345.0591157052,24167.73968174024
2008-09-027,556123.5255411097,15070.78669912417
2008-09-047,525548.26462225,19777.172235015536
2008-09-035,624442.1804546674,19971.67791971675
2008-09-052,361026.8600984959,23480.3947673403
2008-09-049,826625.5335676386,30854.79691277385
2008-09-036,543093.5869697194,12297.35533186631
2008-09-048,184788.04141009337,6954.359753498298
2008-09-041,461585.5211405172,18886.22099733052
2008-09-057,615315.7568947268,8107.45991493715
2008-09-029,664604.5191227775,21859.65543819355
2008-09-118,565582.3273565259,17872.04778313628
2008-09-127,359099.1793047711,16219.124748857328
2008-09-060,640341.4782218494,22250.215279640863
2008-09-054,586328.4546102172,10820.735164027836
2008-09-037,490860.3267034722,14955.255364850917
2008-09-028,153429.59829057715,4159.663340768233
2008-09-128,741338.6949141106,31712.95653958575
2008-09-129,589736.145964057,23390.371999608356
2008-09-053,1387560.5523400465,28760.35515227797
2008-09-042,580989.2906852724,24253.52933491722
2008-09-033,595814.8333346918,21171.727902551225
2008-09-058,816015.1530957931,24168.852962692457
2008-09-032,699839.724977926,24628.38464856698
2008-09-059,561209.0222647293,18613.30886110344
2008-09-119,593745.8078043216,17623.62528918672
2008-09-120,781094.100095576,27163.16619208353
2008-09-038,590602.7405658648,22106.908779961144
2008-09-066,589895.5584489639,28084.01042364871
2008-09-055,1120403.3736869416,23714.72041094155
2008-09-056,583598.189230677,12603.602703242936
2008-09-137,717402.1463251716,29821.47108065736
2008-09-030,470053.6764216085,16951.450029562744
2008-09-061,984389.0603234936,32586.089631717547
2008-09-062,777719.0370123113,33318.30100952535
2008-09-065,539458.2651059699,19378.874536730706
2008-09-121,557350.2441481486,23518.326532074472
2008-09-064,615581.1361303134,19094.506176360443
2008-09-067,582650.9196778443,25605.696162234875
2008-09-031,642189.5367398683,20838.87811367307
2008-09-126,488712.18437878217,20911.84590012098
2008-09-138,582967.9477100801,32528.81345607311
2008-09-063,544899.4997007811,35791.31248424587
2008-09-111,678008.4040424728,28711.992888807203
2008-09-112,595640.8139857802,20270.59976442655
2008-09-134,636641.8711830793,24477.19649194833
2008-09-130,593836.3327690181,19470.34524250476
2008-09-124,493915.9496596248,17910.820753862536
2008-09-123,848970.806949444,32991.03924309818
2008-09-282,767621.788803252,35631.89898117214
2008-09-069,518471.463827816,24631.14516550149
2008-09-125,347036.90949167765,12588.318683890466
2008-09-122,552886.532603103,19850.31269654818
2008-09-068,586610.1625851239,24724.11422379827
2008-09-139,501271.0844761323,16677.845443110353
2008-09-113,634778.6911950173,25703.549206205324
2008-09-070,594959.6073208713,18469.582797095893
2008-09-115,542420.2651595863,17173.07967957659
2008-09-131,580394.9717321806,16612.125462504177
2008-09-133,528095.7958358817,17042.68186662643
2008-09-114,572503.6633019208,19495.66497206546
2008-09-117,581141.8352468939,17357.87564295764
2008-09-071,598217.165632901,17505.467536220258
2008-09-144,701012.0032655611,17779.119285610737
2008-09-140,544734.7804437595,16402.23470772142
2008-09-073,574508.3551825178,21629.85864821181
2008-09-141,593757.0457306424,26985.792870058445
2008-09-072,844139.6247535418,26822.4823419031
2008-09-116,618099.2247595085,18921.378188285424
2008-09-283,473916.4275838761,20738.30275486797
2008-09-100,680658.0947186982,21426.83921397105
2008-09-135,526539.2547007294,15066.032703658762
2008-09-136,670616.7384024201,19042.738991815397
2008-09-142,670145.2621762267,19823.23488548736
2008-09-143,422746.5251821757,11458.874616348476
2008-09-077,773699.9743350454,31751.79216981376
2008-09-082,648544.288099565,30884.27772574141
2008-09-074,754056.9327750652,24354.422360364813
2008-09-289,653185.1913002549,24692.691501275018
2008-09-075,502685.0651907461,14664.397158152044
2008-09-081,562266.5020222722,29469.142811533748
2008-09-101,423732.90456110286,18692.718147268984
2008-09-284,568007.0258921875,21003.38549864149
2008-09-076,246693.0392603904,7191.581177442484
2008-09-147,512712.73012831167,16493.69470586517
2008-09-102,496087.5037767375,19457.05864613696
2008-09-290,739310.713010323,26484.21833596014
2008-09-080,607170.0331927923,24887.55246317986
2008-09-145,581070.6628280057,16193.689334609728
2008-09-291,693593.3175739532,24858.310403395284
2008-09-132,579319.9680680194,13367.36412632277
2008-09-148,646450.8896084264,21688.43946925704
2008-09-078,557758.9374197655,24030.086402190107
2008-09-155,718090.6605760372,18845.293903061305
2008-09-285,551711.9208696466,19869.91676420642
2008-09-105,461400.4677596326,19053.593927514896
2008-09-157,412146.4471367087,11748.644871549666
2008-09-150,548181.4868772777,21803.09617762956
2008-09-154,578777.7650123187,20467.69344166573
2008-09-292,626328.665355831,24131.074805597196
2008-09-192,618126.9606842331,21741.160893140863
2008-09-149,543877.8924271261,21043.312410853367
2008-09-083,985917.63627378,29334.986603898826
2008-09-103,548265.7856139397,19738.55641313537
2008-09-193,497337.3469301064,16282.932640559622
2008-09-286,522574.48195085686,14293.26065000352
2008-09-079,605414.995389283,27145.1227533677
2008-09-104,575096.9345495346,23587.03950343421
2008-09-146,560838.089183207,17662.607380345697
2008-09-106,477502.5109964397,17138.121857594346
2008-09-084,445286.2913661552,33466.377855045575
2008-09-085,302561.0942322682,31870.417525061872
2008-09-156,597903.2641486654,18211.714121563964
2008-09-294,637432.8437438783,21816.14282425162
2008-09-153,788750.7296940901,19976.43159211707
2008-09-096,581050.0395523991,27552.286716610237
2008-09-287,517322.6438171366,13958.807961605777
2008-09-288,728163.0416459829,20111.23003880078
2008-09-302,555786.1251591766,23297.52431954263
2008-09-151,512423.00928563904,21024.433122251205
2008-09-316,623420.29080497,16537.729549710304
2008-09-107,501118.7086891965,27182.42487651249
2008-09-194,509897.5055943216,14102.860491939267
2008-09-303,788982.2041835121,36684.72736743721
2008-09-295,526259.1013902082,16754.38218643931
2008-09-317,734647.2661935184,28700.99779206163
2008-09-108,510944.0905135025,21747.72391672904
2008-09-305,545411.3817801599,19588.68656954888
2008-09-152,622011.7024678783,21381.23699147429
2008-09-086,485094.1882947506,25482.09535927304
2008-09-158,713436.462375815,21384.22376219676
2008-09-195,507251.9105728837,13648.732705218716
2008-09-297,670899.2613717739,17480.932895900303
2008-09-095,762520.6150097782,15789.212050661834
2008-09-293,674530.3218516603,25264.959294413587
2008-09-318,727648.2535811011,34845.205265010154
2008-09-266,659216.5422394568,30966.85333593072
2008-09-160,565728.561262472,24683.794203509584
2008-09-110,581198.4910290744,30818.365828331705
2008-09-267,523469.90321323584,14573.219585598446
2008-09-315,586883.8053649056,21492.018368612524
2008-09-329,541118.8606731293,20296.9311190514
2008-09-091,578468.2249330134,34459.21326498054
2008-09-090,1484513.589012951,49146.2506402463
2008-09-304,584752.7098372666,16669.282242432
2008-09-089,507776.0999165847,16635.685538196492
2008-09-296,696036.6744583021,22477.86845267158
2008-09-159,588856.2174819726,16354.925478601945
2008-09-161,495643.90926911833,21837.98728305404
2008-09-098,1004749.6795110584,29438.521589793305
2008-09-109,561393.7586403335,25226.59991693096
2008-09-196,675155.8114503638,22517.64398691588
2008-09-087,391757.9118537656,12839.67657867986
2008-09-198,585480.9898821337,21033.583695064182
2008-09-099,424135.3387391553,16659.724690381132
2008-09-088,139025.2604528412,4554.653228561837
2008-09-301,557636.029286477,14354.597456062562
2008-09-298,584737.5097925767,14423.608328957069
2008-09-169,1148155.8015085114,59807.29652594116
2008-09-097,85372.58211156503,2083.120622816772
2008-09-300,429847.6921474852,17833.965286714898
2008-09-093,545369.7555108595,20711.28004634724
2008-09-309,615927.1651036706,25095.594599375618
2008-09-268,700073.8260350733,30132.090046947236
2008-09-320,603369.8581398809,21052.518194433946
2008-09-168,704035.3300476765,30587.77274045094
2008-09-319,695430.9017370474,33555.76165682748
2008-09-312,754726.0356835282,35519.86822567899
2008-09-299,453330.6979053573,22072.155643659265
2008-09-197,638229.5249192342,23951.628484431338
2008-09-092,543557.1109400505,29265.73644517799
2008-09-269,576541.5679285987,22002.892643907107
2008-09-330,611213.2463578122,22789.67602558594
2008-09-162,559825.4939767375,17896.03511734202
2008-09-270,658017.8442270033,17695.97012272094
2008-09-164,484152.6498634995,20268.9340529993
2008-09-335,554658.1038799935,28414.304381555583
2008-09-199,654948.8784921748,27503.54917593887
2008-09-308,503972.28875873977,19764.02585563151
2008-09-094,509103.0492418572,26657.283388532695
2008-09-163,604569.5564309838,22626.14101243077
2008-09-307,466464.3066381723,17245.764201766255
2008-09-209,531865.0680099153,19359.924845911184
2008-09-321,712340.4321341034,35946.78045824419
2008-09-202,559559.3310434095,22400.16651392839
2008-09-313,666849.5281142847,35325.810136741144
2008-09-172,326376.24213404674,13319.752689817456
2008-09-173,454291.2757626039,17451.487775203565
2008-09-171,365900.7636288356,13518.93499052813
2008-09-324,537757.2259037707,32818.01947218676
2008-09-332,664423.7346699559,25694.985911633292
2008-09-310,633894.8835889576,31641.388452860225
2008-09-200,601901.2792618,23736.073653026506
2008-09-333,605946.5684462674,25737.54915375744
2008-09-334,601810.6440214918,31162.63181401932
2008-09-174,329110.90935391537,12159.660297246031
2008-09-271,583891.2021116138,18547.334286803
2008-09-331,641677.6861858624,22938.334264442965
2008-09-170,661868.053170677,24575.802606175348
2008-09-201,534335.8771296459,15186.715147791198
2008-09-175,1054740.9694535814,38969.51309006332
2008-09-322,506448.2248004098,26041.91551108517
2008-09-176,648855.0674533084,30544.239930265816
2008-09-275,679017.2538909933,29037.933905255923
2008-09-205,485633.6396204999,24265.65213651937
2008-09-274,642019.3883852928,35969.08527748506
2008-09-203,564272.7610465816,20029.608844381604
2008-09-272,580311.2068166381,19612.97446178753
2008-09-323,529406.1794918049,26988.955279656275
2008-09-311,430642.9990813885,21917.327343569057
2008-09-338,432547.54782401904,23989.842542524464
2008-09-326,451891.01141366985,20114.67178199765
2008-09-273,598828.6739550453,29422.23949250238
2008-09-276,582776.4841202444,29934.02167460457
2008-09-337,638693.3474324924,34723.224104950816
2008-09-314,531269.5213300879,29791.30037220329
2008-09-165,708183.6486287253,30280.858701733378
2008-09-325,634848.0509758758,35693.79047171098
2008-09-167,636731.216180774,28754.516299721727
2008-09-184,517303.8461130576,17236.883454392548
2008-09-277,668001.585710347,26217.981069346977
2008-09-327,445468.6807856825,20801.11314039465
2008-09-339,463056.85872018384,22503.90912351484
2008-09-210,1126631.7954444203,30004.26619404815
2008-09-206,506108.5222847143,15681.87681992081
2008-09-177,591731.7841320708,26568.16201914524
2008-09-204,443221.5970490264,14508.425264627063
2008-09-278,509616.8006753509,19065.61134776869
2008-09-178,660945.9751880463,32844.29218160277
2008-09-336,471113.5120885989,24401.087074033007
2008-09-207,469561.4619302005,16865.13211031541
2008-09-279,518374.53065949446,25985.573678425542
2008-09-281,520614.6000015456,21569.046867908517
2008-09-211,356662.7152540745,9008.047402699429
2008-09-187,745849.8907771007,32972.304437373365
2008-09-328,538770.341984876,28370.484276359828
2008-09-212,533926.1286648635,13483.494807009023
2008-09-185,599241.4669366794,23609.835842256023
2008-09-213,118864.66408351688,3001.7468613396886
2008-09-214,105624.47896025846,2765.5664134065883
2008-09-188,560261.0428235871,25264.186246847014
2008-09-166,539365.1599714516,17709.905852063148
2008-09-216,301737.70242330444,7821.079428842895
2008-09-215,215534.80864688972,5443.004784926415
2008-09-342,363762.9289582967,21186.503359712893
2008-09-340,485794.10796943377,35247.097505049765
2008-09-280,631391.5767403013,23439.44749538668
2008-09-219,633346.983325278,26583.605282320925
2008-09-217,1015428.8793258732,26016.065719546
2008-09-220,673303.1048420635,28731.702382998075
2008-09-179,549476.0440635808,24781.849029863508
2008-09-189,542174.9617480705,28094.45778435799
2008-09-343,484185.5970307691,24638.510671344346
2008-09-344,546041.3308661742,31140.872583868804
2008-09-345,455304.5681531253,25679.80618946324
2008-09-208,504142.6161676129,15275.351262928933
2008-09-341,323090.04536317376,13081.005282889888
2008-09-180,535219.1445270204,25670.048718894097
2008-09-218,527091.7691178749,20840.202466359828
2008-09-191,307989.2174954115,19680.00734024682
2008-09-186,535830.2641060165,24902.805649798145
2008-09-353,533123.7675681922,30908.60995676425
2008-09-349,356464.2905026361,19799.86675817878
2008-09-190,489551.254091647,28563.46601672691
2008-09-181,554531.2107990461,30924.454006369197
2008-09-182,580532.712156994,24133.0880901375
2008-09-238,509026.4725665419,18597.305313951823
2008-09-365,535698.3088778112,34073.87669150547
2008-09-348,435192.2297428427,21597.50824688727
2008-09-354,613510.5622920383,33131.233909361035
2008-09-221,574635.2587870451,26805.698904076125
2008-09-357,497247.12437781657,28218.278630011333
2008-09-244,427826.63194267073,21797.90118880185
2008-09-228,670226.6071586551,25819.04396684356
2008-09-359,495098.89586151874,27048.095775964004
2008-09-239,395771.2169488621,14932.20966070656
2008-09-346,444288.0699239305,21838.978666246978
2008-09-347,579184.1224067165,28435.472031758145
2008-09-183,518522.4873655327,33245.09048370474
2008-09-355,550071.2662527665,27071.6422091546
2008-09-248,493214.62810190313,21843.28980112605
2008-09-242,479803.6316545592,17044.793205828722
2008-09-249,518883.1395900604,22601.07563772343
2008-09-247,719405.5812643364,35260.00657077601
2008-09-350,677536.6103833396,36080.17031991888
2008-09-240,565785.0395547515,22921.72492581297
2008-09-356,696196.9911626357,37154.72290355914
2008-09-366,482796.1883276847,31644.92462594947
2008-09-364,461854.02761114086,32390.64833199315
2008-09-358,543143.5341544688,30846.6211050977
2008-09-362,634395.6584128853,25328.262318742058
2008-09-351,621143.8561523539,43216.3273095575
2008-09-352,478312.45656287565,23454.550373120237
2008-09-245,588385.9833406047,29395.10138470672
2008-09-250,407488.5119393635,20446.03228550752
2008-09-225,481320.9041142151,23104.01257498539
2008-09-363,447521.75923180254,25087.164423954677
2008-09-229,615144.1673730983,35459.77900130313
2008-09-360,366117.3817143098,18826.87580049723
2008-09-241,446354.0414067301,18144.977113447363
2008-09-232,566221.5880353461,24624.69133425205
2008-09-377,667476.0436557952,32073.90468516662
2008-09-367,726325.3005783178,50744.42981078834
2008-09-376,567720.6478495143,28970.39155874713
2008-09-361,617181.9513241628,32389.76050832557
2008-09-373,649183.4800085085,29995.433371045336
2008-09-243,510133.65478558105,16397.101316711472
2008-09-371,447855.3380333535,35359.34757347878
2008-09-368,642378.756016837,46905.01093523351
2008-09-251,571833.7833920347,19002.39211468282
2008-09-246,565563.4528320014,27640.13665532359
2008-09-372,588780.6997102121,51656.1848068646
2008-09-255,561921.8194850072,28574.42449310537
2008-09-254,737609.9296066401,39875.70691828092
2008-09-369,621568.5938658183,51994.60948942494
2008-09-233,574662.4496216364,31704.01924099843
2008-09-378,465068.1740558843,22822.183660247567
2008-09-224,575767.6124608472,32512.400427878183
2008-09-374,537626.4204751799,33619.10600174052
2008-09-370,401358.3775714834,36502.63035678153
2008-09-257,646090.1873762951,40943.79637432924
2008-09-222,665689.5200873148,43978.14180610492
2008-09-256,622100.1618766631,31201.610020481625
2008-09-375,558565.5727588491,29919.885836843896
2008-09-230,487057.5601552616,23874.44173595478
2008-09-253,1332910.373803201,30256.05755660281
2008-09-384,386225.999336021,48697.58968858342
2008-09-385,390650.5134905671,44521.555202571246
2008-09-379,623832.8900697567,35242.53830778648
2008-09-262,470238.5102198116,13218.151117509668
2008-09-236,580035.5877957601,26648.04265615609
2008-09-223,414903.7612430761,27580.24337904016
2008-09-252,697729.236259611,15867.113434588187
2008-09-381,512928.7266586663,42425.084376127386
2008-09-392,685012.9130921689,61796.81582722092
2008-09-258,548371.898970396,35135.43541767652
2008-09-235,363910.634860312,18390.11245106205
2008-09-382,486856.6825373101,37691.65785056728
2008-09-261,267885.2018448896,6380.272649437907
2008-09-263,284623.4301345037,7586.409129426365
2008-09-386,922430.061825786,47991.26755236901
2008-09-393,675206.6653706577,39461.97072810754
2008-09-260,491136.6968642962,23742.852067397464
2008-09-234,580727.6817200773,33391.98014972269
2008-09-237,625646.9884864796,23621.513112235203
2008-09-391,735170.866804348,37842.89263222787
2008-09-387,876228.6953585646,45628.66239590864
2008-09-388,350429.392930534,17920.18571459009
2008-09-264,586179.8640917718,21794.929134777954
2008-09-394,426677.3723123358,20588.92822686725
2008-09-390,486531.249312216,26076.377657368568
2008-09-389,85042.80331906484,4463.7263338333
2008-09-380,589710.2436962499,41634.96392218328
2008-09-259,523439.5537260088,21595.67551466229
2008-09-395,701799.4969019953,38655.0834281747
2008-09-397,938151.3667032148,48035.703651282645
2008-09-396,280534.19118930394,14317.263511462694
2008-09-383,560971.6123752497,38473.73700121696
2008-09-398,478161.97744269646,36842.1723819477
2008-09-226,790030.513364357,54964.15799572505
2008-09-265,627255.0683402742,26448.626212574625
2008-09-399,680127.2420771088,47488.13365182126
2008-09-400,488940.2092271186,35168.18484029142
2008-09-227,683742.8228201558,49582.94262911298
2008-09-401,634302.4453364486,56121.35606718335
2008-09-402,424812.9379823812,41756.567320849295
2008-09-403,639442.6394687688,77338.27577565215
2008-09-306,704197.1180578488,25277.89945039448
2008-19-023,776029.8954659038,19134.07483812448
2008-19-022,235548.26054914828,34355.89909963252
2008-19-024,315386.8105385543,27554.22494585945
2008-19-021,233396.36631074044,13503.584068593527
2008-19-020,320445.8424612439,16928.446857258954
2008-19-011,420683.16888016,20292.224089632247
2008-19-019,334705.05090552394,30650.67470781863
2008-19-014,234435.92320586156,10521.317386944473
2008-19-025,314211.71483913,24308.02291581105
2008-19-015,479433.6306678568,12884.60469564252
2008-19-016,428052.63596533256,22857.483109192646
2008-19-026,28625.967119356148,2576.7684309814263
2008-19-010,240139.05485156065,22235.550050405956
2008-19-018,364270.2157917398,20052.31377776116
2008-19-013,317953.0363077385,17076.10544290021
2008-19-027,362476.26403826335,24875.93306101863
2008-19-012,199124.16421112372,19475.974666150974
2008-19-017,630347.6781296119,20904.70537033373
2008-19-002,378419.2082857784,16167.513068760896
2008-19-003,506368.0168042336,18968.29591175314
2008-19-028,300990.4286555439,16358.824693117478
2008-19-008,270643.23508843663,16225.312015924392
2008-19-029,272365.92457445816,10186.996137023583
2008-19-004,272114.22698341886,16548.24799404179
2008-19-006,370606.3413127243,17786.013818393374
2008-19-030,290137.3069555392,12337.246167959527
2008-19-031,343696.54548853333,15654.00519620641
2008-19-032,395548.275246789,19097.52261599495
2008-19-033,521163.336734902,18203.71609166656
2008-19-034,326958.7020893409,16801.93431996298
2008-19-035,443547.1021810104,12198.121264545258
2008-19-037,237832.81475770724,14154.90960174543
2008-19-036,360104.28927258344,16681.115636603652
2008-19-045,384510.5806563421,14046.890082155063
2008-19-038,251410.16345216372,13943.490162803995
2008-19-046,364373.5865291224,19910.89450137643
2008-19-042,339659.33445894445,18365.309625384536
2008-19-041,283789.11352201604,14877.62269146433
2008-19-047,326648.8861120201,13554.285427539467
2008-19-040,382687.7710979031,11283.49365343753
2008-19-039,325816.4627795464,8471.667762944853
2008-19-043,326959.6127550297,14357.674717768565
2008-19-044,374415.8444725257,20292.57342096029
2008-19-048,429054.2649665621,15080.657602917016
2008-19-049,620106.8107081953,13882.578770666936
2008-19-050,180202.35143374477,12317.53804101882
2008-19-051,290978.38406890054,10969.93750203208
2008-19-052,305522.2260569672,8817.493174490985
2008-19-053,141943.22400943135,7634.194995816892
2008-19-054,487865.4916036376,18700.317939149405
2008-19-055,448134.4073428244,14924.079765529765
2008-19-056,265682.40097954776,8280.718763702534
2008-19-057,392677.15600877866,11401.286031308802
2008-19-294,447862.1088253926,21988.46649096732
2008-19-059,244863.6167857295,5988.825894658454
2008-19-058,385910.1832188226,13894.704544654203
2008-19-061,354438.58336687577,13065.349979273991
2008-19-293,284185.85333050584,18750.048715864308
2008-19-060,334323.7810918291,18361.63387324754
2008-19-062,255968.66237065397,14006.726646668754
2008-19-292,431333.53746936464,21575.825706888936
2008-19-063,338950.3954017497,20682.957272269618
2008-19-076,329706.5019542543,17964.575789335824
2008-19-064,338349.4497980699,17114.082378249353
2008-19-291,316772.1856447718,21130.91010858745
2008-19-065,553030.0296465266,20177.30566444096
2008-19-066,410781.2283904582,20532.65473248248
2008-19-073,470721.134509806,18701.48112248799
2008-19-075,350212.542878928,17441.854527930496
2008-19-072,563701.1613298625,12846.727270590429
2008-19-068,310141.75224175915,15119.295720820475
2008-19-290,348758.0482354758,18482.849698829144
2008-19-077,304990.0426463037,15203.2640629234
2008-19-071,412062.933379797,11879.245764136002
2008-19-289,327918.557329929,18373.366425001528
2008-19-285,668981.4464404137,21891.53642498901
2008-19-067,315354.8031793616,15472.289610463333
2008-19-074,426737.1288703835,15898.841867019284
2008-19-078,199775.0570421121,15641.441903961366
2008-19-070,482186.423915883,17372.334285155695
2008-19-069,350408.8596198561,16768.276573925654
2008-19-284,262542.93254134106,19388.58581739606
2008-19-288,296942.9766606569,18011.331336587667
2008-19-283,285485.1842281363,24063.22724012805
2008-19-079,358116.7722112986,17870.93791285377
2008-19-271,430445.270523951,24089.2446129803
2008-19-279,155055.30634271674,14539.867301103688
2008-19-080,334455.3828058293,18481.26021501333
2008-19-287,384044.5736740013,24015.73963733492
2008-19-286,276413.3970127961,23670.223152301907
2008-19-282,1059657.6175066975,14361.230138023117
2008-19-275,262140.4866887945,14681.33233031908
2008-19-281,580850.6421376794,11869.52145461304
2008-19-246,345906.6380668939,24015.606954273127
2008-19-274,441422.1985940726,23125.03863014536
2008-19-280,801932.7893244314,14187.68791456942
2008-19-245,318516.5861925635,15631.7604404842
2008-19-276,90344.13002143096,9091.026112871485
2008-19-082,310294.52787358884,14361.742586729632
2008-19-278,140655.69623701484,14340.72415137938
2008-19-270,285570.6942294176,17457.877969461308
2008-19-081,323022.9932670089,15898.007386675336
2008-19-272,357898.8304873875,17462.284187487192
2008-19-247,374822.3316688589,23324.7691271375
2008-19-273,177610.9690028836,20807.76141331124
2008-19-277,241513.5630495648,28650.36275632448
2008-19-269,285941.1236338105,12817.786675408192
2008-19-241,268368.28939999547,15881.127976031616
2008-19-085,490689.3841924594,10861.045929375025
2008-19-088,420655.2528294851,11973.44227066877
2008-19-244,374029.9669017032,17763.96242660706
2008-19-267,347719.4915499988,16923.81671072181
2008-19-253,293922.489482766,12820.965261170422
2008-19-248,307351.97302770783,20044.632148334
2008-19-240,413435.5513965546,22113.892538487176
2008-19-242,462294.9418588645,18999.70244990025
2008-19-263,438026.6542787141,17678.20416732921
2008-19-083,685344.0496194471,10444.839763020052
2008-19-084,242546.5354697654,7498.498513597639
2008-19-239,337449.52198121045,21272.91114836072
2008-19-268,325492.4977628503,12411.381972780917
2008-19-258,260889.9588019264,13470.704720302543
2008-19-252,397788.0265828735,17738.068396651433
2008-19-266,323605.8194260793,20929.89366190273
2008-19-259,318087.4883180115,12448.519496690322
2008-19-243,351949.1114146197,16113.93658751878
2008-19-089,453446.1464282159,11599.588345910444
2008-19-086,157299.71213448542,9112.558953088575
2008-19-087,254364.81363564736,13914.347832531075
2008-19-254,422330.8843836494,17929.992529421073
2008-19-264,255575.67836297568,13568.11486390736
2008-19-265,214292.660611065,14879.703447566542
2008-19-260,94919.12021045238,9502.324668416108
2008-19-094,305175.5698080482,8442.134323559832
2008-19-257,321344.15283428034,14405.945679336612
2008-19-191,571585.244417892,15082.101829941776
2008-19-255,230770.62249867772,17463.993909976445
2008-19-261,317330.36528421665,14275.324377259269
2008-19-090,121973.07325298514,7165.225225189596
2008-19-238,441322.7803558863,27428.531498068915
2008-19-262,291359.41916297295,13571.687043543818
2008-19-249,314908.9356672224,21196.45667262957
2008-19-192,346630.2661992451,16314.006147792205
2008-19-095,248611.2863140531,8912.957066695635
2008-19-251,321424.8992979077,19174.35303582114
2008-19-091,141851.04486268098,10413.638439789454
2008-19-256,343855.5125835852,16524.385483416954
2008-19-092,195787.04820736987,15349.30138280418
2008-19-096,340802.7017049666,9996.183400316077
2008-19-197,373793.4631541079,21617.3974816855
2008-19-093,201281.87716828147,11270.230483263502
2008-19-201,282871.03438980435,16565.179121968675
2008-19-193,442703.4161973852,12373.223007611832
2008-19-190,897035.0868995198,16202.2389823615
2008-19-103,85472.76918683221,6693.078803895507
2008-19-200,231893.78528848695,10139.984190982948
2008-19-198,258165.22437290027,10867.522966796185
2008-19-104,109464.74725864278,10321.632100623689
2008-19-199,370708.0240684846,13069.3866970661
2008-19-102,228409.53848455212,17230.79094669927
2008-19-097,229576.1890261969,6443.230171789466
2008-19-233,307010.15084221115,20093.527689114824
2008-19-101,194333.62001039064,13565.661986733729
2008-19-250,277069.0591739128,14403.295686514495
2008-19-106,47064.76316484002,7563.754358509175
2008-19-196,276903.48747275776,18582.58239824241
2008-19-098,299443.7800885106,8546.158999805593
2008-19-189,199557.59952188368,8488.004372025373
2008-19-105,221259.12480178685,10045.892911132876
2008-19-100,160888.4553412604,8389.127730128512
2008-19-188,203417.02930585595,18294.52958517833
2008-19-232,298864.1489855132,17759.88443918682
2008-19-099,280492.84400312696,6876.475719153052
2008-19-234,416137.3609920043,30417.707931663983
2008-19-187,386369.7122230007,11170.144252293092
2008-19-107,94458.30513340418,7218.200095119115
2008-19-120,263750.04753472627,12214.448652973835
2008-19-195,313157.6134515771,16765.057172883302
2008-19-237,379522.4311277992,17826.32845451578
2008-19-109,138721.2357192147,17026.275413552983
2008-19-108,252509.93728165235,3810.140046122018
2008-19-231,299066.12218987866,11704.158592517691
2008-19-118,166599.17715578893,17068.72084612032
2008-19-182,441121.4665806662,6829.440544596391
2008-19-202,299594.29694251093,11424.650268738827
2008-19-194,230184.645806909,12852.965236969832
2008-19-186,38641.71521154447,5736.768134557613
2008-19-119,103860.85220125214,12292.333172238126
2008-19-222,231266.70610978376,16715.05938749768
2008-19-121,222007.18836882303,13714.735860051063
2008-19-125,289709.1188617075,9862.85943298935
2008-19-185,50616.335179891365,10564.499704852584
2008-19-124,304754.88753132033,8379.433487377384
2008-19-183,470439.2720195018,22377.35095357213
2008-19-235,384454.376635988,16459.784526774034
2008-19-110,710649.6073098256,9280.434053840569
2008-19-112,200911.78901464076,5707.991634416139
2008-19-184,344984.6930244645,16204.315507880794
2008-19-117,453553.5788778589,9547.868004237696
2008-19-114,1273544.6089319815,7548.459604246309
2008-19-113,603165.8320905608,4208.79148305991
2008-19-169,248165.18453199428,5243.059482107203
2008-19-230,386699.7040232204,14030.703670514664
2008-19-115,213758.987071328,16367.679238558803
2008-19-122,371876.8905517634,17531.594002571244
2008-19-181,275835.67004779424,12920.247883881224
2008-19-168,609178.6343175285,4324.886809696021
2008-19-236,262710.3296038822,25124.69622594143
2008-19-177,171946.17579844937,10248.58628952675
2008-19-175,279294.6424576577,12875.096407611389
2008-19-172,164717.81189415546,6455.993884035259
2008-19-116,1023546.4958463366,7281.861450189637
2008-19-148,517687.249208774,15232.14962382883
2008-19-170,63527.05993397213,2251.3738001410966
2008-19-166,123344.72043669743,1931.402865745575
2008-19-174,250465.9289077672,12203.42559333742
2008-19-167,175588.14164406605,3205.8127530042484
2008-19-173,385428.6434129062,9268.049140186293
2008-19-171,153974.8799868279,3089.8478970246742
2008-19-165,115755.05530851027,1946.9598812933984
2008-19-164,218412.5365991064,3983.29234901123
2008-19-162,164552.98116197306,2761.4878079339924
2008-19-163,283152.07757268695,5092.789015484395
2008-19-126,312016.4087016269,11200.84817063529
2008-19-159,286920.3702298463,5001.751139451811
2008-19-229,326395.95585029304,10872.511819632957
2008-19-157,105037.38447328212,4110.30227326235
2008-19-161,156565.63772256832,2936.9559911710385
2008-19-155,1036909.6595932496,15040.30898832589
2008-19-158,323958.8800879274,6029.154264291754
2008-19-149,473500.70426158194,8369.353467784009
2008-19-176,215727.0474973556,10110.413506123718
2008-19-160,184675.84031972563,3464.2647233529387
2008-19-151,846967.3422072043,29582.69308903712
2008-19-180,279636.88922492287,14720.32684673339
2008-19-204,508239.9301184253,17453.66279861222
2008-19-154,839207.1936342338,8961.122418793035
2008-19-139,616056.1605417463,24762.98756872151
2008-19-150,492414.6433181037,9237.02134050816
2008-19-205,273115.2523076152,20771.48316091491
2008-19-153,543476.4466972294,11150.50807229942
2008-19-152,300444.2445005642,5635.920734167421
2008-19-123,322828.6606669157,15303.793908704009
2008-19-156,322425.9640019019,9879.042156811272
2008-19-228,256081.9627705549,21924.17311449795
2008-19-146,392759.776008607,17426.328811174615
2008-19-178,348875.3695550858,11429.519619321029
2008-19-227,459745.0228826731,16866.583788525313
2008-19-147,109850.65516594567,12636.23333356286
2008-19-145,324898.6835552591,15111.65345783833
2008-19-221,306052.4892438764,20265.488315079696
2008-19-203,596038.5356774043,17874.702245416313
2008-19-138,248297.2673041865,17571.11107986145
2008-19-140,242470.97315297468,12611.262009831487
2008-19-137,385949.5369444699,16200.514895615328
2008-19-179,341485.8878190027,8116.159344773798
2008-19-224,633583.9736355308,14949.9392371329
2008-19-206,398494.6584927387,17050.725774982027
2008-19-144,358693.3835550104,13655.54386718858
2008-19-142,301680.8659782144,11175.767349890564
2008-19-141,438337.203078822,12556.2231097716
2008-19-207,378450.665209467,14748.28779988992
2008-19-226,341521.15892017307,11844.009671947317
2008-19-143,329034.88518494955,14753.855060993556
2008-19-220,281378.58859338256,17766.37692849863
2008-19-208,364922.8362881931,17354.675448843696
2008-19-225,372998.739919282,16103.038315312157
2008-19-223,286484.15132730326,15077.100235850798
2008-19-136,220257.5559232194,9151.882001928636
2008-19-135,298536.07150239934,11156.067414895922
2008-19-209,170928.55855692306,14594.927026551935
2008-19-211,326100.081571576,15968.07168183459
2008-19-133,299766.5392326144,13228.09602655621
2008-19-134,322531.58294719545,22103.64712118168
2008-19-214,274156.1621000387,17348.152570205115
2008-19-210,369800.9861980126,14460.19457806059
2008-19-212,345887.8367570274,12547.113502071006
2008-19-215,371614.5789831824,15670.14602175432
2008-19-219,358024.25943682226,11860.246451330506
2008-19-218,365498.9639668908,22668.547128014216
2008-19-213,250775.63708582855,21956.895693594168
2008-19-216,269823.78369263915,15162.934586877858
2008-19-217,463240.0180554,25243.13262145164
2008-19-001,372177.4397226583,23622.9305725174
2008-19-005,523918.7832121184,26959.932973470488
2008-19-007,318483.00377641147,16936.898767401854
2008-19-009,286674.9372797307,21045.332898642475
2008-19-111,69181.97114645153,9835.855410829508
2008-19-127,362124.8606793332,12142.834499826711
2008-19-128,353740.9925531322,17243.102471690872
2008-19-129,444955.7884593544,20391.11478079984
2008-19-130,457867.376871698,22525.76552943273
2008-19-131,250876.61535215945,20811.218892157245
2008-19-132,392635.8030903951,31971.572100073783
