ac07_id,facebook_pop_sum,facebook_pop_num_cells
2007-12-006,20994.9670556894,3247.79752555117
2007-12-012,12489.611844686528,3008.693365246989
2007-23-024,310156.30324807,15496.749831881849
2007-27-201,214650.8422344389,18363.08847685426
2007-27-245,173308.1909037103,7832.564059186934
2007-27-278,272954.61276728555,26370.87876064337
2007-09-263,553974.3499221475,30416.510280206057
2007-28-242,404088.5463408418,23003.48986256577
2007-28-241,289959.18720081775,17428.76162389794
2007-28-243,324802.7121421244,27664.37988504686
2007-28-246,300274.2745743676,30185.703876450425
2007-28-244,266214.2636574223,22238.16428400376
2007-28-239,363921.3189311502,22993.403562337942
2007-28-240,270084.7824142468,22905.35551923748
2007-28-245,332212.37107150233,32831.69421520291
2007-28-247,299902.10463842726,34565.02509422845
2007-28-008,191159.6205917833,9881.252747944556
2007-28-001,192922.60143237165,7369.906533728626
2007-28-257,275779.90900331305,28960.522162913927
2007-28-258,286397.2288791478,24931.09205648802
2007-28-230,216496.22314914345,15690.51672257029
2007-28-002,145654.2770650578,6810.453386553971
2007-28-236,253099.5899842442,19268.806017239112
2007-28-007,169815.22672473377,6249.159151622254
2007-28-238,347668.6969270104,23866.56369241756
2007-28-256,333136.7528171028,30207.30258708673
2007-28-231,335192.53767413605,23646.566664476995
2007-28-248,293411.3777799219,31728.886194655217
2007-28-250,419326.1052889083,32300.908033220767
2007-28-009,204980.9462263629,6778.117164701776
2007-28-255,410609.5880256593,40168.45472916188
2007-28-006,186868.06255430405,8331.579416171859
2007-28-003,267096.76147618185,14274.218981059135
2007-28-011,176420.97068216,8917.383814051514
2007-28-004,156030.2279086595,9918.062658421935
2007-28-013,222214.5710859808,11173.024969335242
2007-28-010,183617.85769359165,6447.42993868934
2007-28-237,365324.6033808284,20084.400748085736
2007-28-014,169257.8872074435,10686.797270225215
2007-28-235,278134.60826960666,21406.09896934676
2007-28-015,164252.00542012794,8164.416158263277
2007-28-249,300484.65865486354,26596.15074449052
2007-28-005,240921.1996376596,11054.654282814365
2007-28-274,297573.184677001,34766.06790037404
2007-28-259,312025.72075464384,29976.59125615889
2007-28-273,296465.9930635432,28562.223662741453
2007-28-234,288191.7265437819,16079.515395436836
2007-28-012,193957.14946195652,11892.75961169858
2007-28-029,306858.12054054503,17925.137394122547
2007-28-254,392213.2732392505,28543.94734367897
2007-28-260,238560.0369374627,22998.58443609463
2007-28-272,271439.9104777392,26335.90657146393
2007-28-233,349952.86746652186,28510.988804315548
2007-28-252,258922.60383905144,22173.76042707693
2007-28-232,270748.54417534865,20824.45995558025
2007-28-019,169089.22004769373,9500.948896636372
2007-28-018,260866.4974157168,18516.858805883192
2007-28-016,377311.76035629504,20091.9376643959
2007-28-253,227047.77286886648,22543.43780026725
2007-28-028,179480.57797818742,11323.218748503492
2007-28-021,167014.54280300447,10957.504067259377
2007-28-017,229971.31518009072,17677.011384174304
2007-28-251,268323.0947024602,22252.113096523302
2007-28-226,361189.312011516,18275.09005848819
2007-28-271,251823.51542388383,17343.268671101083
2007-28-220,360285.0575609096,30100.495415559653
2007-28-030,164280.30681026127,7692.143863937485
2007-28-221,225294.1214097881,18399.49118572396
2007-28-227,253888.1670262208,15527.137822002416
2007-28-020,156159.16819937207,8498.11734639015
2007-28-022,357449.88582332875,23441.475486971183
2007-28-228,307340.7777661536,22672.29245131752
2007-28-275,381497.6009859925,33649.64372016172
2007-28-270,519726.78180295625,28606.442790227666
2007-28-266,312623.48767508095,29257.12543888588
2007-28-023,245635.03468831512,19105.352946116443
2007-28-027,215498.0585194736,13039.046191736235
2007-28-037,260354.888065482,17355.773327539384
2007-28-282,238131.2929453409,20020.011688361177
2007-28-268,228573.4858810704,16627.634635798022
2007-28-261,182632.55795389076,15330.389713410636
2007-28-038,177858.65241058555,19555.578099255334
2007-28-269,336985.7218210207,15640.550634635
2007-28-229,325361.90600668854,18193.231900675848
2007-28-222,270531.51402293507,23470.544572108043
2007-28-223,471793.9007831822,41680.32102083305
2007-28-267,221564.92585020387,15971.43525462551
2007-28-026,1068055.6370938353,53516.86643578903
2007-28-031,260679.45753224244,11561.980648759854
2007-28-033,361530.7011307431,21244.83533727217
2007-28-225,365603.8128178622,20401.82055733641
2007-28-265,318314.04757176206,24801.16594662078
2007-28-276,331947.9868322446,24611.97547560402
2007-28-262,234248.8259580108,17408.5684319888
2007-28-291,235909.5022874082,21954.733149548527
2007-28-032,263355.58193662803,13261.57906130809
2007-28-024,111833.88547421672,9489.266328335829
2007-28-263,283073.0350595054,18905.043272726514
2007-28-036,299751.8343174608,18077.335568386625
2007-28-025,672175.4489115311,11404.07976723944
2007-28-219,2430384.5717222407,110341.8229197557
2007-28-224,528328.1487982832,39069.29653967286
2007-28-292,258618.7989948926,32387.07551181945
2007-28-034,268192.24934486405,13825.987034582784
2007-28-202,459975.6088810125,20400.13929297592
2007-28-264,236148.6689037631,20180.55259341264
2007-28-290,274988.5485743566,25933.91976680314
2007-28-281,528860.4408842934,32585.385998606067
2007-28-045,271365.5293073911,16605.190223075784
2007-28-211,113163.5900458361,4847.532195184989
2007-28-044,238793.1873030453,15922.80808988148
2007-28-204,645408.7477296419,47128.60414918778
2007-28-283,271819.34357919835,18617.209586282144
2007-28-277,386892.6955455172,35856.47870147862
2007-28-214,375563.9539302042,17231.56282703307
2007-28-035,298299.372296224,14094.887018944137
2007-28-208,614923.9535203142,13419.382251708636
2007-28-209,500517.3537585037,16099.75936581772
2007-28-201,364220.4280047951,17612.981390465648
2007-28-073,254817.3896351726,25070.60000382044
2007-28-206,664334.3098495677,10621.13971509596
2007-28-213,95161.2535534261,5738.8808402431605
2007-28-210,437202.8082760509,16807.309626208706
2007-28-207,1107561.847973426,21600.68965234273
2007-28-212,1109162.764357129,64722.2523488031
2007-28-279,157748.827461173,16995.4491942611
2007-28-215,352815.6039861783,5343.846152239768
2007-28-216,609067.9621414018,12648.260698510498
2007-28-217,576593.8685808514,13941.78911163599
2007-28-280,318664.81011597626,31439.002680121543
2007-28-288,269561.45476905286,19913.54135951784
2007-28-039,195317.82130587724,15928.090779290593
2007-28-289,396827.503344733,32791.333550004245
2007-28-203,396079.6932121246,24865.799051036847
2007-28-218,80685.28154927764,4025.571270461573
2007-28-284,297120.42230018746,20269.483038334016
2007-28-042,311694.5013770349,23770.287258539644
2007-28-278,291426.9780718744,21736.114781511133
2007-28-205,339575.3492425492,32838.92471345875
2007-28-046,212106.76216829047,11052.639168830969
2007-28-200,403916.0416843804,25796.766167598034
2007-28-293,233387.07120360815,23010.99691762851
2007-28-191,368553.80287800735,41537.68915774741
2007-28-074,254272.9542747811,24917.96873481705
2007-28-071,320611.13945444225,24739.600765992214
2007-28-041,388812.39356526674,25013.41756284653
2007-28-047,262934.2859611376,18921.7224366346
2007-28-043,272712.5371262839,17368.878666635428
2007-28-285,328465.8633536004,25980.24094645016
2007-28-072,166644.77139805592,9772.342186537411
2007-28-081,270604.5963943995,23029.32784246153
2007-28-040,397593.7079388377,12879.460202340197
2007-28-068,302372.27299021755,20142.75997717202
2007-28-075,264677.0498197422,18366.228475026088
2007-28-080,328406.2550198843,23382.27462515625
2007-28-190,295898.373578505,26071.073958839508
2007-28-287,326487.1741429846,20445.37672414559
2007-28-050,207025.67128243757,12694.171821335563
2007-28-056,207828.16920513584,11679.41380563016
2007-28-286,433187.5287519435,22697.638981192104
2007-28-048,287767.30582866183,13139.636895810863
2007-28-067,290190.92905075906,21088.133371644843
2007-28-049,372090.5910768405,17869.870471538015
2007-28-052,288543.34939873964,15578.131263727288
2007-28-192,293811.2883560235,27971.571585870814
2007-28-294,310534.4006091808,22174.5839080913
2007-28-082,336901.27134426805,27231.813373260644
2007-28-069,199662.4081237806,15412.36165498271
2007-28-051,186154.3567693045,8492.624519926729
2007-28-193,432250.2512532044,28132.94052012835
2007-28-064,177081.4455227229,9137.89658821005
2007-28-065,242285.036339966,12855.172581737716
2007-28-076,245557.54393905663,17102.623283427034
2007-28-105,351624.22789547336,21929.05051744281
2007-28-199,278362.3939633514,18179.83426872664
2007-28-198,381423.2870408766,27384.86147114545
2007-28-066,173546.24417803474,8098.065287998004
2007-28-070,297286.5005795026,10586.71695584309
2007-28-188,339528.27730596514,24159.752402363287
2007-28-106,385510.8381876453,18817.561746650797
2007-28-055,247874.6312489434,7811.800844502839
2007-28-053,221095.41634334976,4703.021519618109
2007-28-063,289591.8505287935,21734.737632882923
2007-28-087,226755.93286570703,15786.245202889491
2007-28-079,907906.7843901784,31555.73532669873
2007-28-057,185924.98453601333,5324.98977602247
2007-28-083,328374.291657183,19626.85994095244
2007-28-061,193376.02108118485,4905.437728907376
2007-28-194,401695.6623340873,29213.88342681369
2007-28-062,227859.04639020812,12620.708839609244
2007-28-189,329262.56411798904,26972.63124967646
2007-28-060,299012.6763661055,10392.80087087553
2007-28-107,316764.000199627,14559.123994510155
2007-28-103,230306.5849121536,15875.773180083695
2007-28-054,124389.99925887164,4891.196302915254
2007-28-086,176525.70091276057,10758.14188957974
2007-28-102,312140.92487354606,22143.18244327713
2007-28-077,219111.0778738701,4045.8641933704657
2007-28-078,169876.96150913194,3196.695564908965
2007-28-085,245372.07465122105,13489.772910233003
2007-28-058,177197.45549359673,8051.423855649074
2007-28-104,320760.8379702933,19764.696059023263
2007-28-059,273359.55224097945,11134.201762277196
2007-28-095,165386.50262718834,10715.308374462418
2007-28-084,168646.82384999638,10594.190772435795
2007-28-088,324106.5458192476,19304.0762622339
2007-28-109,405130.6532230744,19349.585456418543
2007-28-108,345056.0786014691,20557.74959981568
2007-28-197,439753.1209970589,34457.16117094178
2007-28-101,563623.3640212098,12959.385891360627
2007-28-195,302725.6530661673,22786.594488129485
2007-28-099,202355.2072452172,12204.108186209834
2007-28-100,217666.72825186176,5315.107629462356
2007-28-096,208275.0741453429,8607.657484273404
2007-28-090,180256.7792072369,13654.353485553764
2007-28-110,342490.12487821234,18266.44661069329
2007-28-122,357276.8833193172,21601.39965251624
2007-28-121,292190.0126338551,19539.444747416816
2007-28-196,271800.3809741872,22805.005112770217
2007-28-089,78605.95883478955,4731.1140518126485
2007-28-094,175421.29870679992,8671.025648191542
2007-28-093,153501.4685096206,9612.417862469722
2007-28-187,297777.7290797089,16789.807449639833
2007-28-113,273331.7688842604,22220.267477153466
2007-28-097,187570.2790011228,9539.483362436062
2007-28-091,136869.39764108974,10904.033580301017
2007-28-185,263736.54265920894,14905.571187047348
2007-28-112,263539.6124849907,19428.21004863077
2007-28-092,140693.02946647123,10535.703366991627
2007-28-098,297581.19240058697,19240.373657596298
2007-28-177,394122.4807336281,23582.208954130903
2007-28-114,230520.6418837359,21444.48366417214
2007-28-176,413060.8170835253,20522.171659752552
2007-28-179,483554.9584551898,19614.318235885017
2007-28-178,383523.5276405134,18460.40319023645
2007-28-111,140293.1300262759,4251.82350863429
2007-28-180,343932.1772315575,20368.7825550689
2007-28-120,312737.78593776934,24230.463346173565
2007-28-116,310228.6773882504,28634.533891108997
2007-28-115,339502.63378458354,21520.427303307748
2007-28-186,407060.1746897964,20362.7595817323
2007-28-181,320524.3274543193,18927.813269963957
2007-28-184,330338.90939157497,18668.847801493717
2007-28-175,276444.0711305119,17003.097214270918
2007-28-123,214711.80200242656,17504.05999596417
2007-28-119,251265.72930583928,27077.435534863107
2007-28-118,304105.8763418321,27132.15907634326
2007-28-183,316430.03538489755,17737.472859768313
2007-28-182,290929.42159316904,20267.15329186525
2007-28-117,296326.06242065533,27607.999755753957
2007-28-170,288220.1301463492,17096.25907374441
2007-28-155,263505.64302984806,22403.715000449345
2007-28-174,323014.1463198884,23081.7337650056
2007-28-169,268622.8614640837,18830.72223989373
2007-28-124,221579.91472958052,21588.247401292258
2007-28-168,289155.0199326156,24709.54241797095
2007-28-158,237966.24786820568,19397.839621583
2007-28-125,291875.9331615377,27237.870901984512
2007-28-156,270174.94830711384,15640.96513460041
2007-28-157,348991.92452041217,18982.98269915479
2007-28-171,285902.6641434624,26349.94883270969
2007-28-173,346599.43052218296,24700.36654763446
2007-28-126,223402.5130648178,17928.98435073479
2007-28-128,244649.35657743303,20283.7909047456
2007-28-172,496118.01722736383,31052.12547587963
2007-28-167,388664.9086661885,32328.82231330968
2007-28-159,226818.28838460136,18327.499520187965
2007-28-160,260886.9621869826,19272.50344577368
2007-28-127,212989.229616872,16811.315400235282
2007-28-151,257352.70554855696,16456.67039835773
2007-28-154,508133.6532457316,23042.67896203618
2007-28-131,286372.1771497283,31448.21213034734
2007-28-166,314740.8796366912,27584.228604921933
2007-28-129,259528.260278472,22952.514672120225
2007-28-161,277683.623541838,21199.727771860547
2007-28-153,273593.35074649955,22802.85897977455
2007-28-130,564462.897776549,30119.52465546312
2007-28-163,268647.32242316304,21125.150035990635
2007-28-150,223561.57215838827,18669.97567294119
2007-28-134,291691.32131334057,25063.71116396563
2007-28-162,224815.57734989337,16737.3874975988
2007-28-132,271845.31270291004,18809.782684924576
2007-28-165,285035.282103908,27863.549967776344
2007-28-152,247126.17511235832,17217.13186868868
2007-28-145,227796.96500398192,22227.06847211256
2007-28-164,362944.6133605607,23392.192650988
2007-28-133,274339.06291524594,23762.24895220872
2007-28-136,244257.9495565296,23180.398895615945
2007-28-146,230297.56224457765,19007.35978035572
2007-28-135,281820.4690726614,20763.59508549981
2007-28-147,242855.64568333665,24924.316133316024
2007-28-149,599937.3910423132,34568.565605065465
2007-28-148,279172.45806478604,26745.94450945593
2007-28-144,340149.9181281563,24673.327062038898
2007-28-138,248776.0910308652,23113.72895577878
2007-28-143,332005.0305587285,26786.10379088737
2007-28-137,280392.39327294123,13709.97985667337
2007-28-139,259136.2658328365,32807.50802030717
2007-28-140,284104.23428009136,24210.18580771057
2007-28-141,290294.29536850814,27779.73873892292
2007-28-142,347653.2493590728,42664.14425611493
2007-12-041,9843.275081786676,3325.898415638134
2007-12-034,19391.36378499856,5373.0
2007-12-033,13868.302150994035,4677.353852450848
2007-12-032,14496.499679703713,3816.513301908155
2007-12-040,17131.86122569474,2599.636059835553
2007-12-022,11361.203817500113,1430.393940269947
2007-12-043,21871.397761771103,4719.551246906281
2007-12-023,43288.1119864241,2063.6867752224207
2007-12-042,35470.25566184492,8203.292141157814
2007-12-035,18157.25501497752,3939.3639401159016
2007-12-045,23544.119604996915,5038.0
2007-12-027,13437.599565158647,3121.1496101021767
2007-12-021,51320.91206699662,2660.0
2007-12-039,12282.113086617195,3239.963682238187
2007-12-038,35806.25995946541,8388.950317967334
2007-12-024,37556.93401693984,3521.293908931315
2007-12-030,6092.354362810089,1696.6710303414147
2007-12-031,32437.989021913083,8251.312205412425
2007-12-044,42906.3677254344,8272.146159685217
2007-12-020,37721.50437985838,723.0116569730453
2007-12-026,21260.84489220534,3756.429067664747
2007-12-029,23318.316695743928,5910.048505643383
2007-12-037,32669.231546703304,9595.11766959554
2007-12-036,6683.654555971698,1654.9655299353765
2007-12-025,25831.50561963635,2605.857615763729
2007-12-019,28431.63083532815,2007.992068707943
2007-12-018,64863.849423886175,3537.298971313372
2007-12-008,16995.927173867723,1691.4097004905343
2007-12-009,12097.022737584124,912.6532608419656
2007-12-007,18749.682506164827,3029.468187961029
2007-12-028,15180.141718838706,7028.959660018471
2007-12-003,7392.596276981548,846.771854519844
2007-12-046,34990.473235170975,5823.741275581066
2007-12-047,52804.8686890502,6655.438925275506
2007-12-001,13998.668127029512,2965.1478304248303
2007-12-004,27239.785489736267,4783.939650878794
2007-12-002,36614.98990238216,7633.141998883337
2007-12-016,54561.58565962727,5571.712427714581
2007-12-050,23263.67784249487,4024.3426766823977
2007-12-048,36553.12180195061,4884.504019907196
2007-12-049,93591.65588492816,12586.992672148554
2007-12-017,34858.29963151454,3475.621415763153
2007-12-015,26739.532190844824,3778.9355414658794
2007-12-014,85006.67612781683,15563.97751982788
2007-12-010,32981.31936157135,2261.6273897710817
2007-12-011,22425.44320540394,2167.4774928488187
2007-12-051,23165.162175088517,3229.1106012838427
2007-12-005,34272.22568432594,6078.277267644415
2007-12-053,25220.066644236853,2091.7825420051813
2007-12-054,13484.17711557072,1290.3529690504074
2007-12-052,2921.8967790781307,336.40618888591416
2007-12-013,131854.59359791983,16121.081307564804
2007-12-055,7985.229923900955,1010.0248997053131
2007-12-058,16263.344087357067,1357.1152805435704
2007-12-057,20099.31235909131,2964.999818980694
2007-12-056,11256.085456352695,1489.9751003265849
2007-12-059,34255.615733489525,2250.491578880697
2007-12-060,15002.031696598193,1347.5047739124857
2007-18-126,300020.68366706016,35118.75928424244
2007-18-114,396974.54708242696,44465.58654776191
2007-18-121,172793.8517768444,18361.51202060931
2007-18-116,19718.568464368625,2231.501879940988
2007-18-124,411588.3728357069,42111.50445329398
2007-18-125,171496.92100840755,14271.54234856795
2007-18-117,295468.2051867527,31298.259024607192
2007-18-113,380606.08363176655,49273.95175027636
2007-18-123,187617.81817785357,19509.423992838845
2007-18-122,294734.4455097448,33066.92828247241
2007-18-118,316558.73328013136,30419.024921138614
2007-18-115,261483.58571202,28561.583144776545
2007-18-111,135273.5496318725,16653.886132861135
2007-18-112,212690.48905252037,22395.808188979063
2007-18-119,214819.5284998126,21455.03967297102
2007-18-110,486505.4894696921,48078.247915424174
2007-18-120,239887.4596343453,19205.73971316778
2007-18-107,159488.08774033427,14818.037131544246
2007-18-105,234205.45810928012,22917.776369413365
2007-18-099,180662.4852603403,16408.74270342591
2007-18-106,277968.5164240826,28995.05465550898
2007-18-109,250819.11434343865,31428.61332420246
2007-18-108,181218.0353108497,21818.77888400068
2007-18-103,198098.6027207657,18369.30445192545
2007-18-074,244092.33518298992,34571.92067969212
2007-18-071,358287.21181720373,35698.078119876795
2007-18-104,229736.52648703023,22870.41457003134
2007-18-078,263610.5855408147,35968.838548798754
2007-18-102,127592.10206632131,14161.817313342704
2007-18-077,246133.76559007156,27695.1137570641
2007-18-031,285088.9910277555,40660.72865254613
2007-18-075,196134.8860024663,22516.92226709446
2007-18-070,428798.89945184055,34974.42523492342
2007-18-069,239913.12143104564,23363.524447913733
2007-18-064,202503.2416464296,22844.569083222043
2007-18-030,233489.31196890297,32494.66299044284
2007-18-098,191841.9462061285,20339.92918491864
2007-18-076,242077.99800338448,26844.108764589397
2007-18-097,208589.2287461262,15153.090066278182
2007-18-101,165119.32897711353,15941.555479182574
2007-18-062,178251.1749443747,19684.02046307516
2007-18-041,165908.8417638007,20062.68711178529
2007-18-063,296349.3052910397,28169.946209757327
2007-18-058,333347.1813617653,31469.650628948817
2007-18-033,257213.3952502584,22179.931212064228
2007-18-040,252201.6923965677,27179.913064946828
2007-18-093,267704.73471309786,35764.22144169903
2007-18-028,345197.96978439786,39813.04962715088
2007-18-072,273415.42650707974,26196.503243032883
2007-18-096,309310.21106863103,37874.264153100514
2007-18-073,371881.6406466498,30520.933285806797
2007-18-100,329354.1849298578,22219.80892557013
2007-18-089,320616.153142282,22663.367449378733
2007-18-042,208392.23512449703,26144.91724483599
2007-18-068,360031.2410162141,25493.981883026427
2007-18-065,220659.5527337901,33531.59066083125
2007-18-056,358433.67660857463,30298.87269026836
2007-18-032,278684.6440280806,30204.440370305358
2007-18-017,259562.2848225231,48598.59076416037
2007-18-029,228889.3443703633,22236.103977779465
2007-18-059,386540.0147230934,25083.434918840467
2007-18-057,160747.13788635127,17026.39698876751
2007-18-088,209931.6232861921,11316.732547240475
2007-18-094,352425.9147221743,62766.87586106849
2007-18-018,192050.49664590185,22892.25457169553
2007-18-043,281293.72294497147,30202.24253615761
2007-18-061,198427.0020648018,21690.02099952533
2007-18-034,366656.670497509,26560.58484204438
2007-18-067,256635.3149375017,24513.536045532222
2007-18-095,271686.0469658466,28290.03140962796
2007-18-085,264216.461352166,19604.462407759653
2007-18-066,242798.1752770708,36430.51173088305
2007-18-083,352274.49526546843,19215.775952369877
2007-18-081,316748.3948611485,21352.36241064589
2007-18-044,419402.64014485065,38523.04627655447
2007-18-046,250747.83588638276,25210.964093212067
2007-18-084,243290.471800616,12827.705344730755
2007-18-027,404684.7024953999,35151.60362712122
2007-18-035,271985.01098597003,17999.413739248994
2007-18-060,375259.6317461721,29977.019530612677
2007-18-055,97152.10962608187,21779.16884188838
2007-18-086,225989.61946106315,15079.268342832152
2007-18-080,289755.9495475594,19134.55651414013
2007-18-087,337301.0138479368,20501.394336643352
2007-18-025,335121.1202923835,31374.37398266154
2007-18-019,250668.5769844014,43134.83789615808
2007-18-047,341150.39758584247,21264.762393023902
2007-18-051,117455.90889325304,18705.011964171517
2007-18-024,374498.2615263165,23994.11908189332
2007-18-026,358957.3877360325,25238.592944713266
2007-18-079,418783.480374385,35761.45605145187
2007-18-082,348411.73395009484,24673.744087970343
2007-18-045,247092.50097342493,24874.187668560404
2007-18-052,416353.00789023616,36533.585393126734
2007-18-038,273814.09713858686,26498.439161932834
2007-18-037,382610.40419058217,27370.99344432433
2007-18-054,203849.6847354805,20148.249831558656
2007-18-053,795159.5245951714,46368.01085736816
2007-18-090,356075.79143926845,28000.602988133964
2007-18-049,354421.5235205452,31738.73429859657
2007-18-048,309742.11544375937,40505.41329454204
2007-18-039,126440.29074970036,13670.806242380711
2007-18-050,193079.4926229104,15083.979711045193
2007-18-020,343132.6516202624,42589.75513151992
2007-18-022,310854.32583409786,28716.80618962389
2007-18-036,289328.1641340964,28808.581929117943
2007-18-091,385966.64760548505,24613.132512787477
2007-18-023,249350.9535017103,15286.55773970543
2007-18-092,381464.7192713393,31466.944253656133
2007-18-016,245056.2261644554,29193.54040626745
2007-18-021,462858.516198222,23405.96861884356
2007-18-015,372677.9310296658,16343.220131923868
2007-18-012,336681.1574109182,15023.268208899244
2007-18-014,313987.8537396542,8060.6157961945
2007-18-013,351824.00623021944,16495.86417547078
2007-18-003,296925.56117497233,8211.062334951188
2007-18-004,383803.73041013273,17581.38249965431
2007-18-005,223847.50825104056,9248.767180165356
2007-18-008,436603.1501649708,18142.2939742811
2007-18-009,124339.6418499124,2712.0866329846467
2007-18-010,199472.9648529936,6570.489126928747
2007-18-002,195208.5942551468,12639.971830402754
2007-18-001,262449.1974030174,11046.631695205346
2007-18-011,224323.1209758656,7345.875141069802
2007-18-006,261342.207008697,12693.25393559353
2007-18-007,225705.4111945281,12905.946142319224
2007-10-003,511121.4926870184,9508.890058750178
2007-10-002,554013.1379175356,20761.6357172695
2007-10-004,612655.9427661921,17488.732213290954
2007-10-005,485360.6373331047,17569.945163780103
2007-10-001,316934.34638991096,10063.133570515853
2007-10-007,468749.2509324306,16281.415926910136
2007-10-006,554049.614325806,14341.67994882338
2007-10-010,468731.8190182872,20769.826570646757
2007-10-013,596402.1225122951,20855.79435399012
2007-10-008,577544.5610181468,21685.27225547471
2007-10-015,426133.0707675228,12216.88258728484
2007-10-070,519653.73390207184,23114.160563223897
2007-10-009,651295.0303203154,22006.752887309507
2007-10-011,681227.7560416162,28286.291799210456
2007-10-069,567593.7739743484,28834.61526564104
2007-10-012,567116.0222512123,23601.34495004853
2007-10-014,745253.422857711,20762.95763502973
2007-10-068,937276.5175997271,39275.82935640709
2007-10-019,476795.77946525736,24883.44981785364
2007-10-071,595854.1670516032,22067.38971410162
2007-10-075,482052.04620629305,24174.058100212285
2007-10-024,413984.5822379086,23599.4588184732
2007-10-021,383535.5713247515,24766.562887067907
2007-10-128,868537.0313814066,48702.17217216452
2007-10-020,610342.3624999869,24882.571970825746
2007-10-077,335225.32982177654,14482.510585706235
2007-10-076,434210.1851504512,8994.733905730887
2007-10-016,508006.742796269,15026.868942140522
2007-10-073,442725.5176556048,23110.004016135263
2007-10-066,426403.4508883656,20497.725597056407
2007-10-067,439686.9042364234,18352.085617885936
2007-10-082,439127.2498004561,19321.21355696634
2007-10-017,446928.67803637136,17631.732925837518
2007-10-018,644114.513198725,30623.67003972894
2007-10-110,533895.3684352792,35868.20579974921
2007-10-072,627717.8066264624,29180.026858678
2007-10-134,749479.1276802467,37971.03888339191
2007-10-022,559909.7045792987,27976.13230927511
2007-10-023,564017.1968993252,25126.78589464008
2007-10-025,509419.7511928819,19066.802938436624
2007-10-065,583106.2636918109,24266.84127510253
2007-10-133,597110.2299076187,31653.467902895354
2007-10-026,469610.6266460028,28594.609689651377
2007-10-064,783460.0413892246,28529.255682358536
2007-10-111,593086.6301502021,25387.30601139424
2007-10-074,521838.4982823421,18136.09010979672
2007-10-131,528243.2054386038,17448.396091424645
2007-10-079,568237.1862886266,15763.719593914862
2007-10-078,513833.4972511032,15877.939200639832
2007-10-081,446760.8863310629,15180.042908803538
2007-10-130,662622.6527615057,23319.785999180105
2007-10-091,436717.2083576337,23862.274481180568
2007-10-080,540177.6521236057,14921.055430128468
2007-10-129,546561.0628834442,28514.88789238542
2007-10-114,507103.9656743797,32522.36105294896
2007-10-030,454744.5811916434,30577.119365450213
2007-10-029,454772.2255141338,23027.167693112253
2007-10-062,464856.6459530823,24773.539339509472
2007-10-028,397657.0609009024,18623.94194869952
2007-10-063,636765.5481038224,32380.488634344256
2007-10-055,453754.3592835398,17363.108571800156
2007-10-054,503379.056474424,21257.93883217504
2007-10-027,422931.8169721374,29155.95140263032
2007-10-090,602807.4549478294,26327.698314844358
2007-10-032,547959.8653902212,22436.08389018356
2007-10-083,529746.0661466861,18549.18218847648
2007-10-112,619041.6408374448,31570.094735322404
2007-10-135,659767.6213602596,31856.66127968656
2007-10-113,515956.3810322798,24454.446988373777
2007-10-088,766006.9134519207,32631.17508865407
2007-10-084,510519.4024164069,15945.65176819432
2007-10-061,424624.95173991215,21718.37017339866
2007-10-031,482988.4181348567,24860.005532346757
2007-10-056,466553.1200061623,25761.872753454238
2007-10-037,482022.1927835829,26365.046845622597
2007-10-059,1098996.7588198453,46340.467449550575
2007-10-033,553263.6037773571,21795.061122205974
2007-10-132,561354.2118210404,9783.138177327
2007-10-089,86679.77297164185,3466.1434654188342
2007-10-127,597943.073236984,26699.8889674388
2007-10-034,521837.8687885295,22980.50693186245
2007-10-085,397161.8615211086,16800.39380767013
2007-10-053,558919.552372807,21685.543558155656
2007-10-086,570234.1649660487,30126.43273696572
2007-10-136,579633.655917578,19678.694648467357
2007-10-116,553304.3874536561,35358.895060302384
2007-10-092,326671.8271797907,16650.788860646284
2007-10-038,423000.75444914855,21801.451074038298
2007-10-036,413690.02357172174,18493.92773878396
2007-10-057,442505.09149726544,19830.967879036136
2007-10-060,167937.32599918745,13075.53370964192
2007-10-087,404356.59769782645,20467.522123883315
2007-10-118,522519.2556314871,22178.24257302484
2007-10-058,438506.5447353442,15725.087314416833
2007-10-035,475994.2076261479,20828.79283247018
2007-10-093,522726.465423301,22009.046408876195
2007-10-117,569474.295779511,33084.88945814132
2007-10-115,404103.3056250284,21221.7027289556
2007-10-120,575612.1282355401,29027.003323762096
2007-10-052,444638.1461028751,15449.740800493128
2007-10-138,671683.5461317141,33921.90063626918
2007-10-039,441267.5645017863,21149.34154241124
2007-10-094,592139.2781502432,24828.74133356424
2007-10-126,610419.5281396015,29622.240112338004
2007-10-040,533849.3546772163,25340.57966855244
2007-10-043,412764.24852883,20581.401993671607
2007-10-100,470083.1116131579,22632.241990094622
2007-10-095,250914.05393257475,14717.477354032824
2007-10-050,474221.2645246813,14698.81767368092
2007-10-121,504640.4726046191,21017.09720669568
2007-10-049,644722.0564172436,22588.87006026801
2007-10-137,425241.28538699326,18468.631242979733
2007-10-051,560092.5206677181,19510.52588862321
2007-10-101,646702.6608360929,29609.036123379297
2007-10-144,513058.0949584717,25119.18421700668
2007-10-099,744984.204940988,46122.35010419809
2007-10-042,472364.9670884995,19330.73707328832
2007-10-125,475639.65592539945,21825.665555881016
2007-10-096,567050.9381902767,24891.797912941875
2007-10-139,669216.4428710019,34362.09232712066
2007-10-102,712221.0147019692,23066.376557320404
2007-10-041,474035.5528095715,11981.649874504596
2007-10-119,624957.1396827546,22046.72035709109
2007-10-048,614079.1232366447,19252.149145368337
2007-10-044,414134.2982659948,21904.95198068866
2007-10-122,361290.2959000726,15189.837339175474
2007-10-143,659970.3829645618,27339.519799492195
2007-10-045,475727.4628601465,21450.05826138369
2007-10-098,579321.3931458574,27954.33311376596
2007-10-108,502858.029422668,24240.274576435106
2007-10-200,499685.348221782,27053.66911807647
2007-10-191,335268.0862989602,21884.04292651915
2007-10-197,704243.006656956,34319.88280682605
2007-10-142,334510.0300985539,15473.35163831428
2007-10-166,385362.86682461743,14719.10689733115
2007-10-199,330154.1457003888,20056.361754276044
2007-10-140,788198.1176883411,41542.6920339573
2007-10-109,621546.6354175677,26285.57201933985
2007-10-047,585450.8140869098,14404.4830686301
2007-10-192,419457.596851445,22654.71213684533
2007-10-046,670749.3505035271,21106.32300376176
2007-10-124,501536.534183839,17126.302774954354
2007-10-188,586973.0541046577,21155.759487890115
2007-10-198,346022.074571837,14210.863922875142
2007-10-164,567804.1158035493,11757.210261347704
2007-10-107,519773.5654574256,24678.242691312476
2007-10-123,578809.3299029149,20125.07750210299
2007-10-097,426365.6632951962,16667.2676849355
2007-10-201,423852.0330837108,22099.986972806044
2007-10-189,640179.3844514147,15060.364168087115
2007-10-190,603330.3522630044,11390.81270804831
2007-10-165,578368.5103878909,22149.585942264588
2007-10-145,571765.2955847806,23494.774790226715
2007-10-193,1127056.1581430803,37806.15997740365
2007-10-196,437505.2682308359,13375.564222607936
2007-10-204,482959.93321038526,22677.684568053995
2007-10-202,393305.2776393777,16319.549142275482
2007-10-203,634325.7622809617,16411.834945460272
2007-10-194,230285.83071904097,12229.9474959668
2007-10-186,443130.705575322,15243.913341687792
2007-10-141,490796.6306949962,23221.384800436605
2007-10-105,697793.8210368684,25123.35015489077
2007-10-184,510123.5572808088,19599.42658016264
2007-10-106,429164.8523260145,16414.254761021213
2007-10-185,459780.96510116296,16144.78096601356
2007-10-103,522995.52277690935,18237.044348269268
2007-10-183,468837.8028637222,11719.43946374202
2007-10-167,697804.7208612891,25735.633306165044
2007-10-152,377489.9670199751,13072.963714595864
2007-10-151,457060.4409294461,17365.78637476219
2007-10-104,354654.13165319787,16042.610221276886
2007-10-146,442751.24976422224,15489.107683996495
2007-10-182,520719.84059980535,19668.598848024943
2007-10-163,474551.4686873572,16439.23455727121
2007-10-187,423766.82064007415,13194.024899011998
2007-10-205,371967.6152486573,14515.670381442498
2007-10-147,541637.8553272898,16974.91791981127
2007-10-181,366608.31171448977,9695.442083315576
2007-10-195,527643.0871445698,22098.344825674263
2007-10-210,330964.42968131206,17394.71147609994
2007-10-180,430864.1092278341,14204.14485224607
2007-10-168,289180.3111909153,11638.643204271735
2007-10-206,628779.8332545699,12546.324873541957
2007-10-209,444950.63063816255,18379.16013863669
2007-10-208,468831.69612443633,16231.247940819463
2007-10-175,541871.5148020549,14011.14740746747
2007-10-178,423844.43090067816,18410.86547789464
2007-10-172,498381.1674627706,20620.220911248995
2007-10-153,494707.5022122885,18820.47566170359
2007-10-148,712159.7402174128,19298.715212221152
2007-10-227,430797.7405092246,17995.19892647621
2007-10-224,281862.7502979794,10504.832720748938
2007-10-228,740652.8356190757,23829.52628389712
2007-10-211,613325.184586894,21847.85624425393
2007-10-149,752895.5539419927,19570.61298011141
2007-10-169,534259.3383525091,20382.57096514472
2007-10-150,105408.22711765608,10001.462327669724
2007-10-213,374654.015543907,20968.81458219988
2007-10-174,466110.10563915846,19482.58249816485
2007-10-179,484210.0789645519,14751.31973598292
2007-10-162,592079.0178361069,31450.76088572274
2007-10-226,403315.6292981554,15695.105337172778
2007-10-225,300454.31646066223,9187.975723763111
2007-10-176,465940.2173736749,12789.558513876576
2007-10-207,501796.3797519699,12921.640688952622
2007-10-215,523334.6810517953,24216.240197679494
2007-10-161,383772.4056989156,16008.94601783298
2007-10-216,294042.7359288025,12994.149648704624
2007-10-212,593565.9381822622,26222.17335144966
2007-10-173,383315.14162579615,13257.57328831224
2007-10-222,398342.5536325236,13979.245963369554
2007-10-177,362010.7620374759,14931.02225813022
2007-10-223,760549.7267198999,17722.55487644855
2007-10-154,584952.3286887233,20580.48928416364
2007-10-155,750711.5555916863,20304.328131467675
2007-10-242,552331.0849790665,17821.50335681636
2007-10-217,580285.4034810145,19140.97087456056
2007-10-230,174483.905580211,14026.508599514564
2007-10-229,666966.801427257,30412.44479897672
2007-10-170,540362.1891202021,23922.54288702132
2007-10-238,600948.8085100726,21428.055082353058
2007-10-157,409334.59692638007,21955.67030925923
2007-10-171,365330.3481785962,12853.257043724589
2007-10-239,592972.0052623987,26130.568280300795
2007-10-218,296777.5958823617,24123.124508550867
2007-10-214,617426.2711955366,30291.653668651557
2007-10-160,431145.7424468896,23298.38964714817
2007-10-156,400733.38388514513,18313.43785630982
2007-10-221,743620.8793095778,25159.365042060643
2007-10-243,388472.802419662,19966.613571468
2007-10-241,622564.9032977086,19118.955796923303
2007-10-220,469274.5853051984,25777.44942398813
2007-10-231,697863.8242806925,30471.168906490857
2007-10-158,480386.8053308961,25663.644769393064
2007-10-234,307460.0514033266,18089.89932564058
2007-10-219,456665.0948221096,28354.42313184048
2007-10-232,386594.6847130789,15047.206019710924
2007-10-237,657630.5151885841,29794.74343031864
2007-10-240,467900.31621374807,28510.57989572356
2007-10-159,498952.21037268254,25617.548686575174
2007-10-235,633258.8891576491,39325.049559501815
2007-10-236,513313.7718371411,34372.47388104438
2007-10-233,435700.3620406687,22772.846625377104
2007-22-005,411822.16179299867,66648.95008619223
2007-22-001,466424.8301525387,58882.56674003508
2007-22-004,355172.2910239655,49397.69001555039
2007-22-008,433828.4220776132,74826.60708892261
2007-22-002,250600.77270113275,30197.1279150045
2007-22-006,295098.3850306303,46508.445613191536
2007-22-007,297584.4124828806,44885.27601542021
2007-22-011,220364.07337084,36515.17002233595
2007-22-009,340590.5608088551,47370.6364173519
2007-22-003,327577.01201457105,41660.35023420708
2007-22-012,281062.2619437215,43730.82376902364
2007-22-024,222096.6503082322,30431.873251088284
2007-22-023,249302.27775116477,37402.95743809672
2007-22-010,255261.40040218856,30303.179471017327
2007-22-025,263691.10968611896,28847.49164462672
2007-22-013,219400.41812990725,38405.61355108388
2007-22-014,285193.02471451554,39869.90772769334
2007-22-021,601938.8867823783,41404.06890054968
2007-22-015,126768.25997109928,16618.464261381887
2007-22-026,334396.50296248944,21542.249968992543
2007-22-022,535229.8186800826,58695.20875701567
2007-22-016,385856.5642599707,41315.09593827004
2007-22-090,525960.8780944172,43394.688313093895
2007-22-029,267261.4591103199,22175.294076828155
2007-22-033,323525.5188892093,19508.17613039444
2007-22-028,310357.10192653287,22263.454198173094
2007-22-027,381115.0355091421,24985.34209827258
2007-22-034,338244.8248451546,28800.163997690757
2007-22-030,504284.03107339534,26984.55498748968
2007-22-018,278273.88374067645,31910.51358592914
2007-22-037,192811.76444918092,12878.250019222907
2007-22-036,399431.95911824575,27869.791323531128
2007-22-089,305459.3305366994,21465.880116316606
2007-22-032,371414.1222705863,30755.329641601667
2007-22-031,268168.7454882015,19659.16022510121
2007-22-017,165872.62616661115,15204.299113180568
2007-22-072,322873.8416791845,22549.55637930184
2007-22-038,343514.0871061051,22463.844066731777
2007-22-039,270369.02123772295,20881.61013490554
2007-22-035,430372.5294425147,24297.463327435195
2007-22-046,369897.8250155672,26865.56321940124
2007-22-074,237387.02626486763,19162.384390449093
2007-22-047,321691.71184289095,22881.619669758657
2007-22-073,346211.42357624066,25615.0881846918
2007-22-088,226671.72142654844,19431.293578204648
2007-22-019,393611.00670638005,28807.5506031976
2007-22-048,418040.41351135983,26574.894216814468
2007-22-049,277478.7754484619,20917.4781039191
2007-22-050,369615.0857854356,30309.31921025765
2007-22-020,215057.83178824096,16337.069802629412
2007-22-045,815024.5384926934,58256.68555801903
2007-22-044,591047.673605039,26595.26196680442
2007-22-075,358766.4861878066,30529.546717582445
2007-22-053,328919.4704596916,21593.245382382047
2007-22-056,202910.45010820503,17961.690398995765
2007-22-087,329846.0311983201,28176.048965450787
2007-22-054,275174.634999682,24302.079472025194
2007-22-043,231777.2108540168,15293.556283829575
2007-22-078,282694.90240103565,25328.55388578449
2007-22-040,613503.744619212,42677.05032992665
2007-22-076,512696.9273761824,34248.35744160752
2007-22-077,829514.0638146298,51842.53835914948
2007-22-085,274189.5953724189,24308.45951746032
2007-22-086,361273.2257676304,30647.207542867167
2007-22-041,133700.51508297116,9301.979493175895
2007-22-055,285168.0155272493,29236.16481620269
2007-22-042,391349.1433583804,21994.101664117377
2007-22-051,421345.8006820348,34148.73253312161
2007-22-079,228027.5889882522,19612.87296745572
2007-22-084,198465.65783507295,14826.291727318578
2007-22-058,333242.38191648584,20447.286455085035
2007-22-080,104912.34832242382,9180.789858437976
2007-22-059,296509.4615504274,25163.48166775098
2007-22-081,309543.6592338477,22805.27725132875
2007-22-082,293695.924179206,25924.797640595767
2007-22-083,290412.1041326247,27439.14285047212
2007-22-052,343283.831144343,28708.6339417826
2007-22-057,239961.06106853817,23386.678099482942
2007-22-060,275047.6564623933,31031.431251486614
2007-22-061,278353.94792080927,33227.98335026392
2007-22-062,396610.4254209057,49061.75117887859
2007-22-063,388804.1276293194,45728.05501357688
2007-22-064,246224.72904825892,31371.325128471588
2007-22-066,408303.682789039,32358.39632200767
2007-22-065,157139.57741630595,21778.86614691648
2007-22-071,287018.4015408881,40699.19057991453
2007-22-068,208794.2538406488,21454.11841414869
2007-22-067,309044.8743789226,21632.08725665335
2007-22-069,219900.22055379185,30138.532058191064
2007-22-070,237400.3864040537,34981.848358791234
2007-07-054,443459.4376934581,21034.08129571819
2007-07-022,1158571.0901159076,25926.286111069323
2007-07-055,725943.003202331,16250.905928488028
2007-07-021,556787.0284800292,12353.751619690414
2007-07-052,384322.3635142571,9389.037651531766
2007-07-020,637419.7530459296,5080.633154132491
2007-07-046,61307.050785231055,1362.073620237701
2007-07-061,23679.54503220872,324.5110698922072
2007-07-051,98743.43754412272,1455.3380813179033
2007-07-056,152945.2373044409,2640.5225489221198
2007-07-019,29767.371087783744,386.4834388293493
2007-07-062,170260.1088275807,2469.195640509124
2007-07-025,145001.5512744342,2091.041916807157
2007-07-028,167610.21148817823,3053.0566916815587
2007-07-060,69542.6659272463,1247.8490036871517
2007-07-053,154070.32333812906,1228.803927970676
2007-07-050,92564.10584173426,1673.8966248175277
2007-07-024,266452.22591393185,4906.969022794064
2007-07-018,195094.1186534208,1523.298229026375
2007-07-048,191742.5192645988,1509.297034591902
2007-07-047,132479.22505932266,2308.00290868137
2007-07-017,139814.91604382318,1137.3327577125726
2007-07-045,5475.441623061475,103.5393873451394
2007-07-023,98222.21836120605,1950.399238099278
2007-07-063,266170.12188080314,2608.153571008821
2007-07-044,181302.79084568267,1429.9957411247306
2007-07-049,41954.96465419002,1213.1334598606163
2007-07-027,171635.28725357106,3757.70276164537
2007-07-016,62299.85589396623,1012.0793548097718
2007-07-064,193596.65536422568,2668.1946739098084
2007-07-065,148906.19188680672,1054.8886139422684
2007-07-042,175219.32944190165,1262.8904397704173
2007-07-041,97756.0575471084,1790.647085769564
2007-07-070,369282.8612093258,3661.0865373815914
2007-07-043,78277.96848709344,1327.5365620369776
2007-07-066,143846.89890308375,1882.7506345594584
2007-07-015,1216.9642934329768,15.906350144185126
2007-07-068,76435.56260971028,686.9841274964868
2007-07-069,13104.168121590805,197.91112796335076
2007-07-058,54073.23272767191,749.1635216241702
2007-07-059,115144.811040281,1719.638592296993
2007-07-026,66090.9281987936,645.231853254445
2007-07-040,8978.541930714056,114.6079127700068
2007-07-003,115353.65446687248,1632.487994017764
2007-07-014,71722.13243288756,738.2230640615744
2007-07-057,137512.65460562243,3137.7381643794724
2007-07-067,14507.687504588888,138.00932266470045
2007-07-002,9761.20989562845,81.63464808423305
2007-07-013,360648.4696303273,2832.600566423816
2007-07-039,83874.54100281141,1583.0303583954085
2007-07-012,344461.2475896689,11273.10822539969
2007-07-011,276892.733132021,2148.0708121929747
2007-07-038,29559.1678094802,568.6655144525895
2007-07-030,302014.2147051392,2429.1078794317878
2007-07-037,58472.68995831114,1857.5519804179785
2007-07-029,8618.96608102413,552.2270625452511
2007-07-001,4016.699212611949,164.8119436155539
2007-07-005,686850.8945224246,27969.73599497964
2007-07-031,80729.98166970987,3335.158848582514
2007-07-010,178566.6148907029,2662.7412503721243
2007-07-006,137907.52376487316,2196.6032231675345
2007-07-004,456.1272875339665,6.804262891411781
2007-07-009,14944.590669225492,228.50349106481008
2007-07-008,512435.2011109728,7593.744034683239
2007-07-036,2029.996324408427,87.74504358076956
2007-07-007,916696.7480431296,23774.99870323507
2007-07-032,4367.312597339007,65.14923323690891
2007-07-034,325940.53482264554,7645.169911788849
2007-07-033,2888.941080468725,72.78452832065523
2007-07-035,33945.12762025203,3686.887540161144
2007-30-002,19686.88335838222,2149.3268071473576
2007-30-003,40737.17281556288,4531.29312379664
2007-30-001,29608.27732012987,3135.6368799775373
2007-30-015,42125.397039545496,6039.52646618383
2007-30-018,51144.33134987265,6075.810923802595
2007-30-004,21028.243412470423,3041.609953544874
2007-30-019,70982.39802912968,8648.096268300476
2007-30-006,11141.871343633917,1357.462957918644
2007-30-005,23468.95331137113,2596.24178685662
2007-30-016,27447.859039744337,2835.329288507275
2007-30-009,36501.36637156254,4447.121245132845
2007-30-008,22666.06056759889,2441.7168757363497
2007-30-017,69205.5546328587,7872.024662081967
2007-30-007,14936.854635652518,1344.5693163033886
2007-30-014,54326.48899484495,5419.101703901775
2007-30-021,88046.36068396378,5784.14642993499
2007-30-010,39301.59497069576,5142.688836064073
2007-30-035,32365.53126494266,2112.5789472409524
2007-30-012,35872.58902857434,2342.629215261666
2007-30-013,46020.285663939656,4529.986677452223
2007-30-020,5359.728204734284,349.8428274069447
2007-30-011,29954.62371307599,2909.698400293972
2007-30-022,78859.93712410668,6038.401551995463
2007-30-026,46447.68933367648,4608.556628910126
2007-30-023,959.1408451058712,72.96532298624516
2007-30-024,12936.192479055417,984.1030827358044
2007-30-025,62820.38015488469,6186.619046460812
2007-30-027,30686.17916160612,3050.863427865188
2007-30-028,80844.42698207885,8041.049726360037
2007-30-031,19097.923813031684,1899.891665854076
2007-30-029,7206.300341990962,716.8941553765908
2007-30-030,43895.12053173599,4349.344657102804
2007-30-034,37743.53340553698,3754.786397678079
2007-30-032,43253.194252826266,2516.877857070969
2007-30-037,26131.936602447386,3349.099774103084
2007-30-036,29883.44349696098,2966.206012943643
2007-30-033,49235.90986715892,2750.4589659962803
2007-30-038,23844.832269953044,2243.166519393213
2007-30-039,21830.290398126617,2046.8723383180916
2007-30-040,530328.4064125463,79559.15627141875
2007-24-099,470956.25150901184,67995.5650522055
2007-24-095,666183.7395488276,59918.58110316658
2007-24-100,385943.2910487125,43768.89072722026
2007-24-102,451812.53921447566,58758.22524572496
2007-24-103,466425.5259966743,49734.39872469788
2007-24-096,0.0,0.0
2007-24-098,153.53080599999998,25.0
2007-24-094,369607.3220737751,35986.24535380319
2007-24-101,263849.28489238134,22784.38465371804
2007-24-097,220779.28130607124,33463.85748359568
2007-24-090,230955.02903382448,23584.35733551687
2007-24-087,270812.69507848244,27745.872686265007
2007-24-089,397400.257646412,60375.80907174753
2007-24-104,0.0,0.0
2007-24-003,379271.9746489026,33940.21869546175
2007-24-006,250770.3871146837,22600.043819532355
2007-24-088,315097.77485877334,23428.288036529324
2007-24-105,219058.8512588068,17072.107946046912
2007-24-093,313665.3610567484,45674.1907077498
2007-24-091,293686.43416859803,23358.46183338238
2007-24-001,258875.03844961905,24526.025395325763
2007-24-086,209824.24833730352,14777.948550137662
2007-24-085,374317.3517446809,38082.51204885653
2007-24-092,364279.1157231809,24512.216750653963
2007-24-106,360283.17425404885,30459.09313611278
2007-24-083,383435.06366542965,33031.669824970246
2007-24-110,360395.0133804871,26308.75483584864
2007-24-108,0.0,0.0
2007-24-082,292865.4307154276,20813.152121078267
2007-24-084,235297.8550811784,19125.018270802568
2007-24-107,599554.0931716633,52585.89884378498
2007-24-007,271734.47091834736,19471.070457690337
2007-24-005,276525.2103345381,27193.547377395083
2007-24-062,399412.2530261749,44835.23801637585
2007-24-122,218076.5369358517,23669.29981170035
2007-24-111,228451.0952370594,22328.312672361822
2007-24-109,363801.8567789943,35130.98505229376
2007-24-080,346053.8409377189,39716.98203270581
2007-24-081,499736.057982628,40680.55356836611
2007-24-079,218975.65703052504,29014.80964401796
2007-24-112,269130.9206371637,18797.290438289896
2007-24-066,527317.4579164067,61722.00044247264
2007-24-124,283136.00399613136,31329.860075127333
2007-24-004,2878588.304864989,93008.29882684744
2007-24-002,239948.5254259466,25542.92074039518
2007-24-064,299616.948620707,25604.057388111218
2007-24-063,366907.5111128254,44388.74678622056
2007-24-125,294339.63367474056,31809.85933835661
2007-24-011,373093.0851732206,33297.37680062274
2007-24-012,301337.60712294973,30702.199350530103
2007-24-123,356518.70937310153,33229.89981274717
2007-24-013,643325.5245580784,39113.13504788093
2007-24-121,1414184.766945701,21102.223493957372
2007-24-113,1242822.7709407026,48913.51176095967
2007-24-078,168545.72029817657,2079.0401610804256
2007-24-065,150751.15257361,1805.4666107576195
2007-24-067,398712.303611603,50449.65171471215
2007-24-069,186587.20586218103,2209.314510469125
2007-24-014,133960.78657309842,1664.3337985926278
2007-24-070,241313.47044760265,2944.4799000554526
2007-24-068,105726.08425378946,1320.8500032648444
2007-24-072,125249.61540783854,1521.0258910628618
2007-24-074,270738.6150760519,20472.891374996623
2007-24-073,151996.76830075614,1881.409984158934
2007-24-128,188790.72713833267,2297.4105975271814
2007-24-071,84580.83367780382,1062.764810331515
2007-24-075,403624.2372943892,39270.34960941186
2007-24-076,134786.65382863497,1685.5731847498173
2007-24-061,243428.5825108956,20344.874963419334
2007-24-077,307370.9760447972,19858.535223888364
2007-24-129,224237.0608006184,30099.60546659632
2007-24-126,350248.5598239741,30819.22523873841
2007-24-024,527698.0173407206,39533.35332517598
2007-24-116,446373.0929824905,18780.321352179293
2007-24-115,487868.4274473871,35001.2798457503
2007-24-114,313038.6436430301,18116.025353011748
2007-24-120,230883.6777301655,21233.75414444961
2007-24-009,275982.73120666645,23211.946271165005
2007-24-137,335772.75790797686,21062.872102850462
2007-24-130,393316.1783247927,45719.1844498572
2007-24-008,222881.92300950715,26349.05792003876
2007-24-117,762367.1673596584,54740.81164507134
2007-24-146,294771.6471017799,19118.15452104429
2007-24-015,318494.3508891878,19942.00597297319
2007-24-119,179031.2229024129,11042.799336036878
2007-24-060,314586.6580772145,15536.400158312706
2007-24-131,444743.71064934734,47784.35478143633
2007-24-127,255841.02744859032,14952.54272593567
2007-24-010,320292.2428779758,17957.945148036273
2007-24-132,361749.9571050941,23459.70178290777
2007-24-136,410406.6754319313,27743.407058380777
2007-24-134,0.0,0.0
2007-24-133,312521.4700783452,35597.276395509536
2007-24-026,309262.90313092555,29305.660726150945
2007-24-027,362863.7273137123,46963.17510183122
2007-24-118,597061.4116443146,34670.69484045265
2007-24-141,286487.04916832066,28584.15590787423
2007-24-142,195695.31233725272,9732.420007526496
2007-24-059,211285.50705200268,11987.570202229605
2007-24-140,556466.5744007244,33886.63229768744
2007-24-135,321125.5347544243,32975.60981923669
2007-24-150,246456.0134524397,13329.19404564332
2007-24-031,263178.08801902656,13941.717980643123
2007-24-139,108782.52091768976,5541.098732956511
2007-24-138,9092.885245287996,464.33117537014186
2007-24-025,1278084.3304772326,56317.28439051077
2007-24-151,866691.1907449663,55603.75499223887
2007-24-029,198475.05201036,15630.856427984714
2007-24-019,318960.6119420017,35318.3185472792
2007-24-144,0.0,0.0
2007-24-030,382573.81794833153,30551.135098039493
2007-24-049,178250.70753946077,31871.11986711469
2007-24-147,282354.60570706014,12098.824280291836
2007-24-028,182941.6685320341,7787.800793593808
2007-24-148,279728.8945319958,19807.18937161158
2007-24-018,84734.76033582323,3630.863301019988
2007-24-152,288263.24887376284,11933.02500921655
2007-24-149,430378.2028005698,48299.37361865933
2007-24-017,202162.647441828,13916.768108083665
2007-24-016,4056.456008491928,524.2504741654266
2007-24-145,174759.66080286613,9920.100953335408
2007-24-154,408738.3806966897,29576.31063903268
2007-24-020,285031.0154111413,20577.73524551917
2007-24-143,274230.32915813423,13668.870973851996
2007-24-153,377802.5381074088,34340.05277080831
2007-24-058,337494.40912001574,29556.42178717681
2007-24-050,225430.07054493876,23997.61311960551
2007-24-155,209278.17827147403,29235.540434106013
2007-24-022,0.0,0.0
2007-24-043,277805.8009267044,17577.090532296555
2007-24-057,259006.74118586731,21825.927951712205
2007-24-160,268003.0467385864,18958.903410794097
2007-24-032,355936.15523060254,33733.652120220824
2007-24-023,273752.4176434706,23922.908710426756
2007-24-021,293437.3969519541,15643.625229461026
2007-24-158,458633.34567628935,21760.000387858738
2007-24-156,228767.6205979591,18389.59391236145
2007-24-044,320638.3313165377,29541.659066698998
2007-24-033,423075.60925525374,27533.89317553863
2007-24-052,257709.4888300624,20624.612590023084
2007-24-159,523772.0173747931,39065.22304913244
2007-24-045,429388.1390793864,35231.10141657808
2007-24-056,7361.38438894952,439.1402933784575
2007-24-157,311588.3760124522,24960.27233133797
2007-24-051,0.0,0.0
2007-24-035,297077.8592525909,20548.06673616753
2007-24-042,249091.6870996411,23110.342785076908
2007-24-040,234142.3072351331,16196.878755350705
2007-24-046,285798.85394101223,27292.319144206587
2007-24-161,421451.3491841725,32336.006455502404
2007-24-034,285914.91425576486,29300.598209644435
2007-24-162,336670.0008638402,34444.905388826504
2007-24-036,235615.2497498932,20232.954218986168
2007-24-041,356907.5904234679,31382.87316386072
2007-24-053,1505069.7557369096,34122.19223186503
2007-24-163,377409.9023295772,31806.55729766784
2007-24-168,421107.64195047074,26990.107193918608
2007-24-055,257194.20938445287,22370.48308452393
2007-24-166,426177.3426452099,39756.60612196391
2007-24-054,56027.29316382415,4424.043660750031
2007-24-167,352828.9027844276,33950.62070821831
2007-24-047,766311.5632235821,54485.96406856262
2007-24-037,286808.520611856,33912.5479753447
2007-24-172,865349.3423780062,6317.486488790615
2007-24-164,38122.7394359083,2084.0812123982614
2007-24-171,294442.0964832493,31737.308572349408
2007-24-169,5926.578545118768,1224.6066414731613
2007-24-165,33600.33780256938,7253.936861634094
2007-24-170,500278.38616899424,38161.6118344103
2007-24-039,105298.11995448974,11344.752064664024
2007-24-048,325212.5684539571,23528.571884145374
2007-24-038,428682.7584841837,49078.00631908213
2007-24-173,230859.3816799954,16957.08714364923
2007-24-177,139361.90346158698,8770.580566600345
2007-24-174,521328.798375965,40960.13484019871
2007-24-179,298702.7520334333,30397.19406711094
2007-24-175,298935.8965830213,28434.186286537384
2007-24-176,465057.5532401824,30616.721281866798
2007-24-178,545681.3163581205,37737.0211821796
2007-24-181,496164.2508967847,55176.74105746474
2007-24-180,259124.7997886905,29693.77162136608
2007-24-182,183359.5687471785,14532.207484173185
2007-06-001,371654.2891095239,32788.632909827444
2007-06-002,174105.08797137736,15063.662786902983
2007-06-003,265173.00178043585,23232.151490168413
2007-06-004,618739.3522315501,40181.70349963452
2007-06-009,214606.2033637766,26237.723914767677
2007-06-007,112422.2984381256,7414.253613566587
2007-06-008,278740.0630695261,36451.64151812611
2007-06-010,300365.23530203354,23102.47937029281
2007-06-006,303502.3046631941,29631.701253930187
2007-06-020,413885.68910877366,41960.523922813554
2007-06-005,255316.3950058271,41729.89382362185
2007-06-024,219178.10296585303,20607.38311780056
2007-06-021,202062.55326360345,16632.239308852302
2007-06-023,421469.7191171972,39844.6026602919
2007-06-022,287298.32627562,44832.45701739708
2007-06-084,166936.33097958934,14017.017856943305
2007-06-011,220687.7922484633,20299.37352247133
2007-06-012,268763.5626948336,24476.104954290862
2007-06-025,365730.40700471326,30623.889125849044
2007-06-083,191201.7826845172,17782.67196019095
2007-06-026,280410.0747722146,43587.365758748536
2007-06-027,308365.5854501344,25216.60698219644
2007-06-045,370713.75890377833,41831.52617264677
2007-06-014,304608.47930400865,42983.98057622592
2007-06-044,296099.7597593557,44831.96494663457
2007-06-077,302644.30555296905,48761.658024240416
2007-06-013,313146.9862960983,53785.65331109882
2007-06-015,403758.4662831277,36490.16102991599
2007-06-076,208639.3116508284,18236.84163248821
2007-06-082,279805.0870185901,42386.32664567021
2007-06-081,255009.4468627815,24239.6947747824
2007-06-078,218470.36584486024,26026.629227186862
2007-06-016,347485.7258710977,42972.3335869062
2007-06-047,211783.66341788796,20788.39145157407
2007-06-080,366855.20225817605,59801.50532058071
2007-06-046,622474.0307206665,38390.062092518296
2007-06-070,288533.6250398502,26616.57911069156
2007-06-075,326639.5532111011,26046.68441206124
2007-06-050,287682.2224596043,17589.023581970076
2007-06-073,237540.28330846108,27317.213183632317
2007-06-019,288944.02934844414,40694.59292952615
2007-06-018,342132.33616215,41761.95811770592
2007-06-048,183070.69754600743,21118.155902258004
2007-06-017,222713.08963171137,15632.836049479522
2007-06-071,306944.938711182,32055.92646450877
2007-06-079,232932.1169214242,15754.928557123249
2007-06-074,198405.624261604,25021.968490892847
2007-06-049,231265.9784587829,21386.762669104184
2007-06-038,276769.89233351225,22015.05994809816
2007-06-040,491489.240087752,45401.01159145571
2007-06-039,206196.28231096448,20871.83088468766
2007-06-072,272624.4732108501,36970.65132699932
2007-06-041,173424.03287259245,15056.392396222058
2007-06-029,239570.26808663236,27427.05162668164
2007-06-042,259184.0552201061,22323.31585342733
2007-06-031,193946.11120546368,15110.663870899009
2007-06-069,327267.8999789797,46534.19284767035
2007-06-043,323831.33394554566,36565.13623391507
2007-06-065,285476.7583065421,25408.664209375773
2007-06-032,279686.43907646264,51658.917405747954
2007-06-030,290405.86928754725,35457.75850656103
2007-06-067,160710.75138761994,16870.219918336603
2007-06-066,171113.5903920166,22351.08280432008
2007-06-028,195290.20016560287,22255.204009452136
2007-06-068,253522.15022283583,38332.49011338394
2007-06-037,275516.8449626818,45768.03509218471
2007-06-033,276991.74518464954,39670.631285511125
2007-06-036,1096619.4017639086,76816.47801231823
2007-06-064,2126782.4488127776,97551.8689520532
2007-06-035,507055.6081801332,54337.53590660833
2007-06-063,378725.6562484526,52500.20933563166
2007-06-034,940635.4688284335,80888.52823156399
2007-06-061,188776.797677442,24661.57003840944
2007-06-052,99328.23632110424,17772.044866566306
2007-06-062,130593.53196255352,20330.20634434608
2007-06-087,456051.88505711645,40291.125612215386
2007-06-060,393119.823073121,47743.95527131676
2007-06-053,453914.7516120614,35479.97130529881
2007-06-051,284983.8898167394,40590.79492542823
2007-06-088,279371.3235974276,30972.578748754167
2007-06-059,213417.47654395437,16034.180867648214
2007-06-086,290889.4236106133,31177.10776341389
2007-06-054,271172.8646522266,21381.64480451987
2007-06-085,254401.10879898616,18511.370035966644
2007-06-089,791124.9703868282,51474.35622977741
2007-06-055,19600.283562582805,2239.07576535712
2007-06-090,31241.88389090124,8113.673165209591
2007-06-058,175171.50537580892,19108.791933186178
2007-06-056,169035.4121997732,16173.945073353036
2007-06-057,44767.18764170815,5125.150047568284
2007-02-054,75884.40004052725,9535.930723399622
2007-02-055,84276.18137615873,16209.136533616358
2007-02-052,104897.05948682212,14614.104374633744
2007-02-051,209399.89713482824,26813.41893494691
2007-02-053,112015.37714575732,20207.355151769007
2007-02-050,113152.21167283472,15074.632143486757
2007-02-043,106266.39470351436,14335.23980119845
2007-02-056,92068.45377471102,14052.525510190477
2007-02-034,124536.26484923392,17961.070477121735
2007-02-047,100053.66391980246,19714.07817469578
2007-02-035,124019.7395496254,17803.620623631003
2007-02-048,111347.72903757315,12539.215855777838
2007-02-037,74486.29370699043,12044.726219616205
2007-02-036,82055.88141840788,17458.75705285386
2007-02-044,129121.2387658298,27588.933449017382
2007-02-057,70229.61487418768,13567.43143670402
2007-02-046,156675.3848458303,17887.77668093687
2007-02-049,82916.09980313698,11927.570952236652
2007-02-042,121465.93620658093,15176.912496463166
2007-02-038,118589.5754134336,20423.336899073045
2007-02-045,74192.91871688666,16223.620357752938
2007-02-067,57436.167635058286,11057.528473057868
2007-02-001,109723.71947608083,19606.975099009785
2007-02-066,63612.93788784569,9938.27423435034
2007-02-040,139671.2089415789,36159.53232866324
2007-02-041,98449.99456585928,18037.28163249913
2007-02-039,80615.47601276783,12421.844208956612
2007-02-026,35669.79095724126,9350.514479815654
2007-02-065,107785.25574442654,16837.224528540042
2007-02-030,103747.76224954096,13879.606114056834
2007-02-025,107894.99617572424,19401.040875205712
2007-02-068,150773.71609086427,19914.751173533357
2007-02-029,99414.90298960342,16852.932313170793
2007-02-024,83249.17954862575,18608.54519137465
2007-02-064,175435.2641348063,26771.610557404463
2007-02-060,135408.05651597408,24003.99485306884
2007-02-063,67214.89394580993,11991.141585631553
2007-02-002,113136.40623527233,21775.628380592712
2007-02-033,112420.3031353092,14955.146619590476
2007-02-061,140180.5915661847,25681.955223495243
2007-02-058,174869.09238696887,31363.00875098658
2007-02-027,84968.57083950701,9142.090140061176
2007-02-028,18294.869056662625,4200.994329182291
2007-02-022,128705.24439982508,21376.77681663752
2007-02-031,165508.28919978676,19053.06654820968
2007-02-032,120048.87481949032,24241.923221626028
2007-02-021,134413.27190574424,15402.588397928976
2007-02-062,89334.6792884539,14683.610296510346
2007-02-059,96578.68364610896,14127.605662415088
2007-02-023,85767.047354416,17285.523813715554
2007-02-003,90733.98028736486,14853.62919520306
2007-02-020,138116.81255740207,21088.25327020223
2007-02-010,263875.00852180267,20696.7262858519
2007-02-006,167374.00828929673,33677.701297422376
2007-02-007,115317.06459515847,15973.863686933655
2007-02-004,8252.595506292178,1990.6359328424448
2007-02-012,121055.8622695854,12237.533108250183
2007-02-009,96733.80438730332,15065.24067120906
2007-02-011,128517.54409829024,14850.789635801617
2007-02-014,80492.31021007056,7762.326753353758
2007-02-008,90263.63560015528,6549.782641801324
2007-02-013,111703.7639792912,10857.156955410255
2007-02-005,162948.37040093058,24359.372842352957
2007-02-015,157422.50247184778,45885.59976198431
2007-02-016,17477.25660106204,1536.8304655440152
2007-02-017,112476.18722011748,14485.498432000692
2007-02-019,25828.632328286087,2322.5309386521694
2007-02-018,751855.3401763639,42451.78941618395
2007-01-048,511497.7143417236,44936.09754941271
2007-01-047,61837.70895612095,7249.481147385086
2007-01-049,35561.02869768496,3238.1076588085125
2007-01-003,138464.14746319107,10316.11489048991
2007-01-002,123588.46917536018,11640.730624886171
2007-01-009,151491.37563418815,15652.778905054409
2007-01-004,29316.031722202395,2943.816225349437
2007-01-001,37580.09588992612,5734.670342236757
2007-01-010,250430.85984691136,26725.152287131816
2007-01-016,674897.3366587218,26899.57851774133
2007-01-005,57870.59180514605,5655.94311938496
2007-01-008,68695.52879438324,5491.135249346662
2007-01-011,102681.38334870778,8428.4865378206
2007-01-050,111172.99937777052,9600.810917805817
2007-01-007,174730.7227932873,4607.883833551875
2007-01-017,99710.48417556017,6930.5456474658495
2007-01-015,192051.5744526292,17489.004585488234
2007-01-019,64011.579520607,12058.838292648552
2007-01-020,39435.16148983823,4538.084974987898
2007-01-013,13886.937741767735,340.0277646081522
2007-01-025,117368.93539522364,8640.815876332268
2007-01-046,158468.12710127173,13441.419160215915
2007-01-006,165151.49555397045,24730.376433828224
2007-01-021,231406.73378194773,17634.228272158372
2007-01-012,60328.26001698349,14626.013136909583
2007-01-018,75466.01252890774,12050.602799685928
2007-01-051,459447.25501375936,40571.76620096326
2007-01-028,449561.647868588,14060.45440585302
2007-01-024,404649.6267093207,22539.743826564278
2007-01-032,295506.9085577036,22932.360810791302
2007-01-022,412051.4925526042,42696.22549817743
2007-01-014,474581.74195478426,51127.61571224362
2007-01-087,41844.10312232129,1632.9359210862503
2007-01-023,36063.11595225496,1618.224959915271
2007-01-027,244650.5796840389,20458.17739045291
2007-01-031,99210.3596188532,8024.54371787078
2007-01-026,213787.0494798018,17716.434576361324
2007-01-033,324561.65490917244,20101.45958022133
2007-01-029,114407.9648742936,14195.663761433852
2007-01-030,255137.0877464231,17707.256726320775
2007-01-045,307471.8790710827,37700.77123611138
2007-01-040,29184.360938405312,1466.7574887374358
2007-01-034,62983.366773607646,5794.03509988336
2007-01-044,130570.05746747834,4306.708198159007
2007-01-085,191205.0302228956,5700.374525333627
2007-01-039,31427.798002894287,2726.374482250976
2007-01-086,192433.85024655436,13592.470213944194
2007-01-036,32482.46986737973,1778.2136632301845
2007-01-035,444413.1388759265,44241.63932924555
2007-01-043,362248.8749907992,33128.18712424998
2007-01-038,121222.65525721892,8667.17433129996
2007-01-052,131078.01977728604,13083.310593632466
2007-01-042,449349.042611394,68658.96052588052
2007-01-041,141817.80707860325,19884.29625539033
2007-01-083,105033.79760592434,9897.872305985757
2007-01-053,224420.1372640847,19404.248383248603
2007-01-037,44885.71532943957,6844.083538063103
2007-01-056,100775.84500054111,20047.4572303718
2007-01-081,230449.8444313244,39104.19638029022
2007-01-059,229525.36418111812,27290.149445540566
2007-01-082,172579.88786320246,10769.031739298673
2007-01-055,174540.17532541128,21980.256214356403
2007-01-057,296573.13011352887,31513.983320251704
2007-01-084,297948.684934834,36630.15291505777
2007-01-058,867600.0715142589,75902.91066875504
2007-01-061,155597.1961162385,19554.889776257973
2007-01-054,160075.40736461326,25717.94442595213
2007-01-079,228996.2775110494,15662.403216367562
2007-01-080,171358.23393012903,13806.892243007447
2007-01-060,167694.12044107736,16502.448428734304
2007-01-070,244415.7850301956,22115.89901042436
2007-01-062,251351.895687658,29787.317904817304
2007-01-063,135675.58399613205,11044.70786935828
2007-01-077,22434.453911069875,4156.075881580589
2007-01-068,66052.25592587379,3815.0600405046407
2007-01-078,61932.2238951596,5592.950215460587
2007-01-071,46873.0388452928,3600.5307618574443
2007-01-066,150702.0434541742,26343.217301551267
2007-01-069,69311.2665766747,4974.41141592752
2007-01-072,108622.59758635976,6757.132565547363
2007-01-076,106783.19597288636,15668.252065813524
2007-01-073,368930.7323132878,13025.369101370816
2007-01-074,719819.4172652874,25252.17235804149
2007-01-064,442872.6501393536,13763.432503953372
2007-01-067,523594.0414479656,24325.35503728895
2007-01-075,364506.3497794444,15722.50072585684
2007-01-065,627214.3008504112,29876.2218481992
2007-20-001,346398.5992591355,17691.9603375211
2007-20-002,700665.5837438024,31188.373157306545
2007-20-018,439432.44063770113,21600.664214226417
2007-20-017,596653.3359223095,33751.41155336108
2007-20-003,434820.33542078384,28281.92415173168
2007-20-005,342446.6447203721,14629.440668297231
2007-20-004,712355.9948959039,43723.583684623336
2007-20-019,557718.7694116443,33204.87687986856
2007-20-016,470013.27903009753,20945.31848253625
2007-20-028,550265.8959639178,42641.204634155474
2007-20-079,227883.70750456065,17000.59156045143
2007-20-011,718941.9213083556,57264.95688698115
2007-20-015,704657.0259503695,54228.25749531758
2007-20-030,402513.43969363865,23315.648368843984
2007-20-006,326882.9739280273,15104.311575802303
2007-20-021,743819.7162918362,47839.915289504745
2007-20-077,409804.4666582484,20287.84275549899
2007-20-081,741047.2912978419,35816.056203757355
2007-20-027,545167.0654587353,37370.672409669525
2007-20-012,485581.0637443064,34439.846161511465
2007-20-007,722920.2893999876,50118.58530941261
2007-20-031,624006.6474802617,58987.08406426
2007-20-010,491953.3896927519,33726.85632535975
2007-20-078,467305.20179035154,31647.84845046715
2007-20-013,593634.1760316127,36947.43010857191
2007-20-020,303471.2778576703,16610.28561544817
2007-20-076,575335.6396365872,44704.93600983283
2007-20-026,587192.2245805074,45821.33005005428
2007-20-075,430059.670402765,19567.840211137307
2007-20-014,508788.0403478512,34858.73116494217
2007-20-029,330587.34998419974,22479.347624282786
2007-20-032,683001.9732116602,58630.309883474525
2007-20-080,502333.5958936985,56180.12908854743
2007-20-025,423008.470240728,26777.068069200264
2007-20-033,475950.6966183518,37704.9046661644
2007-20-009,520723.26953350345,41516.71349595543
2007-20-008,432512.564129794,42600.674664468046
2007-20-024,542624.6123232484,33984.23335626811
2007-20-074,466410.2697085334,21503.918997326506
2007-20-042,268547.96822454967,15163.766833253962
2007-20-022,1023049.8913161264,23586.00319489218
2007-20-034,436845.41413351457,21411.77632322408
2007-20-073,236363.26963558185,5678.086257730916
2007-20-038,684049.6962036269,26839.94645691794
2007-20-039,501433.1999574913,20494.57154855444
2007-20-043,1103108.980378915,66644.85148057833
2007-20-040,537781.9986159136,38498.62393410638
2007-20-035,500404.7194016913,48258.62461079231
2007-20-041,609871.2400358081,55536.30025089551
2007-20-036,303736.0435220356,33298.42012196605
2007-20-037,660452.6461357361,70405.07070301397
2007-20-065,293080.7682336077,25155.23581214847
2007-20-023,360564.0786097801,26489.828807996437
2007-20-072,246139.3290205749,12566.680144577076
2007-20-066,384105.6667933393,39612.05644430909
2007-20-069,420631.1078497082,43592.2771709301
2007-20-062,360248.30567337223,33561.464550341014
2007-20-064,345465.9801203012,24115.98778071109
2007-20-061,356738.4008465913,30383.557970918817
2007-20-063,285418.6121042067,24853.526420665563
2007-20-068,1055928.7154425194,48393.34310509474
2007-20-067,330617.6538255581,34161.05431428051
2007-20-060,302981.59882656945,27850.617602781364
2007-20-058,548793.3631090932,42916.410839704055
2007-20-050,469498.7959351613,36594.015170928906
2007-20-059,440697.22510566673,18147.83054617524
2007-20-047,221670.2621956647,10170.74543555356
2007-20-070,331680.11016413,35248.427329265425
2007-20-057,376156.8692910002,25136.81245268468
2007-20-051,276539.75273800315,18177.16881711979
2007-20-056,433657.7153766461,35646.913892256765
2007-20-048,170842.49505687747,11953.810427548364
2007-20-049,400609.7395813951,22702.195654539835
2007-20-071,302247.8623653437,30534.688311064485
2007-20-045,305040.46336615976,24096.966358705715
2007-20-046,3023.6965480945014,157.9775642901659
2007-20-052,320808.92106125614,19402.160512962728
2007-20-055,282208.1184401174,15802.784984423515
2007-20-044,244989.16866651876,13739.60409244652
2007-20-053,422402.5814934088,25617.38466493813
2007-20-054,314272.5705019307,17490.683340429227
2007-29-001,306280.4461051054,17461.872692759905
2007-29-003,295900.90003890253,18537.13305711428
2007-29-002,238068.2989814216,13583.484988123528
2007-29-004,449340.9925622301,19323.671519275264
2007-29-006,340508.30462584243,32473.124081965834
2007-29-005,328966.8148993692,21323.180621477768
2007-29-008,569186.6943015791,27041.133758099146
2007-29-007,328366.2989874316,25624.61753798045
2007-29-009,326738.9319984548,17297.325872280224
2007-29-013,155756.54785224717,6614.478644863411
2007-29-222,314711.60654329025,18183.03029539215
2007-29-012,445769.28699675546,36639.038665673244
2007-29-010,411359.25027706206,50789.70861877961
2007-29-223,285830.01267461927,17971.19372914228
2007-29-014,296371.9663595354,17019.101321197162
2007-29-011,275822.12251926993,21789.15595854605
2007-29-015,356847.9798182657,20214.674022320003
2007-29-220,308608.86063594045,17799.23149965103
2007-29-209,216579.9938801684,25779.601903381437
2007-29-224,367641.3694650126,35723.03171108753
2007-29-016,397501.7077804811,32744.36888546383
2007-29-221,220919.19931251925,15161.443233466183
2007-29-018,338001.67056146177,35198.6130343628
2007-29-017,295375.8197687764,28117.87690370813
2007-29-208,388685.5623708448,43893.50737050366
2007-29-211,378844.2702842856,22315.749797550263
2007-29-219,183906.72946264132,17031.68395709596
2007-29-218,227803.8446166732,12037.720592396909
2007-29-210,311311.16925261647,24058.920475792707
2007-29-205,279537.1611540913,27273.06981534832
2007-29-207,319209.2014055944,34066.14542725039
2007-29-019,329671.0456237,23429.838945224503
2007-29-204,239409.0316817489,21287.06111629184
2007-29-217,452395.4808491477,41052.734128240845
2007-29-020,316729.01253114524,22087.668525285448
2007-29-206,336485.9483460935,21951.016351867467
2007-29-212,172537.3078107313,14996.905040181824
2007-29-022,327230.0898802799,20244.51809155362
2007-29-202,259238.058637017,15069.701725449966
2007-29-201,192965.5352145124,17164.955943569657
2007-29-021,305985.1872470464,22681.19804307285
2007-29-024,232285.26834388505,15241.815679271263
2007-29-203,271366.11434501625,23474.60018231235
2007-29-213,310817.6508308035,22368.951286616782
2007-29-216,239407.8380694059,18418.99841689213
2007-29-200,368127.5839827564,27887.71274611105
2007-29-023,370673.4400951566,22104.20636599421
2007-29-215,260226.22291104915,17550.016594738387
2007-29-192,432242.1674687784,31182.99674821627
2007-29-193,245804.4885509641,15960.970730471876
2007-29-214,458494.075601583,27459.594771987828
2007-29-026,321581.10397737165,21305.726913348128
2007-29-199,173120.38425964076,11761.151432659834
2007-29-194,233355.9045338351,15086.71606310494
2007-29-025,173366.92491755134,10385.998105830688
2007-29-195,580.6705346533141,55.50778383016586
2007-29-198,485165.31397598766,24051.315394427053
2007-29-028,310328.7473004932,26773.454104406526
2007-29-190,291585.2080084513,24803.07623886771
2007-29-189,221280.1726069905,13563.503679527616
2007-29-197,444542.2024974962,12555.694159527462
2007-29-196,361852.5828163364,29622.09350598289
2007-29-031,337876.4710741888,21706.606686657586
2007-29-027,845714.2495027294,24047.268706735096
2007-29-191,273024.4077799233,17731.874579392752
2007-29-175,136429.45728784526,19619.13749501097
2007-29-030,250376.79354640804,9599.061260062035
2007-29-188,171708.56878885985,12310.289733534984
2007-29-029,148897.26036019437,6760.198856623552
2007-29-174,276033.19610003865,26994.87312423531
2007-29-172,67487.86541436189,11107.935915511667
2007-29-176,156278.14870879395,10308.175473490655
2007-29-034,232699.05600765336,13366.994184054724
2007-29-187,600369.3695485486,27417.75608689836
2007-29-032,483057.7774581919,22958.22928040553
2007-29-173,225050.497653968,13651.934388100635
2007-29-177,410948.8022297768,28596.759456965952
2007-29-178,323549.11049516854,21005.727585822344
2007-29-179,235762.4583732109,16069.307941895046
2007-29-033,229011.67141349253,22124.226249434734
2007-29-035,265625.1338524313,28328.82521160855
2007-29-186,279106.81729289755,18973.18630557375
2007-29-036,300103.57165139227,20420.905246673967
2007-29-180,307914.79512895085,24526.228903682557
2007-29-038,257759.78012125904,17780.576082048923
2007-29-171,203472.79290167597,15727.290049987336
2007-29-046,290808.9012908134,22302.10387707718
2007-29-185,208714.9663929738,24885.995259484447
2007-29-037,250950.184857382,20168.203176953462
2007-29-181,260044.13641108925,13513.736170197612
2007-29-039,211603.14423011092,20091.006996978424
2007-29-184,240762.6930375747,12591.965926348434
2007-29-183,256116.43609832184,21805.60716610434
2007-29-168,431290.6043325636,24877.908659404668
2007-29-045,282700.92232534674,30990.454072010703
2007-29-040,356745.55670085194,23745.51844616413
2007-29-166,240396.30996564697,17197.757065583348
2007-29-170,205530.43719643704,11866.97531007308
2007-29-182,265839.8228836101,14484.274463413516
2007-29-041,251629.0484482209,17806.057975934586
2007-29-047,220036.69982735728,30157.776331358047
2007-29-043,244901.1154536531,26807.04531223781
2007-29-167,207007.1071743824,15259.712219893116
2007-29-042,186158.08643744385,15989.568697932713
2007-29-169,204168.88561541255,18520.94435334437
2007-29-161,213245.76063983972,23082.18097027582
2007-29-165,424964.5905852458,44244.62022152151
2007-29-051,239789.6191095887,18461.197183052427
2007-29-158,203354.95274119967,22625.66513638587
2007-29-044,272492.24644962826,30776.3783619983
2007-29-049,201539.4099782593,19179.10151249839
2007-29-048,210473.3310959232,17449.51848383125
2007-29-164,230366.5012461061,31325.024719816225
2007-29-159,176210.28007009326,32202.509644186648
2007-29-052,208830.257493571,21215.3112998094
2007-29-050,213039.4202154456,16966.128112403363
2007-29-067,209562.15157013037,19601.403499035
2007-29-162,181910.3043723848,18357.2390229202
2007-29-149,210159.25062309,26733.043337894604
2007-29-163,252770.64609481703,30330.78831936275
2007-29-055,180118.47608018448,22041.475125681216
2007-29-160,260670.82134044,26265.91064020409
2007-29-068,258973.91772930173,29314.21019700531
2007-29-157,192016.4972425517,28710.17086624286
2007-29-053,267674.3086071325,27844.94896040228
2007-29-054,208895.1107707441,28905.646480468244
2007-29-156,191549.12592623223,23237.072857380703
2007-29-064,250147.51102378772,30553.24345884705
2007-29-066,186623.91065509449,28219.22726634756
2007-29-152,190862.6971120456,15747.626920805778
2007-29-065,189914.53546010025,23907.636084088477
2007-29-148,192350.35689126045,23616.12759365105
2007-29-155,224046.4568513328,34140.09323151151
2007-29-056,346741.5137366604,33678.77946403353
2007-29-063,158280.38014040256,43957.89855190145
2007-29-069,321969.82883682183,35002.09710740228
2007-29-154,249217.59087939977,29378.001234778785
2007-29-130,196424.14906523764,28570.644581357163
2007-29-147,198429.5173397006,32929.5573908974
2007-29-074,1064258.056849769,48875.49960158428
2007-29-150,176212.45622226992,26985.741538098337
2007-29-097,221190.3187280805,27481.179169577063
2007-29-057,144384.03291897083,22003.978654408464
2007-29-060,316401.89692537667,40694.93773428211
2007-29-062,232170.29807805305,25017.441959805976
2007-29-098,300927.8938431526,27956.816724236764
2007-29-153,175877.30037811858,28971.07603032241
2007-29-131,135586.9262830736,21326.62059488223
2007-29-146,549681.7030892841,58135.12783236382
2007-29-058,188508.5909902352,25250.911051343573
2007-29-070,1891187.3864037415,52771.843671784925
2007-29-073,166988.76165197836,3576.2358707701496
2007-29-061,373760.3821768605,6162.6592738445
2007-29-145,371218.67805062846,39926.45604233685
2007-29-099,190355.7792460501,3088.4505587591198
2007-29-129,243073.58317855163,41280.08270844784
2007-29-096,283855.5383074187,53751.70048155985
2007-29-076,686514.4297591762,11138.437102271597
2007-29-078,556317.5960523834,9026.04269321658
2007-29-095,185098.46173708863,28530.96447903083
2007-29-077,279876.38366158423,35310.371809196986
2007-29-132,779845.2484475544,12677.114800589785
2007-29-140,215444.6153615344,30389.631740232348
2007-29-080,157895.09711403598,26975.77053249572
2007-29-079,125987.08216950632,59619.49638370363
2007-29-151,4142293.242791152,145144.09277709562
2007-29-075,301605.8893414189,24475.76071600156
2007-29-081,683200.2086492026,13183.789463877922
2007-29-133,279471.38961631386,35306.960419916184
2007-29-059,221846.35411525605,33186.30618199439
2007-29-090,316418.3108296129,8678.678624349308
2007-29-089,189258.90498823355,30881.036557967134
2007-29-072,311660.5415563977,26822.630697385568
2007-29-082,560186.3019825247,9088.810984460226
2007-29-135,261430.68951065416,27959.07324397282
2007-29-136,130220.17662532574,3822.9421943873167
2007-29-083,106391.5101293152,8453.664224977563
2007-29-101,74892.57079305459,6234.962092945116
2007-29-144,321794.50417703687,7158.302054714091
2007-29-084,501132.44302634447,8220.63990517936
2007-29-141,222454.00615187563,27883.04821776916
2007-29-088,732257.8204121816,98300.37839096272
2007-29-071,110581.05477609888,9517.004557505366
2007-29-087,271323.0357050656,39011.30753787888
2007-29-086,277164.2023240437,34962.83469591112
2007-29-085,118258.28188345097,10929.161846911127
2007-29-139,239849.336549915,34210.56407994243
2007-29-100,228404.87652945303,33886.852956919865
2007-29-142,222135.1728593174,31019.888786935877
2007-29-138,247430.4336565071,38546.96891846588
2007-29-094,179308.7772560003,23447.037804932887
2007-29-143,246043.25824603008,26573.75298413901
2007-29-109,196394.70450869,30007.36286510956
2007-29-134,209297.6539186942,20144.763739022528
2007-29-128,220342.3544237596,26411.37154958359
2007-29-137,218129.496316692,22329.97500105026
2007-29-102,185615.61000146385,27077.048886823315
2007-29-093,181921.4736953354,17383.528439392627
2007-29-091,153633.71207650818,27216.159351929236
2007-29-106,327658.46113822056,45113.5376047629
2007-29-108,134595.80748479388,20465.031043804596
2007-29-124,215561.01547445392,27275.790595638617
2007-29-092,143202.45489980464,27445.682788858656
2007-29-105,1148697.0883844416,71781.97275665087
2007-29-127,359923.6461578412,15137.63954815222
2007-29-125,307537.5617721315,35997.97787651038
2007-29-103,256933.629522392,24542.050646116877
2007-29-107,81807.52673820249,5040.09350412077
2007-29-104,82473.88943126312,5081.147553969174
2007-29-117,57775.6493344113,3559.5095771392807
2007-29-112,267583.58601480565,30599.28570997669
2007-29-123,155365.098358034,16139.085450530634
2007-29-113,168473.4779540836,31697.897983951363
2007-29-114,282771.6075245624,31753.493560610223
2007-29-115,320946.52120916365,33064.81173960172
2007-29-116,165933.33005004333,12908.82804846234
2007-29-110,326633.97065814456,28578.58539212335
2007-29-111,87880.61825611356,7033.224428593134
2007-29-126,206292.90575214796,21390.39905970495
2007-29-122,266367.69040012045,27618.186832767555
2007-29-121,232680.42657999063,22653.63116570514
2007-29-118,271895.5247236861,24053.536329747265
2007-29-120,249278.91610429191,22897.485926902613
2007-29-119,222949.79189582836,23980.00476671109
2007-32-001,277989.9941010482,25490.77324623756
2007-32-002,245016.42535545529,25681.233154332134
2007-32-003,304260.2088692113,30727.691079293694
2007-32-004,184562.9912037557,14839.115603053056
2007-32-005,294636.0038987188,29992.621385719263
2007-32-006,357972.363326632,24257.4255717081
2007-32-007,240285.02572129064,17681.352013781194
2007-32-008,274554.98847808945,26213.96519568563
2007-32-015,311716.0113745229,27920.22742380431
2007-32-009,194240.6911928657,19325.646489753948
2007-32-016,142186.75980988477,13901.687097408983
2007-32-010,329615.5149033205,18787.135436554126
2007-32-011,45302.87786292136,1542.6826554525178
2007-32-014,244353.6247943713,15760.064735219608
2007-32-030,246333.0076657369,27422.31764814916
2007-32-013,20.633098768364267,2.054530866444111
2007-32-012,361696.905073562,13163.24353633185
2007-32-018,182928.11452020748,8871.125867359107
2007-32-017,424999.9012300289,18918.11888091017
2007-32-029,337465.02272798214,27712.6478556738
2007-32-021,351234.9725821592,14346.450974835276
2007-32-019,375606.9300842422,16814.42947263438
2007-32-020,500232.64158523857,38085.42311250483
2007-32-028,128047.08786000009,5732.159221650916
2007-32-032,339329.2836771503,22961.850061294965
2007-32-022,407264.8572297232,23837.51067295606
2007-32-023,98469.17128306787,4408.073449008956
2007-32-027,192074.44163941828,8598.409384292812
2007-32-031,262034.95982593115,12024.090413244849
2007-32-024,384452.3270531809,29992.83004452329
2007-32-033,333454.9852539121,15811.292428705296
2007-32-035,272377.1716197662,15189.256197883406
2007-32-025,624802.3735909143,29639.44129401868
2007-32-026,515822.780672632,38224.93911547991
2007-32-036,384330.9575901206,24526.511456697728
2007-32-047,374320.0947385144,17537.5706590245
2007-32-037,189871.95391728648,16430.781547266546
2007-32-034,263186.8717685608,27082.633829513103
2007-32-040,224257.2033415248,17538.529394796242
2007-32-042,295544.6839898287,23348.62870151034
2007-32-041,146322.82042081395,11427.014093693131
2007-32-038,391095.676505323,17111.84988973802
2007-32-046,267134.93815204425,27676.913539738063
2007-32-048,268621.5826547713,20106.199380171023
2007-32-044,291635.6268440197,24460.97520152304
2007-32-045,211936.6450437626,17591.381476171257
2007-32-043,257611.19475693797,21647.86077878509
2007-32-039,180759.4384132856,15685.266530626472
2007-32-049,281109.9371028137,20737.962089220197
2007-32-050,134346.96326780127,5850.526617031895
2007-32-054,211575.27389104213,16997.307338686427
2007-32-052,189998.5022392176,16310.58939214225
2007-32-055,243530.40248266133,20907.399266250937
2007-32-056,190626.52129084355,10823.734206780817
2007-32-051,245398.41244393628,11641.703360951273
2007-32-065,174296.11153291087,14924.769224600906
2007-32-053,219770.2417378837,18425.94580656261
2007-32-059,280198.38432528137,22734.75541736931
2007-32-058,222254.2773053749,17450.795772799494
2007-32-064,180436.44093471344,14167.541278506338
2007-32-066,304503.3832340575,14911.812949801735
2007-32-057,207196.4183296729,21275.72993818826
2007-32-060,160704.35568269642,17735.64180881299
2007-32-063,145992.02825196565,21121.50265577191
2007-32-062,214571.77677558377,15955.963309300008
2007-32-061,94820.4583609981,9971.413826113014
2007-32-067,146215.74995022756,11315.477101560304
2007-32-068,705933.6294427589,88682.30068353588
2007-32-083,132943.43446948778,13584.10668267942
2007-32-077,323889.89502275,31331.113900396824
2007-32-070,206097.50488637484,16923.479435896148
2007-32-069,183624.41016809287,24097.158512435795
2007-32-071,135716.36250833303,7308.665448279447
2007-32-081,298816.56224270555,29143.41754600072
2007-32-076,228496.3339144628,21980.576582895737
2007-32-075,399391.63882984273,47683.53839593404
2007-32-072,364992.773926292,32039.803683040765
2007-32-078,199415.483902703,18597.681138622425
2007-32-073,108748.59432206769,14209.112651891754
2007-32-085,195787.06088567973,10039.104986606137
2007-32-084,261780.68166869812,28453.699084852346
2007-32-079,211250.90990172632,14565.71141548548
2007-32-074,151722.41686122658,13213.892340985618
2007-32-082,50809.972072732366,4225.452240002342
2007-32-080,88366.74095288594,9418.785626463592
2007-32-097,352069.8605514688,24222.003447521183
2007-32-094,185486.3835517612,16672.569682705245
2007-32-098,85847.56463895542,7312.548057990003
2007-32-095,245095.3155118628,18663.266700722463
2007-32-096,49446.12336675874,5571.949175953123
2007-32-093,352722.1442156783,41428.99214025279
2007-32-099,222089.7742426548,26845.94410206197
2007-32-086,28917.60600249447,1929.3959190092864
2007-32-091,109757.36230313334,13266.423501252542
2007-32-087,190808.99602812732,14752.592952042818
2007-32-090,143307.5832206284,17070.444102340305
2007-32-092,218957.76840783175,15088.608486847112
2007-32-088,186790.52384537263,13905.48577582761
2007-32-100,184199.56290797476,21948.148609612
2007-32-089,226227.6132491192,29337.146765309917
2007-32-102,176601.09939845122,24335.98141260452
2007-32-106,347857.9394052324,27530.781399616026
2007-32-101,205229.97473687155,15701.093486566877
2007-32-111,225493.51791291696,22112.421153650324
2007-32-105,183816.3349588817,18731.01216647878
2007-32-108,189572.5249012858,24990.08875860866
2007-32-107,178754.76149215733,13310.815233196816
2007-32-113,61738.87050702998,10107.051281001266
2007-32-103,152791.75371616846,17012.238940212188
2007-32-112,89349.695566476,6610.18042425497
2007-32-109,99325.5890734164,13484.12617371098
2007-32-110,189360.42055288903,20779.05227292188
2007-32-104,195546.52866221283,14097.831631427223
2007-32-119,239078.90460707943,21203.895542818627
2007-32-120,156131.5630895963,16120.055427401894
2007-32-121,268022.9066950709,24159.26620499161
2007-32-114,255890.2462539544,20413.653669294392
2007-32-117,601286.5246615503,45346.01041488507
2007-32-122,77626.87224625202,5328.811564174132
2007-32-123,385771.455568631,37045.63093436968
2007-32-118,230815.29485774244,17734.774404090484
2007-32-115,77908.19403616537,5737.592625842095
2007-32-125,139539.8690334258,10064.734478165745
2007-32-126,89160.57330575818,6518.352092579749
2007-32-124,135043.17126622493,9878.81141090511
2007-32-116,156056.89538881317,11301.247206256094
2007-32-127,312309.29200991755,22553.95151754429
2007-32-129,304539.50518044067,14261.76648792866
2007-32-131,79113.71931534765,4987.408090985341
2007-32-130,265707.67391875014,14521.120749789365
2007-32-128,124801.22654188857,8312.766003232326
2007-32-132,233330.6737998384,15023.59297503857
2007-32-133,906106.4812125204,45688.26782725287
2007-32-139,470125.80565017415,19615.458497801737
2007-32-134,345651.7371153597,14640.219604352824
2007-32-135,279584.94068827026,16949.511316340064
2007-32-136,583153.2183260818,32649.17578526215
2007-32-137,326019.24348345835,17368.1569671393
2007-32-138,285265.37495732645,14948.944420185406
2007-32-140,474408.195022341,18087.83856673952
2007-23-008,279518.64050678536,16381.222739975758
2007-23-011,339422.2873766084,18888.402273159096
2007-23-005,286655.5039695609,15552.088203524489
2007-23-007,405666.3141465238,22246.251397438275
2007-23-010,392041.3376500728,17765.67710234312
2007-23-012,311781.8754051801,12584.712459583185
2007-23-006,773789.0169171888,31111.70680287725
2007-23-009,372501.8650920647,20021.165165829167
2007-23-013,389838.71142911445,26513.185313812428
2007-23-004,451593.0577287631,18114.67266137525
2007-23-003,11742.390215897422,476.9648631811142
2007-23-018,165900.82518618996,7485.614722548926
2007-23-015,387045.3379165585,20485.55428056803
2007-23-022,266564.7536609011,12037.765157439797
2007-23-014,454464.0423758656,21299.00776756782
2007-23-016,298608.8301436849,17792.39224810156
2007-23-017,368457.9144528257,21258.51308790781
2007-23-021,474916.0246869843,31348.135700274488
2007-23-002,338587.7920487882,23219.601271829717
2007-23-019,496408.341548914,30244.10031987374
2007-23-020,453814.14415916335,42607.84240570501
2007-23-025,426941.7919318424,23353.791290598223
2007-23-023,316944.9497663458,15511.450724838534
2007-23-001,464996.7343208012,27433.55761243553
2007-23-026,478524.01835244376,29618.769447492145
2007-23-043,362682.8946164132,21114.10250887758
2007-23-028,423267.2687217453,18834.487913049663
2007-23-051,314694.55916062347,20095.180104941508
2007-23-027,570472.6486368868,24913.386048519103
2007-23-048,282344.6183257293,15428.177210685142
2007-23-044,565612.3495982306,38782.55262363774
2007-23-050,802.6050160045902,39.93292623851448
2007-23-070,490294.40840063855,29335.041823344727
2007-23-062,40.197656,2.0
2007-23-069,411551.5389719804,31400.412486844187
2007-23-045,373756.527960006,24351.6809781006
2007-23-029,344078.3228060363,20106.531780151887
2007-23-056,479084.2931925352,30604.75569444243
2007-23-230,449084.07757620094,32849.239129344
2007-23-033,223961.39708536255,15346.012625779023
2007-23-032,429239.7453910864,19138.79076987859
2007-23-049,315248.8740393416,19466.325761778746
2007-23-071,566071.4809156457,32430.31769527507
2007-23-068,519999.25863399,22484.495235380527
2007-23-046,369587.6121955116,24230.11977238598
2007-23-061,296581.8362209033,17498.81195923219
2007-23-034,260612.46682354785,22707.334358975844
2007-23-072,372865.4657204268,35625.886398742325
2007-23-063,521377.8111532833,45681.19629793748
2007-23-047,299050.64780202066,19459.361643849523
2007-23-225,354430.90185549605,23264.055512253428
2007-23-224,336194.61645191704,22148.186845208984
2007-23-064,461418.2180698817,47455.76635910597
2007-23-074,546377.0332943561,60743.14016484365
2007-23-066,432627.6862099776,28896.25749915012
2007-23-067,309419.8220814464,21806.187129329013
2007-23-060,246954.84106858628,18994.840010028875
2007-23-030,385649.8447804354,26665.7636010025
2007-23-073,372259.6369782062,26802.763771374244
2007-23-077,332008.5632938257,20662.5108480057
2007-23-031,260929.6793691484,15126.113374850298
2007-23-057,410390.7961486506,21109.009773522517
2007-23-229,460562.0232324173,47374.72172801338
2007-23-058,431565.5479806298,28799.137726390047
2007-23-065,362016.7775405487,19930.70485148672
2007-23-055,287632.7234451774,23426.21527910285
2007-23-035,310834.66243461426,28171.993137314646
2007-23-037,270775.83597823017,18137.18342917389
2007-23-075,325940.44443933875,16935.605318298287
2007-23-059,400677.8867888015,27127.2810174318
2007-23-036,328401.4589137004,37761.72766881774
2007-23-160,321964.2648844355,25164.689703839664
2007-23-228,325094.6809327787,24098.64590533357
2007-23-170,670688.4391431024,43961.373054160176
2007-23-156,294984.47053896537,33176.27954322638
2007-23-226,222830.13370116244,12566.363639225936
2007-23-079,383444.7497180771,30904.56414604267
2007-23-164,328217.0113165631,30276.20244376832
2007-23-165,400363.4967130955,23308.328028327887
2007-23-078,439593.5528766473,47233.09882773215
2007-23-076,323510.2258347735,22964.33563598024
2007-23-054,338018.39106441906,18786.767261231536
2007-23-114,350836.61681872763,21155.14465576364
2007-23-227,455764.6014019157,23748.98563823305
2007-23-161,333006.0088169757,22438.56690729387
2007-23-080,391007.5524775311,23932.527677861548
2007-23-159,276935.46429391927,20571.817706568145
2007-23-157,371105.3366136701,24933.92361340916
2007-23-038,278421.0918737599,19738.95496139303
2007-23-053,328088.8875001929,19897.19589226584
2007-23-112,273533.322288247,19467.33019233364
2007-23-039,377752.929886426,28020.24570018356
2007-23-113,327116.13036555616,29574.98131947449
2007-23-169,277509.980638583,19051.810951703766
2007-23-041,361509.644142092,25620.230403789377
2007-23-040,452207.90732427646,33946.28263908801
2007-23-223,383517.29832531535,40916.97370154205
2007-23-151,353387.9806756915,23188.64229380866
2007-23-222,329554.0360667647,24414.281708672068
2007-23-163,417797.6897998613,29062.17632678768
2007-23-111,399664.7648017159,25272.453586916483
2007-23-162,289249.0932568718,24861.503691983613
2007-23-082,374573.31389877206,29814.699287843847
2007-23-158,403908.0949106615,43265.8945979014
2007-23-172,376569.1062231106,26632.489320551045
2007-23-153,291232.15684595593,22722.401280401973
2007-23-052,346079.8845397786,24932.54843176587
2007-23-168,337998.8156750149,27755.484239503712
2007-23-147,417823.8524670216,29555.06138029829
2007-23-221,350045.4885608106,23849.9088629307
2007-23-173,305717.3939059752,41226.01545046208
2007-23-109,264827.91049355944,19016.06748629827
2007-23-042,418240.6389378711,29339.57762057089
2007-23-081,421484.4814813475,33747.74106435361
2007-23-152,273372.17237606,13709.71114899325
2007-23-167,1850954.155721622,87169.243623961
2007-23-083,187230.08206003407,18554.10467835836
2007-23-171,332712.8165874456,42695.47861926607
2007-23-219,266980.07715222763,20715.59807601417
2007-23-166,10606.24841462187,997.3334003724158
2007-23-110,626828.3308839308,34975.81872577299
2007-23-148,145331.47746016283,6760.745068128977
2007-23-175,632230.7891406588,32665.67462979676
2007-23-085,48858.24172370336,3918.17546519218
2007-23-154,419627.5849471937,22387.714364195737
2007-23-103,225612.41663862384,15347.2805486453
2007-23-102,49809.92237009802,3870.595136516303
2007-23-149,226926.13940091705,34611.676065270745
2007-23-100,530404.0124916162,24674.119978931383
2007-23-105,279188.69100583624,20283.704747823114
2007-23-108,486133.75304265175,37297.96567058632
2007-23-220,499875.82227703976,35326.82777744031
2007-23-106,322262.4019164899,28165.568762261355
2007-23-086,434273.4273405124,34241.34249175473
2007-23-150,347028.7819976121,33647.367153323255
2007-23-104,432013.8587673095,45894.13097295319
2007-23-155,264613.18553272425,22348.57637331888
2007-23-186,351387.4960257704,25604.42363827521
2007-23-174,382755.1335991437,26902.320234676637
2007-23-084,437429.6145051147,23608.97464839043
2007-23-145,293160.24990258715,16058.740894766015
2007-23-218,878310.7831233625,40677.96752612271
2007-23-116,375019.51145840687,36221.565402288456
2007-23-117,371515.60145709687,33204.04097846186
2007-23-187,233272.2337035396,27278.379732339745
2007-23-176,270152.3947401722,22021.931308059862
2007-23-177,289969.6546544415,24767.462592928925
2007-23-107,315449.875104996,28574.075218750797
2007-23-146,349890.8081651402,25191.775276749293
2007-23-217,141329.41838683674,27038.92513374839
2007-23-101,535520.4217305509,43193.76066954589
2007-23-118,376924.9042445936,28237.260446817432
2007-23-211,428491.1851266514,35943.08260181651
2007-23-178,415388.68584088376,34676.47498107828
2007-23-115,344453.6012567661,29106.58772942082
2007-23-099,565174.6152870795,62912.07865723834
2007-23-185,242540.15389352705,17602.574692515103
2007-23-132,311089.24329615606,24033.92154205004
2007-23-212,401880.8910341706,40930.30559525802
2007-23-144,269797.61256525485,25264.647817456047
2007-23-119,173392.29446238108,40904.63102872664
2007-23-216,301038.10942946776,28295.83203154773
2007-23-188,397424.0558009876,49636.06376159898
2007-23-133,31169.398505676425,3249.264005344099
2007-23-190,255188.3663822408,27487.3867159973
2007-23-096,319357.03835697065,26075.637411698204
2007-23-098,714081.1770526188,56431.80699655506
2007-23-120,279713.72593525104,26418.33335057935
2007-23-097,1431550.5994780175,38881.046598081964
2007-23-180,907206.74697025,22680.58612525045
2007-23-128,237787.56843242457,21349.04162448831
2007-23-181,448074.7087079857,31116.12771971524
2007-23-210,487904.1151999338,49920.34680886836
2007-23-189,122352.07273646304,3345.16641391092
2007-23-183,417046.20874627045,49243.33972934354
2007-23-182,463286.95302119054,37421.56597536677
2007-23-135,158571.9516512061,21438.57653575437
2007-23-134,488440.7261783028,30087.549082525264
2007-23-127,385846.5963213159,33103.48680740959
2007-23-184,347290.0049615215,31236.81936522129
2007-23-215,334679.20986781333,23396.25453782431
2007-23-179,270802.6543378972,21643.632739087712
2007-23-095,456004.8409335874,41855.14534262184
2007-23-208,376377.0390352218,39555.05779292666
2007-23-136,271403.19932536373,21065.497430656327
2007-23-121,453705.27715367306,51960.2887781331
2007-23-199,291076.20809932053,19065.447680087676
2007-23-192,312802.80264519947,26939.81141823499
2007-23-142,369097.3266914534,38956.94272135276
2007-23-087,251428.9373226082,26255.818125704507
2007-23-137,200422.9950492601,23978.998113985337
2007-23-214,234806.23912497464,22442.157917223874
2007-23-200,327250.4486341773,26197.79997642993
2007-23-209,241074.95007786155,30130.29921158252
2007-23-213,451568.3976357284,28032.54826743368
2007-23-094,201200.4431485056,27621.77439594714
2007-23-129,347461.9074874367,31128.499603687203
2007-23-126,272550.04097289755,25565.72672092169
2007-23-140,332551.7927907478,33118.28120820108
2007-23-122,459975.1185457242,40012.025766338906
2007-23-193,357363.4982614381,30321.438581467577
2007-23-124,324589.2637286097,37286.19701187209
2007-23-123,200741.61839050145,24611.333512404108
2007-23-201,436323.829840612,39693.2860365502
2007-23-191,277486.900795921,32162.33737761289
2007-23-125,491792.1692126174,31003.74922680962
2007-23-205,263797.3262546752,13845.266037246678
2007-23-141,379863.1586985434,34501.65747718904
2007-23-143,220418.89116931104,24710.114854594925
2007-23-207,385729.7931677213,22043.14201616595
2007-23-093,212627.4678708669,21448.394348139787
2007-23-198,202973.29564827395,20754.80856277654
2007-23-194,283136.5041441197,23347.858578795363
2007-23-203,501293.6108933381,31929.90653113294
2007-23-138,141580.94705557142,15423.908820945113
2007-23-202,139665.57978353745,11820.897072852573
2007-23-131,357190.3223474278,20780.226104940768
2007-23-089,228816.66673286905,18241.03170552188
2007-23-130,524418.2885964327,39492.34974116221
2007-23-206,176433.70334936157,13416.106662124688
2007-23-092,272089.4141632625,18569.103234207723
2007-23-090,357045.40518323216,17450.25858177716
2007-23-195,343691.9131299568,14659.549099266527
2007-23-139,597753.804163631,47031.275306241885
2007-23-204,466973.7002728041,31614.02238231207
2007-23-091,561652.4483285203,33003.99293398892
2007-23-088,436979.8592144045,38493.72781518756
2007-23-196,377496.3518490335,30664.85007696549
2007-23-197,419361.72751749353,30082.088207427438
2007-27-084,409600.7382636393,27512.109235386568
2007-27-083,290620.43103118107,22437.310632085355
2007-27-119,256402.96047950088,21703.35426868999
2007-27-141,279374.14164822025,14259.571046958445
2007-27-140,251135.0303628333,14495.19109715239
2007-27-146,398775.9052949111,30894.743679520016
2007-27-086,261616.99242563505,23369.272771539458
2007-27-121,514373.80478171015,31417.68882564678
2007-27-142,219360.1622481256,16987.93159610736
2007-27-085,402804.9456813338,16749.448504898333
2007-27-145,292668.8046527964,16096.829257579544
2007-27-148,263440.23076617427,17729.77541527361
2007-27-139,400497.1345450829,15942.060172972328
2007-27-082,345275.88097753696,15658.562427673867
2007-27-147,320430.21430591296,32455.53488623048
2007-27-093,335302.53479962365,25981.894406958803
2007-27-120,486130.5666930704,46314.74567875251
2007-27-122,1396992.4205935737,98209.48993547724
2007-27-100,283316.62195524643,13783.511403432276
2007-27-099,539736.6514389017,31201.534663471943
2007-27-143,430023.7689124213,38479.54013967997
2007-27-127,713249.1410387227,38964.91012895384
2007-27-081,393391.2715876038,20685.984417969597
2007-27-132,233750.9015443316,12424.908049379126
2007-27-087,272649.1369970627,21823.99500796855
2007-27-108,318389.09303107945,15510.61036909285
2007-27-080,648026.3828981869,22005.93161011885
2007-27-138,577365.905861926,30241.104095226627
2007-27-109,339985.42992778594,17213.89197382945
2007-27-118,245901.31622616164,22813.062336407136
2007-27-149,698637.7164962469,25684.05128307651
2007-27-092,420027.8919426962,17408.182495226287
2007-27-133,313694.67030665884,10652.56545629212
2007-27-123,275204.41622265946,17863.13443497382
2007-27-101,418981.8544617688,19282.481053009215
2007-27-144,191027.35031826515,6440.8024645965925
2007-27-095,66405.85771901964,4872.19630479913
2007-27-134,294626.8798559363,25819.743928119657
2007-27-136,405021.27860938,18059.133944372952
2007-27-094,391145.3727084135,32262.023789881925
2007-27-088,455615.2115315556,25569.273862713977
2007-27-137,281603.302312001,23392.1063664386
2007-27-135,744997.7213181398,33685.4766136735
2007-27-131,567164.3497758511,29211.604834643367
2007-27-098,397125.65902808926,24558.146916427824
2007-27-129,416203.43493396434,18897.236609978805
2007-27-102,61303.9019516982,3247.788529323647
2007-27-150,329390.9929107564,15599.67018094586
2007-27-110,231388.3217042253,15911.036929633789
2007-27-125,299339.87581361376,18358.506287378463
2007-27-091,334040.93683504924,16197.1667465497
2007-27-089,440122.4163224548,20483.12232744657
2007-27-124,181727.01922219404,8843.195924692616
2007-27-112,382912.3199482814,56090.30186312057
2007-27-126,340967.2843154378,23166.568337371253
2007-27-107,378503.78784751776,33888.21972001577
2007-27-097,800631.5763729576,52978.98835591085
2007-27-117,347055.8405986247,19943.08844953036
2007-27-116,161353.15702663246,9924.913880967631
2007-27-079,297129.4231518076,24215.45108577283
2007-27-128,311291.8880061701,19401.585316194512
2007-27-151,381861.40509493934,26220.65632688439
2007-27-074,364846.8632002147,34583.96490513997
2007-27-096,140837.24606008892,6074.436349192678
2007-27-103,296748.3598753872,22912.48659760808
2007-27-130,427845.6745759422,24750.841776197805
2007-27-157,444905.2028096569,71315.58083905217
2007-27-090,223222.7351389149,16864.34448101127
2007-27-077,464967.3156718709,40884.518612404034
2007-27-111,424212.8523308999,18412.78334302405
2007-27-158,710633.948894673,49613.71828005455
2007-27-163,518370.9070536624,41233.99838992681
2007-27-078,188015.92977513032,12331.5568284857
2007-27-189,366781.0133927226,20553.87274120419
2007-27-188,1414873.6003310175,78704.72781861163
2007-27-164,444168.1074613804,36015.88192495091
2007-27-104,327237.2513669654,30460.569852953107
2007-27-190,343891.4741459746,59680.40934267782
2007-27-073,368317.92225895135,19688.864765231265
2007-27-161,758354.9221975044,86491.89352239744
2007-27-194,377141.7267650216,18487.364578425884
2007-27-072,439820.2508335818,22323.38209066025
2007-27-159,390286.83479652513,33833.713834403665
2007-27-075,363862.3259867284,23447.502473058317
2007-27-106,348814.7157938003,29480.264419704446
2007-27-076,305647.898837418,13963.61859504343
2007-27-115,291882.96370999754,17653.26854520283
2007-27-113,363736.4047755216,46839.91484664142
2007-27-152,604221.2557657516,36953.07158870599
2007-27-160,469805.0299249956,51356.08495641651
2007-27-105,682552.318015254,54586.49833604382
2007-27-165,533641.8273986013,57367.87747753875
2007-27-162,441568.6416306212,56894.7494722041
2007-27-191,856956.2989549675,52038.02246967018
2007-27-156,278924.72039118607,15370.949353207136
2007-27-070,397726.35295946593,34527.60514305737
2007-27-064,663540.000427402,51000.238118712594
2007-27-192,1567540.6578621448,84698.61813877504
2007-27-071,448916.457132544,21842.46158601658
2007-27-187,443521.8777498152,49982.95093114195
2007-27-114,565409.3641617553,31208.73270257011
2007-27-066,268396.600544219,16085.80075744728
2007-27-063,561617.9849986391,62293.50495432604
2007-27-068,54373.08406567541,2864.0543673653738
2007-27-166,473553.4753438112,60992.00366090002
2007-27-153,991382.4758296078,42501.91783648088
2007-27-181,552268.4937073677,35367.30047820523
2007-27-155,395841.8057718744,21202.35345039206
2007-27-235,407120.416746508,23187.962556460465
2007-27-067,414803.3862891504,22796.99162975477
2007-27-069,379479.0407048082,21646.62143746905
2007-27-193,411890.5409362872,29927.07388321159
2007-27-065,446723.2418501996,18763.70738550485
2007-27-167,1037811.9392854426,43025.24213538438
2007-27-184,248456.60091547188,11857.513627103326
2007-27-168,396345.6850318385,27270.860161896067
2007-27-180,320519.6758514095,22544.84620756289
2007-27-154,230209.0026475496,26954.12546087034
2007-27-182,450841.32519155095,66725.28906433008
2007-27-059,422482.7120193353,66842.63347846613
2007-27-186,351961.89045996737,20638.616114955847
2007-27-195,221607.2337499841,28022.754531384955
2007-27-062,442947.8537357017,21313.99945651361
2007-27-234,496648.8299039144,63022.08852009624
2007-27-238,404880.4701184204,21822.74484153493
2007-27-239,340938.6353342094,49408.40290097025
2007-27-185,911357.0521008022,45998.92264209148
2007-27-233,576582.2304707118,62856.01685862943
2007-27-169,1532122.6473714786,25612.577741678437
2007-27-232,409692.777691287,19640.58577462515
2007-27-183,396686.9587719062,18323.842031041386
2007-27-236,591730.655103083,25945.594421687427
2007-27-060,370496.0132789023,27679.749127400573
2007-27-230,895743.1980511103,33412.759646088096
2007-27-061,471780.782194853,68497.65162059611
2007-27-179,262813.482280086,11612.70447751939
2007-27-058,308224.8326241287,57357.25148213119
2007-27-178,1179917.9742986453,49629.91744656208
2007-27-196,3325628.726031425,34520.806279319964
2007-27-057,211981.14457051884,1384.9584510744317
2007-27-240,457722.3114453303,26970.09400825016
2007-27-177,311735.9241774811,28469.03664530782
2007-27-237,445434.3541520829,23372.109569451524
2007-27-171,1041891.120683639,8653.863670805425
2007-27-054,268499.6189216112,2072.557755806578
2007-27-041,2059402.068805194,38831.84035848154
2007-27-197,301908.09858930734,31668.67752441225
2007-27-229,175483.45197902716,1225.613479515093
2007-27-172,192851.78043788337,1607.5175460405444
2007-27-040,764561.3877599456,6542.299490706471
2007-27-038,336197.3029672389,52460.887667594034
2007-27-056,0.0,0.0
2007-27-231,143.180093,1.0
2007-27-053,362594.48187116405,2854.8329196056875
2007-27-037,491866.6706750705,4070.866860769111
2007-27-039,99305.60757491789,849.7512904294999
2007-27-241,439690.4144591094,29080.28451092506
2007-27-045,125587.87301420864,883.8268149364594
2007-27-044,172293.18479133165,3053.5221015367424
2007-27-043,385608.2006965155,16056.828904616836
2007-27-036,211417.1928292148,1791.0426455889246
2007-27-042,220381.2689405385,1885.7874418363936
2007-27-016,611315.8706574476,50265.97236991412
2007-27-052,164464.97973966337,1407.3155804299092
2007-27-055,237525.2075964947,2032.4869520826032
2007-27-170,1249778.4020345872,69475.97380477405
2007-27-051,101708.98770834884,870.3168498137966
2007-27-035,650314.2316826723,5560.694391907076
2007-27-198,538626.9334426284,40220.14949119613
2007-27-049,357562.61363101896,47701.70442523768
2007-27-033,397316.9435815011,28258.618664214104
2007-27-017,236279.82586890573,2021.8303058373492
2007-27-050,524547.6203650822,4488.518102672912
2007-27-034,237989.66041451524,2036.461243072756
2007-27-018,346763.6917113925,19931.33123303833
2007-27-199,563673.2857147899,4823.313744447329
2007-27-200,1173869.3290988065,10044.719543607463
2007-27-047,449216.7809517197,19787.745050690253
2007-27-048,867965.7215370941,7434.806036439071
2007-27-046,941724.4230669806,8058.271463941317
2007-27-176,536743.9869379754,79837.76362536599
2007-27-032,135674.73382097043,1160.9594156711828
2007-27-031,703673.3618859198,6467.215110728022
2007-27-175,405064.6606573501,3705.463423058499
2007-27-030,15245.010699600329,130.45051363110542
2007-27-028,493481.6014916779,76337.9855102868
2007-27-242,585904.3846761219,5334.508117844773
2007-27-029,497125.75477301865,4672.363290810288
2007-27-025,7454.116984842408,70.05942104384303
2007-27-026,434701.8814712623,50206.9615352118
2007-27-027,442397.0737879394,4028.360431128969
2007-27-252,640219.4543929643,36643.278258456405
2007-27-024,154296.68243147925,1450.196751958225
2007-27-022,67953.59108493112,5533.635894837662
2007-27-023,0.0,0.0
2007-27-243,456516.7111931127,65632.26130252387
2007-27-021,279506.25525511714,22388.990904337246
2007-27-202,368990.4820740326,32226.56531047424
2007-27-020,538191.7877265929,35037.9768934893
2007-27-019,333553.22562790057,17585.10409777032
2007-27-228,1732217.666006283,117021.41311531467
2007-27-015,413844.4336548472,40998.17506335807
2007-27-203,645526.2146550623,75069.0568091615
2007-27-227,505584.8177626187,57354.93913617101
2007-27-173,366162.8948246202,28842.86152576958
2007-27-174,460368.9600077424,49863.55150243916
2007-27-208,1113574.9864802463,16933.893003137113
2007-27-244,617349.5780560211,23852.4159712552
2007-27-253,717180.2856519574,42264.5110548562
2007-27-207,2220458.409137971,35786.60314723532
2007-27-204,376204.5924854322,43860.90400068834
2007-27-256,399539.8260347556,19096.60629570251
2007-27-251,205203.999625786,14260.223682978052
2007-27-246,70971.3445914715,4906.211711281591
2007-27-206,544330.875164198,32229.5755367488
2007-27-247,356299.45027552504,29380.609737032675
2007-27-226,302074.90669826325,13052.655723551004
2007-27-249,476239.321339468,32234.66945893312
2007-27-250,531790.3180582453,57467.42341515262
2007-27-013,306519.11670931854,26230.61311754596
2007-27-205,226883.63714378615,20234.63871214015
2007-27-014,334325.4612939645,25413.09361969905
2007-27-248,271193.2925360128,21678.88670882164
2007-27-209,493533.0532091155,52241.40876197536
2007-27-255,162418.62081129313,10958.972769056272
2007-27-221,277191.93041477853,18206.65694820245
2007-27-257,283076.7654058693,30672.889643510574
2007-27-210,238858.8642117926,28614.632656056245
2007-27-012,472639.2727408137,55977.19973822893
2007-27-254,346396.1320367873,36227.68152472464
2007-27-211,192778.6565116667,24385.96215239732
2007-27-222,513138.5320146339,51290.675634079504
2007-27-262,213498.4023388524,17968.462880841922
2007-27-258,316174.61419749394,29898.615474968312
2007-27-220,100773.1209879103,2823.42669421155
2007-27-212,187077.8627672293,16134.848736500891
2007-27-011,169697.81256479718,22583.17191218317
2007-27-225,458336.21148039046,47557.04151840654
2007-27-213,256281.2256044616,30054.50416146076
2007-27-261,286617.0145536796,36485.13772019176
2007-27-218,267792.5022706679,7682.648844761541
2007-27-263,347539.7618686148,31709.64909627988
2007-27-010,489528.40542407904,38835.8419774283
2007-27-223,249063.60725236163,16963.497762791812
2007-27-259,426482.0580240212,50389.73733685316
2007-27-260,747401.4914540135,21938.27815775294
2007-27-217,237313.7645562335,32573.47160220981
2007-27-215,269825.4307472298,28030.371229029955
2007-27-264,301566.787635029,38778.45816761884
2007-27-214,204302.7894236383,21343.62092860609
2007-27-224,222808.51399525304,19321.233908337454
2007-27-216,509589.32867045805,39769.11024624554
2007-27-219,424269.2552384741,37582.25167727772
2007-27-009,333209.6707935207,48230.10255341139
2007-27-274,103931.3117497913,8458.22084437286
2007-27-008,99353.19778324662,12771.058580015528
2007-27-265,236892.45193045956,27466.796836151247
2007-27-266,275277.5354470516,28498.65043412507
2007-27-270,242943.7167202177,20169.168624172453
2007-27-276,629484.5433722347,45009.27542191074
2007-27-267,510881.7999086728,38073.24070478456
2007-27-268,134315.86492073894,14216.802326449368
2007-27-007,365497.9657715287,22968.14998448602
2007-27-273,173022.8482731532,10580.212255053288
2007-27-006,321820.18519249663,30251.07955519379
2007-27-275,209226.83847972067,21810.18466673186
2007-27-269,794119.3781772425,45393.81754410283
2007-27-280,589635.4224459734,34490.201727567495
2007-27-272,380651.4316506324,20628.33493906277
2007-27-271,245886.49929702943,14070.753474216792
2007-27-281,248530.4656587486,18044.900677791506
2007-27-005,123161.6334235572,6923.080337100839
2007-27-279,453609.9346539319,29839.86251171552
2007-27-277,132185.58865696512,13394.771588844304
2007-27-285,166738.88877380296,13159.448662222758
2007-27-284,222235.55865403905,25149.642508268007
2007-27-282,335842.70095153624,33610.33169080624
2007-27-286,126313.09369788316,17828.97907943344
2007-27-004,254050.8319105116,29259.153523222965
2007-27-283,70574.85727197932,8963.163165284845
2007-27-003,81273.88471888223,4206.573539411242
2007-27-287,270554.910727992,16868.9761200478
2007-27-288,82898.46904080905,7549.991515570295
2007-27-002,181391.27549575068,6701.22147104051
2007-27-001,102042.0062033848,11744.074562603084
2007-14-045,47753.97415593747,9566.191045894018
2007-14-048,40056.14566320908,3674.317560855765
2007-14-049,62659.06837485201,7734.395307278159
2007-14-052,52224.92082320352,4073.1229454819113
2007-14-047,107433.98480955622,13627.512754589785
2007-14-044,22337.752441150034,5499.987091754447
2007-14-046,38569.92728062313,8722.614936600501
2007-14-050,24840.96738554308,5481.654592244035
2007-14-053,14626.930559608294,2592.691922336031
2007-14-043,34964.81021982738,8653.047048491004
2007-14-051,29789.95719626114,4211.544431357383
2007-14-001,14466.591862411642,3938.877569561853
2007-14-016,19006.52340593598,2217.1604137763643
2007-14-017,33778.49822678849,6359.26023030985
2007-14-002,56010.009397210575,5700.236046734266
2007-14-008,13252.055660254158,2505.902877490211
2007-14-009,35975.17978018953,3876.419820762676
2007-14-003,93326.54718060375,7972.491771582951
2007-14-010,52426.83736578355,8814.441695669646
2007-14-015,26817.256724208237,2386.586754230824
2007-14-054,29743.748442352597,2962.981911868876
2007-14-004,29059.43153606683,3615.081277533431
2007-14-011,13605.598514122508,2990.6041343489387
2007-14-019,45097.83693262225,5396.951545272255
2007-14-018,73935.22518960114,7592.722804789122
2007-14-012,62470.29054748599,7521.039313208845
2007-14-013,78312.40607924887,8250.094211536745
2007-14-014,86761.50340753696,7046.250808399753
2007-14-007,62520.16803426069,8832.448481276133
2007-14-040,61220.92203182342,7930.722060756489
2007-14-021,66937.06922035637,6097.986761712818
2007-14-005,53493.25172515232,5768.553862278266
2007-14-020,24420.935930069827,3677.152682013512
2007-14-006,29087.594939832987,6934.137451650902
2007-14-024,58624.204390460574,7974.440445004671
2007-14-022,34200.64998811622,5185.87374685338
2007-14-030,83207.32582227064,10846.305116635194
2007-14-025,62579.6384733888,9124.764197863076
2007-14-033,22067.830328395517,3035.758612349646
2007-14-032,63081.615798582585,4747.67389360792
2007-14-031,65883.68577265117,9600.988537079187
2007-14-026,97246.8616861346,11185.06965411047
2007-14-023,33001.29057067659,1698.7490400969982
2007-14-035,19229.73655879839,2936.181395694613
2007-14-036,22210.16366186139,1643.599462032318
2007-14-042,61782.635612179336,7949.171838531449
2007-14-034,64681.86128605993,10380.53709016317
2007-14-057,89446.16939987402,12152.078382525591
2007-14-055,48055.39302363946,6948.730055644861
2007-14-028,26569.479992884684,3408.4026688630693
2007-14-056,155716.00365598805,16868.979424089193
2007-14-038,83306.88140663036,6883.902670702155
2007-14-027,7009.8238251131925,921.7452698075612
2007-14-037,50797.48683586244,4450.901772398851
2007-14-029,93768.26797505432,6333.282473719355
2007-14-039,61416.97045431176,9164.362512548483
2007-14-059,69045.10796286765,7272.319293853885
2007-14-041,88739.00451935933,7589.052625732962
2007-14-058,37143.73999789799,3678.342763357141
2007-14-060,37159.807521997776,3158.3482759779736
2007-17-011,46805.63019329936,4722.741537842623
2007-17-008,86090.94367149472,8544.997135535214
2007-17-045,45358.17876042895,2726.038580032182
2007-17-010,59261.506720042096,2306.8194669516524
2007-17-042,83584.87999183196,4400.631502146576
2007-17-041,65410.02371740026,4475.741322930902
2007-17-044,71872.23948572311,8646.474085485403
2007-17-046,83785.90852849395,11955.25219456089
2007-17-040,94793.43951916494,11775.369463449824
2007-17-048,52057.11455671645,6650.800388907141
2007-17-047,75621.98905691488,8483.52428357274
2007-17-039,33641.151436434906,1212.272664803197
2007-17-036,83063.3209297198,12385.60047601536
2007-17-034,55337.02821881372,7930.148744526319
2007-17-014,110218.56171470675,6850.09001338447
2007-17-043,35323.309288355296,1191.8927236243471
2007-17-012,182995.06237678288,12592.50494892129
2007-17-049,92254.45940939304,11062.714855805809
2007-17-009,62251.95278310242,3977.3870021217335
2007-17-005,72895.41444543874,5971.356615716024
2007-17-051,91329.44810993852,12302.647137348156
2007-17-050,55316.924801525856,7619.53671860724
2007-17-024,26281.328896019342,2062.3152646022354
2007-17-033,42513.53421496866,2285.583140201345
2007-17-023,44020.47679012927,2256.6045743231407
2007-17-004,38681.157847416274,2969.5021838210523
2007-17-038,61515.18375947214,4312.850655173883
2007-17-006,51588.48250961951,2644.560306981962
2007-17-058,26708.97751708726,1375.4382097169
2007-17-019,123300.98749113042,7600.656727812238
2007-17-018,19179.09588175773,983.1705300352768
2007-17-057,11852.964892612765,607.6139275701717
2007-17-052,11749.501114242114,602.3101041549671
2007-17-022,68335.16557938483,9532.828401213226
2007-17-020,83307.35620054793,6204.760062135561
2007-17-015,112653.07438844904,14130.690491936924
2007-17-017,68941.78827802483,7376.479992096161
2007-17-021,38731.87609475272,3618.872850174172
2007-17-016,33769.85079354927,3498.210044419393
2007-17-007,86692.7811256179,13546.5667708971
2007-17-026,13427.22794887386,1416.9459670039978
2007-17-003,24630.99085446925,2626.966958700279
2007-17-013,42132.94775588082,4126.810480222006
2007-17-025,55770.13009433407,4869.572637546808
2007-17-056,56201.58643420932,4625.726602818817
2007-17-002,47029.345355863,3722.1812872232986
2007-17-060,43125.46470463987,3246.5807921393425
2007-17-059,30527.14067742921,3039.334355028812
2007-17-054,71145.91649717638,4895.776052512112
2007-17-053,43288.66236711843,4700.0856144810095
2007-17-027,24813.651942151744,2348.3538303114474
2007-17-035,17505.860096086588,1885.420644853497
2007-17-029,36344.13951974856,2310.3135613213244
2007-17-032,26697.838749764964,1661.9982899674214
2007-17-001,46312.19225858083,2462.001430876553
2007-17-037,18564.14883020105,1988.690436013043
2007-17-031,32670.345264431235,3164.59664240852
2007-17-055,49227.06878180909,2743.988634795289
2007-17-030,25095.87250116505,1647.2754416887865
2007-17-028,15606.907600423703,1702.000186832447
2007-15-024,27656.795059,2837.0
2007-15-021,43789.9655633037,2777.948980411125
2007-15-022,24883.09729666524,1464.138695731759
2007-15-023,20260.13399175547,1828.488191217184
2007-15-025,1669.4185108308704,139.86521686799824
2007-15-020,6220.139333634164,280.08739405917004
2007-15-019,20879.24330999944,1804.0
2007-15-027,21152.559291076937,948.098165505311
2007-15-026,11740.800537500358,527.1900841513707
2007-15-032,42095.58139240178,2840.550989768002
2007-15-033,46465.779501308665,2085.6976334362557
2007-15-034,36709.246024937805,1645.3786198820962
2007-15-017,21980.97759761493,1054.395004127873
2007-15-037,197679.57679442444,8860.376729719757
2007-15-035,26864.303499954152,2498.3662003262434
2007-15-028,38691.47435551641,3025.0867575742304
2007-15-036,45527.45175589722,5001.788806552999
2007-15-038,28779.937023184804,2254.097555562854
2007-15-040,14483.56331083062,1313.0874263644218
2007-15-039,24168.982097175267,2213.0542787762824
2007-15-018,24801.42411242157,2104.8574138469994
2007-15-029,29404.86835792016,2615.1317035688558
2007-15-015,16779.274523178043,1967.546373307705
2007-15-031,42645.97471090784,3300.054225673201
2007-15-016,20990.38824518058,1488.9395914971828
2007-15-007,17608.60490848645,1675.6665295362473
2007-15-014,52084.443576985126,3485.128989953548
2007-15-030,27932.128813017815,2111.9373750434133
2007-15-013,3145.0951835530814,219.37011317163703
2007-15-006,19162.749888101836,1606.079856917262
2007-15-011,50327.2995908702,3945.1259425460594
2007-15-012,27871.081204074148,2857.26755415462
2007-15-009,80683.6560435707,5154.400438783516
2007-15-010,37313.1793859423,2238.481976248324
2007-15-008,39288.511016626886,1930.4580192920985
2007-15-003,28666.74900512224,2757.5682199982366
2007-15-005,10667.988228945134,1722.9886321481315
2007-15-002,8535.810206136435,1959.4592666011304
2007-15-004,21710.054280141063,2126.2617979049683
2007-15-001,12112.316894812944,965.0161509150494
2007-13-041,31843.11752585905,3009.648068371229
2007-13-043,20590.0377729272,1609.507530815143
2007-13-042,19679.807731357687,2699.662091449485
2007-13-049,13152.561069925969,1824.9605269762103
2007-13-021,12948.94379727844,2550.7895959401503
2007-13-044,18558.79152451452,1438.7179554402828
2007-13-046,7762.324364563949,1031.6765004150802
2007-13-047,31581.757141488717,1857.5476202517748
2007-13-030,33246.095554708096,2086.127508180216
2007-13-045,70415.61163537165,10596.449379620046
2007-13-050,13696.653441387703,1059.9709420815343
2007-13-022,39793.46249543656,4100.427514632756
2007-13-029,14910.232252865157,1747.5434957733378
2007-13-048,10299.7949746366,1379.4661510227595
2007-13-055,20065.4212650587,2136.929095886648
2007-13-040,55060.80461873895,4191.853554828325
2007-13-051,32406.98607701107,2288.2124957235355
2007-13-024,2869.9265710693685,294.75107830017805
2007-13-023,21114.141256146235,2477.6557473444554
2007-13-028,5990.964972522793,703.0145633789143
2007-13-056,19085.499613034845,1536.2834419088904
2007-13-054,27077.760467952983,1660.0217963904142
2007-13-052,8320.99470224747,1078.9181473394856
2007-13-025,14098.370685692891,1145.6052561833058
2007-13-027,11517.053925160068,929.6052539329976
2007-13-026,12185.872142517665,1555.9337243438931
2007-13-053,18784.01896567931,1826.70922394027
2007-13-039,31352.17092624128,2651.056155530736
2007-13-031,71789.18048916844,4227.4212837086525
2007-13-037,30582.002202969383,3070.866732839676
2007-13-033,19954.145411534595,1620.8979485812597
2007-13-032,28739.40179502425,3142.4192788675427
2007-13-057,23989.58625995388,3463.4924505402178
2007-13-058,29647.02030869228,4192.917993265437
2007-13-038,67256.76751697212,2883.5661245808005
2007-13-035,9670.161543862156,1493.8659578664228
2007-13-034,98187.80171546704,10353.231698626823
2007-13-036,36067.03591056456,4845.061387406196
2007-13-059,30606.063811758093,3343.2249537938915
2007-13-060,212469.24792293223,6148.838524512608
2007-13-012,19535.045226032216,6224.336115523771
2007-13-013,57175.97338183786,6029.669050850982
2007-13-001,25046.69384507618,6033.867296123179
2007-13-019,36120.35222063052,2591.46482659434
2007-13-004,40040.254051044365,4819.543079068042
2007-13-002,142851.15302870318,2783.7530670539345
2007-13-011,25574.724865309865,2131.41190226817
2007-13-003,12653.563671427395,3185.955511875278
2007-13-005,55149.55052899857,6048.162500360631
2007-13-018,49369.09259441073,8214.371376559953
2007-13-020,25488.92880717464,3661.295401270967
2007-13-008,23323.95219844725,2068.2345022615045
2007-13-017,12664.08996474556,923.2515984028578
2007-13-010,41227.40336327854,3724.5223294619936
2007-13-006,249778.3715532537,16077.524864489
2007-13-007,301758.43010769784,42194.78690031262
2007-13-009,255672.36979946936,31392.99557557485
2007-13-014,241738.398691892,20505.67228616168
2007-13-015,376744.7725387609,39086.9106826604
2007-13-016,276729.11183804803,27438.22847035673
2007-21-003,357848.1616071806,34920.4278031682
2007-21-136,520167.3428799104,20595.861128569417
2007-21-138,266430.0654674897,29656.94992962484
2007-21-004,224141.8140008639,23136.67716392272
2007-21-140,352249.0570644367,30046.74372966032
2007-21-005,281323.7926370189,23395.40140538693
2007-21-137,247462.98946875072,32553.3993904547
2007-21-139,378145.7155803867,25985.445781140283
2007-21-131,276311.6672088504,35079.16881546523
2007-21-002,330533.55588428787,37205.27558153152
2007-21-142,385640.83135866135,11526.12556333564
2007-21-006,287672.7980398441,31159.27855661651
2007-21-135,293810.61102073913,32069.39958469208
2007-21-007,318437.0225590439,31411.381864110343
2007-21-141,292979.1456954884,22486.091532954648
2007-21-143,352224.3254472151,17693.6930591868
2007-21-012,190904.0145207267,14549.241535406589
2007-21-001,406513.0259648684,13177.935877285538
2007-21-130,360872.4171904018,40217.92706292361
2007-21-144,295023.94462737825,31075.88730192394
2007-21-129,283165.91559392377,10223.864177491434
2007-21-008,296176.552648147,18653.62532316649
2007-21-009,350794.2821040463,38585.73591002211
2007-21-011,254346.26161508745,16726.059878316762
2007-21-145,374842.2108853891,32637.96015144648
2007-21-132,326384.5744162632,16700.34766820528
2007-21-013,373559.9330864814,30096.483175840847
2007-21-010,480025.3073817288,27690.13653671371
2007-21-134,297082.7236304785,10981.477467868526
2007-21-126,382831.0651414924,31161.48072427686
2007-21-121,322930.0416226463,6311.279483469436
2007-21-017,342123.8615346188,23517.97905548912
2007-21-128,246028.7293772736,17356.041928329854
2007-21-014,321288.6462786986,18342.57419851094
2007-21-147,385468.00938714505,40620.58071012334
2007-21-133,314542.08615067624,8918.67936584399
2007-21-015,283177.5539606857,13338.4834108137
2007-21-146,243193.14216932905,10068.70881717359
2007-21-124,413403.0331463557,13270.406532528898
2007-21-127,305279.5732563792,25672.138745401
2007-21-122,307657.8211646006,23190.62351735708
2007-21-016,325923.78639668965,22683.89506434982
2007-21-125,409739.2221848026,12002.854375448078
2007-21-018,343647.7182384443,18445.727514738745
2007-21-022,299641.9771692582,28301.78081835562
2007-21-115,375395.2531426036,11065.998210356893
2007-21-123,297999.8400208287,25483.81108623277
2007-21-023,343713.0721865717,15955.1143795901
2007-21-019,287009.3455654883,6703.313687253278
2007-21-113,267321.8797403811,15609.362535299424
2007-21-094,319502.7905337158,6802.164006005871
2007-21-024,382875.5050318856,38486.64285903095
2007-21-114,281827.0356523085,17652.195120228305
2007-21-110,239066.17249688876,8140.156877152
2007-21-021,239912.4803343645,15884.563739008852
2007-21-120,318145.3743370385,25584.311505774647
2007-21-020,302998.5411012836,15694.844117119908
2007-21-116,289332.5776547632,5284.516678314858
2007-21-108,309513.0039602268,15439.77625857807
2007-21-026,344912.8463815392,21047.24681836553
2007-21-112,365780.19595012045,6906.862954732107
2007-21-105,203944.7281357763,14817.455710199953
2007-21-118,424903.9193009287,13133.51169611339
2007-21-025,202446.61318712964,4881.258909766329
2007-21-119,281063.1142827627,9591.949727519192
2007-21-111,298266.1276575336,18856.28925476884
2007-21-029,329837.32666388655,36278.752852184
2007-21-117,349566.6243484784,30107.48692927549
2007-21-032,249755.7604701763,6936.700253965799
2007-21-030,529872.3540820798,20611.338676805404
2007-21-027,351379.55626681785,17312.29722059815
2007-21-107,273586.27002757153,16333.58799241588
2007-21-104,271135.3679855932,5828.065235510934
2007-21-102,286575.93289199314,9190.956676604546
2007-21-028,278899.6174101449,12347.724176553776
2007-21-045,267427.03334455146,10401.312228090024
2007-21-047,248026.8105149679,16785.485971938353
2007-21-109,272316.3630680768,7456.727325430718
2007-21-031,278475.52092693443,24508.195920488342
2007-21-040,270341.9710446145,9506.170441850923
2007-21-048,211336.32969574805,3988.194371003408
2007-21-041,321308.5762195553,11905.404381992252
2007-21-064,250682.08964878388,5902.618856494722
2007-21-033,273789.2482403862,17042.133268679194
2007-21-095,325176.52652369137,32304.24815082658
2007-21-046,252279.83538837972,11912.142555749071
2007-21-044,686596.0167781693,26496.114529949085
2007-21-043,312703.6390247341,16680.17261162358
2007-21-034,261487.8131549899,12585.431820390117
2007-21-101,229943.88423230225,8982.896467508224
2007-21-051,576661.4236870029,24998.46605394736
2007-21-039,315183.07339507743,29892.45557963402
2007-21-050,278214.5242106904,7381.765407992527
2007-21-106,215006.8187609132,5910.815627124859
2007-21-063,375663.7240670606,15222.41545369845
2007-21-038,358491.53485812084,18321.27904446298
2007-21-049,289906.6670381747,16839.337443364784
2007-21-103,304812.6919848923,13070.17225290183
2007-21-035,229054.37938400172,11858.888803547015
2007-21-042,321590.3962109442,24413.937593207345
2007-21-036,182472.0793875154,4195.533507679822
2007-21-059,229734.4869458059,13116.385076184755
2007-21-060,320976.7019965885,15240.169176047197
2007-21-065,331605.93341021927,21103.51849096099
2007-21-062,345377.67956661567,20319.096511397394
2007-21-096,340523.5131914543,12928.67356435064
2007-21-037,236542.66754002217,8997.141038297657
2007-21-066,429394.6337282826,31529.837119792763
2007-21-052,242002.93986120768,7047.508467062871
2007-21-100,297882.41123999207,7352.597089263378
2007-21-099,175881.8583499382,4597.3151711528335
2007-21-061,286541.74131858605,15680.058300293527
2007-21-053,454584.1535010229,15814.62195537053
2007-21-093,407194.61997001455,15772.094741577224
2007-21-054,285405.761285695,16292.266840828874
2007-21-055,392261.7184041885,30508.797741598435
2007-21-057,278020.38490541966,9113.218766459147
2007-21-081,331543.67830149125,12082.970128890043
2007-21-058,341871.7238356284,24137.947453881818
2007-21-056,339923.96470430936,14342.067059339111
2007-21-098,223514.7444118848,8353.555697902106
2007-21-092,330470.6457967672,16692.684482752113
2007-21-067,302254.9651281005,14481.107375472318
2007-21-070,318857.85171202687,13597.62320715838
2007-21-097,318472.2712260325,14591.512574359134
2007-21-071,228738.28192894463,9623.325539896245
2007-21-068,267873.1156072521,11428.157698763242
2007-21-080,334351.1499779107,21467.83095685702
2007-21-077,277811.2295784737,15095.256584645133
2007-21-069,291676.5035207136,16163.280327528655
2007-21-083,340539.95939917595,15188.304765946552
2007-21-073,509082.37976945046,16175.692441717736
2007-21-072,269138.12905047217,9310.002037204204
2007-21-091,301092.08152791235,14216.755087210217
2007-21-090,329323.6874180771,20431.030639082004
2007-21-074,284228.58770231064,13886.364520528294
2007-21-082,322264.41654103645,16950.092219666818
2007-21-075,239190.06194553457,11566.959418931056
2007-21-076,388200.4275761353,25067.58975553469
2007-21-078,344359.6130447826,18279.37794295966
2007-21-088,440240.9886615934,38694.00412582494
2007-21-085,180040.7954213134,19574.767191951163
2007-21-089,412273.5873207969,46211.81612966
2007-21-079,236690.24867445885,25687.82487366914
2007-21-087,371676.7675774189,37468.94043875033
2007-21-084,112284.48249451537,12345.425215253534
2007-21-086,320145.5101422298,49079.76012434362
2007-03-010,264402.3136950472,28223.369372065103
2007-03-011,105244.00762285283,11182.890987781822
2007-03-009,270014.7823333208,40676.87306631752
2007-03-008,338188.4676424529,25482.14106469245
2007-03-006,257591.558499594,28511.74698982504
2007-03-052,176407.93584829822,26972.823555605937
2007-03-001,176373.42897898305,18676.23154171867
2007-03-007,526212.0208822128,25794.42287819867
2007-03-020,275791.8073914467,41101.26933934189
2007-03-003,180287.5335451376,29406.10354495389
2007-03-005,284164.4047568891,30916.322496858105
2007-03-051,677604.1025593119,72909.87857430123
2007-03-002,207952.23154422533,29430.508205275644
2007-03-013,223766.4099453732,25613.057297619725
2007-03-050,284725.54290492955,18850.543585986845
2007-03-021,26615.014828801235,6689.87064635138
2007-03-004,152095.87891209492,22097.33763921713
2007-03-014,154105.79357402443,23767.682968783163
2007-03-049,320389.6210766254,25054.08525263581
2007-03-012,202826.97898717597,28577.016731184227
2007-03-017,382650.393214402,39543.671464650055
2007-03-016,16390.246795945743,3189.094607580932
2007-03-040,315182.39265890885,46289.85464062727
2007-03-047,24841.945565234597,5211.764349981182
2007-03-015,344861.50655241933,43691.61534530916
2007-03-022,737767.9914820174,63438.76840768992
2007-03-028,141013.01823312664,16551.987376436635
2007-03-018,171561.84386419618,27992.930049609364
2007-03-048,258275.04571337535,35453.23470868931
2007-03-019,211675.19043926676,31573.308043800243
2007-03-023,148819.41149859736,25102.31575167865
2007-03-033,218923.9605648704,28940.71487676809
2007-03-024,171710.23303301624,23910.635194936425
2007-03-045,213380.41947374024,35995.518052875705
2007-03-041,89521.57252704275,11569.999672513792
2007-03-042,240354.6054868587,35098.31811140381
2007-03-065,84907.56941722616,17181.828684289336
2007-03-027,76572.08417855018,9996.71700313082
2007-03-026,140088.9545099574,17001.084670289216
2007-03-046,193828.11929114815,21292.718410516776
2007-03-025,79512.02332186681,9003.690075446124
2007-03-043,281005.51899351325,48803.9372643659
2007-03-029,186045.615296084,36610.90425142944
2007-03-030,240074.7911120751,39398.142122548925
2007-03-031,230459.4518888324,39533.558803264496
2007-03-066,200812.38056038503,36351.6516260181
2007-03-032,249561.9567533604,40098.97943817041
2007-03-037,171731.9256914017,27610.40398815917
2007-03-038,359905.090731588,48318.57227361344
2007-03-034,169336.13964056468,29018.587040768216
2007-03-044,220413.68283601155,27334.35178228836
2007-03-035,199489.9636447949,30913.138253230107
2007-03-067,174027.2415567706,14098.645301431803
2007-03-039,413047.64385536814,81961.59134400176
2007-03-097,672634.1181843852,53423.90403320367
2007-03-036,249170.2031449733,31881.874833610076
2007-03-095,151533.08287500008,25629.575681383227
2007-03-098,464192.6380296203,33426.30137697133
2007-03-057,379621.007897529,50138.24070434859
2007-03-055,414233.19614526967,46032.021179181385
2007-03-062,426396.8029819295,31053.077736380063
2007-03-096,369352.0463669714,44559.56486438312
2007-03-053,255289.7131813995,33913.885205254424
2007-03-058,322054.4033595047,50365.76001047056
2007-03-094,196938.55692945147,29749.7203235896
2007-03-068,338410.5199491153,25981.09361918394
2007-03-059,321537.09425767645,50567.10172058305
2007-03-060,1170019.704461351,81993.25496944337
2007-03-063,149800.013509905,21148.003127929755
2007-03-100,408658.9575556229,39994.1557376704
2007-03-099,213822.30608305815,24747.42120850865
2007-03-061,264065.0213952699,31768.82746370822
2007-03-104,219234.35071691283,34634.60506535176
2007-03-069,258973.99639935463,28947.42137453306
2007-03-054,266180.17651906563,24815.71817760253
2007-03-056,400704.70177939103,44959.62556678674
2007-03-064,332728.23599817185,40289.81478895588
2007-03-079,411400.60460677947,43652.95217025976
2007-03-102,294551.1401811848,37002.478696472695
2007-03-101,202687.59661116757,26295.87712083198
2007-03-081,227484.0627323416,28953.30893809251
2007-03-078,202728.6657184452,25253.7280164696
2007-03-070,324408.34057765186,41202.6392383886
2007-03-093,214022.5192223865,32365.55454639506
2007-03-105,282698.4065539763,33911.99367571589
2007-03-082,313564.01251844555,35957.782195956446
2007-03-084,318609.231647034,33711.53335387838
2007-03-103,236568.4529419173,36068.0704448289
2007-03-080,495018.2462262008,51898.89086586559
2007-03-071,252854.82416556164,36639.51282276267
2007-03-113,192615.65904664763,23637.44231763756
2007-03-083,563577.9695541173,66311.49107618911
2007-03-077,183982.5698580245,21437.58209005586
2007-03-072,164057.91433276123,15889.24017965764
2007-03-106,229113.88124082764,31125.64950270384
2007-03-075,260701.22751346417,39681.63729354536
2007-03-090,220778.0040459084,27795.399882089747
2007-03-092,198726.6028705085,33441.95173480094
2007-03-112,185437.90668485177,24968.1967336712
2007-03-107,198183.88753898352,19225.592661918374
2007-03-076,311747.31455434795,43104.33972813754
2007-03-085,241460.2590327095,27614.41239540436
2007-03-086,334264.5975520748,38674.17720393938
2007-03-108,212863.7440058426,33000.10964631164
2007-03-114,229766.54417992875,24089.898114545707
2007-03-087,296226.4989557754,33966.613296091426
2007-03-073,189681.7882168301,32461.05325485154
2007-03-088,203377.2900843232,23707.89458194337
2007-03-111,225012.51439523877,33631.693032120194
2007-03-074,189727.30308323185,26064.65888893318
2007-03-091,332102.6997340608,44947.41595754863
2007-03-110,248853.29332225997,36050.64269784484
2007-03-109,492153.8670180953,86322.24610003352
2007-03-115,143131.3202053394,20432.4705763869
2007-03-089,373354.954351595,54827.15438284205
2007-03-117,354501.79406203,61181.51631490612
2007-03-116,484614.275802893,87242.67087619846
2007-08-007,413699.307547184,70655.2832201827
2007-08-006,385110.271938158,62732.88855928231
2007-08-005,483294.6959725464,101331.28179901604
2007-08-008,412052.4199465326,55047.33115797465
2007-08-004,1314294.549794783,148081.51024643038
2007-08-009,380766.6862982993,58605.486998687935
2007-08-010,257728.5157201381,41240.06330975988
2007-08-003,441545.9779417263,64649.3447611232
2007-08-002,383958.26941598114,48565.92167256186
2007-08-011,204945.7165252289,35776.82073591056
2007-08-001,444276.0431995562,69894.91372029034
2007-08-012,682262.5033641685,116933.3999427676
2007-08-022,284425.0838914274,44418.88295795029
2007-08-021,458569.1930471898,70099.65034918312
2007-08-019,289571.7873034662,47668.27016084913
2007-08-020,474311.9319197673,47600.226598111
2007-08-023,255026.30421780655,27310.48033241873
2007-08-029,363363.4346234831,41684.23216466041
2007-08-024,225897.0256646997,25560.244572387022
2007-08-014,320101.4892958863,44441.42348322478
2007-08-016,225267.73803220957,44188.31050693909
2007-08-028,459561.74332409096,26288.118314297943
2007-08-060,184202.25602089008,21075.180108927947
2007-08-018,671211.350758602,86559.77376929483
2007-08-030,726556.4848243064,105228.6502110518
2007-08-058,502144.2578535892,38907.35554379615
2007-08-025,219646.85647566675,35028.51524627808
2007-08-026,370502.4051168342,40293.7751004466
2007-08-013,317319.08563688287,36060.10623156837
2007-08-059,521054.8252353733,53831.776556920566
2007-08-015,368736.3887845026,55578.06183605752
2007-08-181,259804.78812201865,15850.975509955031
2007-08-061,179103.8486063707,19144.18130233159
2007-08-027,477108.97874993936,73398.00906700714
2007-08-057,441927.65828950936,32912.02028611221
2007-08-017,385823.1307752768,21770.20297941341
2007-08-037,223395.72382953812,39694.27869584468
2007-08-031,531858.0126108559,31578.004669288493
2007-08-062,367538.8298232307,49592.15222397393
2007-08-063,1003126.35537026,79567.16401282974
2007-08-032,299997.4829164472,47387.4718968418
2007-08-056,215203.6876669888,13423.64533860411
2007-08-068,376509.0721262521,66387.52795674681
2007-08-036,373686.2596640925,33736.13264222399
2007-08-069,422308.33058468864,34274.32709850555
2007-08-193,669059.1052899233,90575.15313409652
2007-08-066,402644.6762226032,71807.59510384186
2007-08-033,461749.35416297545,59117.14797572968
2007-08-070,410721.2561015223,40926.302122867695
2007-08-035,433400.8589806331,58458.56813585959
2007-08-055,330336.985283053,21952.17612951694
2007-08-064,508614.2225780054,29447.84699433524
2007-08-190,399485.6400403435,62793.23689077979
2007-08-034,351487.19993644534,54882.0444478754
2007-08-192,512704.60363329295,79117.55484077113
2007-08-054,360348.98960995214,28826.72162850114
2007-08-194,264478.02550066257,24587.031848614177
2007-08-067,267186.7786945114,15728.221155873149
2007-08-071,271483.7813518473,26677.937540054747
2007-08-038,402779.4420180596,52518.87903084182
2007-08-195,1034754.6924647798,92357.8800962543
2007-08-191,385818.5107906676,45284.28206854804
2007-08-074,580395.7970050164,48221.3001782999
2007-08-065,592766.553176713,91275.9152090986
2007-08-072,168761.5462932458,14843.775357801229
2007-08-087,175957.6755455977,21880.4162289048
2007-08-196,339350.9816622498,19285.41192793108
2007-08-039,304243.19439266925,31150.77556770862
2007-08-045,298563.4965534083,42552.30710180956
2007-08-051,365084.013046902,39323.44864717622
2007-08-182,1505670.803112342,78006.73122829723
2007-08-075,796327.2667196175,38346.5398759716
2007-08-200,540419.86601616,80380.5831742007
2007-08-073,656989.6762999657,49606.80088082541
2007-08-052,350232.70132503845,18544.838877403294
2007-08-198,494580.15186900034,48120.93300133932
2007-08-197,323829.8223642051,15491.4334193198
2007-08-041,877084.4008148382,87491.51034052548
2007-08-040,332670.0264183073,26095.98177410532
2007-08-183,515262.787657996,70345.13201512066
2007-08-050,387203.4155120465,48539.34562594431
2007-08-076,434292.11606574303,34731.32635660583
2007-08-094,347611.1484745921,32250.346178206128
2007-08-077,589383.6323411406,32071.57051034429
2007-08-042,217259.38355080533,25401.526171935897
2007-08-043,190824.56581876767,17473.715819131583
2007-08-180,432758.5920410039,16245.753433918697
2007-08-053,147575.59756718884,16007.91934884988
2007-08-088,307726.220554857,13000.64987495482
2007-08-046,609003.5018513384,54295.56353679812
2007-08-078,372631.43330727634,52844.37000357515
2007-08-189,262025.6888045317,27727.625537743457
2007-08-188,357865.2667461194,18657.692608953614
2007-08-086,501001.6791112294,42244.35713256479
2007-08-044,298486.59433821467,32790.03998730553
2007-08-080,396030.98513262335,26720.70123048847
2007-08-097,376910.2112583952,44681.28910270079
2007-08-199,161631.91938821753,15553.10533608315
2007-08-047,1008255.0592369164,69781.2024409736
2007-08-079,420823.3360452515,43190.57124768809
2007-08-049,409795.6436201001,32483.46938025522
2007-08-084,303498.02632855764,29574.28128367237
2007-08-085,375806.63644645753,21656.70577578805
2007-08-187,335968.49989741814,50065.92317358032
2007-08-048,44077.52216029013,4061.824985662417
2007-08-185,382812.37250765366,26079.72258326396
2007-08-089,285058.5483679862,24935.21301493089
2007-08-095,136326.5362393929,12624.158668915246
2007-08-093,532944.5177497185,38918.07315826449
2007-08-081,414493.7608586065,38334.09045793733
2007-08-159,326310.4384452423,24189.21954220337
2007-08-096,661347.6458027305,70265.44162282592
2007-08-184,235124.4203177552,21955.111230536888
2007-08-101,768331.4300832917,69526.541120027
2007-08-098,231113.1905469361,22405.90936324132
2007-08-186,509850.721729758,46545.39233157912
2007-08-083,423216.1316367262,34813.29162875922
2007-08-090,263104.0332312598,32650.477020406222
2007-08-176,314072.15579686104,29455.04048478075
2007-08-100,251755.54576543812,41484.24398931416
2007-08-177,238622.57628305265,21374.597579257446
2007-08-092,326989.186917558,38116.700838626624
2007-08-082,280501.5073769844,20905.67651723852
2007-08-099,412225.32383165,49891.51821090973
2007-08-160,374605.6612242648,32630.91651579274
2007-08-091,315481.02590792056,25480.606294630063
2007-08-161,420512.86448666494,41563.86027581585
2007-08-102,373328.47328877007,33900.729513337144
2007-08-164,510622.0484826764,65220.98198981705
2007-08-158,276507.17284609855,27983.707587230467
2007-08-175,260719.94206170857,24222.78553198092
2007-08-157,328094.6072241541,33353.87524135527
2007-08-156,306706.39756937814,37963.13192305654
2007-08-104,309843.73720491875,26311.840247151533
2007-08-150,334857.83830119827,41184.20126696704
2007-08-178,450870.3893089498,35795.78571528284
2007-08-110,335890.0657238598,26461.58045224827
2007-08-162,243616.04458709888,19684.40766706405
2007-08-174,518710.5126797675,64202.45969934261
2007-08-103,352568.8076139448,32247.50440011664
2007-08-155,425370.40579530806,33812.43266468955
2007-08-165,458586.7211608673,53600.01321070205
2007-08-151,342713.62553042255,33249.531429194234
2007-08-105,295063.7778756421,25300.80649007977
2007-08-163,279400.36301737366,28092.27236010923
2007-08-179,239672.5571897765,16018.422352548703
2007-08-154,438907.9582970295,32021.26555340062
2007-08-109,390319.8588519694,40611.69070729056
2007-08-172,78007.5155877036,7465.696174729412
2007-08-173,342546.7063759674,27392.237445282222
2007-08-112,1266772.5773209794,61296.94171402707
2007-08-106,316144.8657162196,34911.0398271187
2007-08-152,256531.1733791668,26207.92355735361
2007-08-153,162777.0875017722,15755.232238643686
2007-08-149,249011.1002179421,26495.11967235067
2007-08-107,438371.2863136104,51564.88622606827
2007-08-111,557612.0350074611,54211.59325089979
2007-08-108,642823.3511312521,70645.11639541786
2007-08-167,176156.85150174474,15767.434737809002
2007-08-166,250876.76470685352,21043.36209044401
2007-08-121,427790.04069968767,34764.801060435464
2007-08-122,430401.7256691455,40156.60071747168
2007-08-171,350319.1971066904,22015.179870511405
2007-08-140,387265.7467707463,38171.95452629817
2007-08-170,297578.9840122966,38168.532236283005
2007-08-113,167514.21565979908,17560.351847024267
2007-08-123,330976.697471267,38865.504127689295
2007-08-141,220010.6223098398,15104.607959583402
2007-08-115,317668.0908675209,23196.024033345428
2007-08-124,345452.8689073265,39588.85364040503
2007-08-169,387902.9481716983,41026.93814012813
2007-08-168,344182.30271080707,23489.1224075769
2007-08-148,408500.1560792619,41291.50097521295
2007-08-139,503770.371070969,52492.04112783907
2007-08-116,398406.3240959257,58143.68498085428
2007-08-114,201285.78606561504,21676.346226207883
2007-08-125,261515.5603873688,16053.764523635737
2007-08-126,371439.14506656624,23009.58105844676
2007-08-118,413814.3499583416,29032.871151900385
2007-08-138,430541.68762072944,37381.56471183086
2007-08-142,382659.7850878017,41859.93193497033
2007-08-147,274593.2836386986,31878.2045180165
2007-08-143,267551.3205680732,40989.68146060143
2007-08-119,325122.0477328777,44966.46469116576
2007-08-117,738604.7867648818,117362.70849009413
2007-08-120,338759.33886930335,39470.16159430373
2007-08-144,541256.0836870446,82347.39787000371
2007-08-137,404322.6623149073,38715.66143449657
2007-08-145,406509.95500471786,37788.14084114322
2007-08-146,274411.6169107148,30716.07140911724
2007-08-127,400173.7978381293,26090.452701562703
2007-08-135,579748.5171434409,56634.48300823991
2007-08-136,342944.9572455546,36975.539253802846
2007-08-130,14448.74858734906,3136.29744984
2007-08-133,19610.236934091983,3198.3944552824832
2007-08-131,15424.55917713279,1552.9784854670268
2007-08-134,13990.52548279184,2316.0219604399754
2007-08-129,16006.73670127571,1709.7337304860994
2007-08-132,28102.016367019856,2039.755801051855
2007-08-128,27801.853810853303,2749.920852154726
2007-11-024,33275.28715624533,2153.22906873934
2007-11-023,26945.13714954571,1754.3495668792166
2007-11-025,23394.57581912704,3351.931461201515
2007-11-011,26696.53044678714,1727.520640846442
2007-11-002,21799.12943527656,1410.611994205974
2007-11-026,16311.387432362511,2660.973816298231
2007-11-001,16849.96816858315,1668.328414587857
2007-11-032,18540.6188099632,2548.931060116738
2007-11-030,11598.28718704988,1756.3183884802856
2007-11-029,39664.57988551816,2827.6581952849424
2007-11-022,17324.788166383067,2475.241496567884
2007-11-031,10296.743395094672,1491.2933788300395
2007-11-028,28049.393977322223,2575.4702448432217
2007-11-012,18352.7791538658,2108.6698538411874
2007-11-003,29408.861777159404,3785.120987525035
2007-11-004,17078.00884796485,2355.323914932669
2007-11-020,9420.76287538699,1647.4012470599264
2007-11-027,24731.563931440585,3212.8419975880533
2007-11-021,17978.360673743075,2294.5027932545927
2007-11-005,14644.736754988684,2082.7214937451063
2007-11-017,14315.691279018767,2486.4118080459657
2007-11-019,9223.299554400946,1491.5529388934374
2007-11-016,20421.84609080544,2833.9226695175166
2007-11-018,21453.1090610359,2911.166171045741
2007-11-006,351256.066053008,46001.553421247154
2007-11-015,367201.7522818555,20984.540376668243
2007-11-013,364340.5065774212,34618.6807305567
2007-11-007,358321.9640290722,26468.812359456875
2007-11-008,1043838.4197507804,41677.12392285431
2007-11-009,284579.08517782047,21012.298351389443
2007-11-010,1253556.690813334,69227.24612265431
2007-11-014,882362.8758885716,38909.47673461944
2007-33-015,310741.578425569,24789.18505907989
2007-33-016,355773.6714824066,33839.18837911893
2007-33-031,107767.34914639716,2204.406760799769
2007-33-029,245916.80309333003,5030.286702114276
2007-33-030,261821.36123602948,5757.119484614235
2007-33-017,142455.44430973573,2913.95999842705
2007-33-032,352790.95438321994,22092.572635931032
2007-33-018,58145.72933658005,1189.3847243756682
2007-33-028,387575.0039613877,7927.938896304706
2007-33-033,144115.2486368707,2947.9116907468706
2007-33-034,123742.98242228224,2531.1921394916144
2007-33-003,243719.4363078856,4985.339041842788
2007-33-005,464173.3235539346,30821.63241798909
2007-33-006,215437.46468035525,4406.824584928872
2007-33-001,1019131.1836211716,24527.32631096741
2007-33-037,153367.53909649298,3137.169492888497
2007-33-002,455792.1776870948,38087.310667475445
2007-33-008,933087.8869536176,70064.71445313531
2007-33-004,125194.13474306025,2560.875805390533
2007-33-007,473100.0890481128,9677.374855121372
2007-33-010,197196.23065394032,4033.695803979284
2007-33-038,1348789.136906456,62435.61004914949
2007-33-009,669649.0206909161,42077.42719504487
2007-33-019,196450.05096744632,14331.582061168956
2007-33-011,403470.0720249376,28788.16850471817
2007-33-036,287285.8744927598,27520.68883627132
2007-33-027,839616.4481120927,71293.27547312836
2007-33-012,612347.9527743947,72648.98700479785
2007-33-014,259962.01855171824,22566.91879372068
2007-33-013,387691.2038653531,29522.995841635835
2007-33-020,235374.45822344464,19214.19543545816
2007-33-026,355461.14125051047,39536.64551462826
2007-33-048,267965.9948817716,17976.496369234097
2007-33-047,203092.9369218613,17286.289969303743
2007-33-035,518838.6414879949,55701.4596769096
2007-33-021,274809.02567628666,22490.13986887611
2007-33-074,271188.96382123657,25441.72001854136
2007-33-050,328638.722397419,26481.194025182995
2007-33-046,367892.5592817228,39962.0184345228
2007-33-039,407859.7571848421,44652.25216675449
2007-33-077,272123.8078912221,29351.65721698865
2007-33-049,371621.7778385849,30175.47474258921
2007-33-025,359301.04579532257,30778.46870603256
2007-33-040,297922.3468393497,27516.18458046133
2007-33-022,295814.23178239964,33779.13288555224
2007-33-051,350107.7324456954,29654.29009980976
2007-33-023,318921.3084087549,36114.76489945503
2007-33-075,375666.299261954,46365.956407335165
2007-33-078,271916.7224226535,27440.610762326676
2007-33-041,376219.3077871414,41288.34877553532
2007-33-024,258274.78938337564,20671.63950310047
2007-33-045,404000.6624705228,44277.59080922034
2007-33-052,363720.8785244827,33311.80009709904
2007-33-076,353766.6014134317,31295.63625533036
2007-33-042,288855.97154817585,26126.092466587022
2007-33-053,309764.3019212828,31550.61086392329
2007-33-081,360416.3934722524,34684.133090533345
2007-33-054,217154.4406884809,15686.49051592272
2007-33-079,374385.421035939,25629.42959715214
2007-33-055,421809.2274101004,36205.18982151742
2007-33-083,322368.65549148794,23673.344218765396
2007-33-044,18116.885021505223,1230.1025315357747
2007-33-056,61.859052000000005,6.0
2007-33-043,347440.6429660545,25056.954689734863
2007-33-080,357320.86739520746,38446.91345483387
2007-33-082,109291.38613660049,7886.198249505738
2007-33-057,44249.24824601704,3005.7556056219805
2007-33-059,247178.2358046985,17328.87987092638
2007-33-073,270499.5723708463,42040.26503580998
2007-33-071,290878.92745344795,33208.39803710391
2007-33-058,352751.32100648544,39273.37608197404
2007-33-086,33591.65771022871,1975.593079139828
2007-33-060,1652.8461442861603,97.21517269383185
2007-33-122,2645.134189798609,155.05730016808957
2007-33-084,585.7467547908351,35.676845159602635
2007-33-087,286844.2606290066,20417.79391297272
2007-33-063,273389.655611762,43169.38722170147
2007-33-085,312271.8559831468,29090.44643392996
2007-33-062,270121.4755776267,15582.395179508829
2007-33-061,381238.19076797314,44706.25100959522
2007-33-064,323308.9994046584,25480.753636347967
2007-33-125,473827.7820261441,20555.412380200367
2007-33-072,312190.8265406871,38977.29961300322
2007-33-092,98274.65736168572,5564.86176114306
2007-33-089,204253.662742309,31754.119617813936
2007-33-100,300870.87540944084,21865.9125871784
2007-33-128,336335.2072473293,52025.73702872308
2007-33-090,422844.94899910217,54745.28391945665
2007-33-091,334516.15384063753,20516.816129321967
2007-33-069,178854.8956505437,17714.05245911295
2007-33-065,264974.7573145136,38434.67570232713
2007-33-093,328224.28286089853,39513.08251929684
2007-33-088,223252.6525654236,35401.14334888826
2007-33-121,261989.7904524713,41433.407944415325
2007-33-070,464194.7352561981,55876.80934865511
2007-33-095,174672.941825167,11132.281873250851
2007-33-099,366671.8311474355,44845.29524032242
2007-33-066,209444.30120102505,20472.12721978745
2007-33-126,269797.11767639656,18385.864121154795
2007-33-094,230852.31316853728,25697.561029079487
2007-33-160,266088.12401191384,63095.097799292096
2007-33-123,287910.30219175434,30732.81808993033
2007-33-124,298305.9441559208,19099.035258711352
2007-33-098,361898.23943835945,49472.48879210421
2007-33-068,269520.04806021653,26623.919916828017
2007-33-120,345625.68355336046,70582.16763523538
2007-33-127,289328.3845150267,30380.49852240604
2007-33-169,450937.8732612232,55726.8224892758
2007-33-163,268738.2468630177,39553.35563646288
2007-33-119,930383.3156208176,84493.71153874189
2007-33-161,368126.4849558608,59076.91572670897
2007-33-067,242414.56573115967,56049.11579651685
2007-33-101,272646.36631586245,16374.20270231088
2007-33-157,284164.17589382915,29306.880857367916
2007-33-102,283413.0521946548,31059.856286100803
2007-33-164,287674.3786865817,19980.75883538593
2007-33-118,652446.9957917441,103006.795058057
2007-33-097,259005.7742554903,15913.748493015411
2007-33-116,528205.5312590566,54898.72824483514
2007-33-096,704239.716337216,54570.5413336917
2007-33-117,355694.45239896147,40011.65506439701
2007-33-171,271334.4296089152,12018.63679355706
2007-33-162,394375.1821790831,42202.266519494944
2007-33-156,248637.4660210713,16946.995398049854
2007-33-170,364916.6099806581,49315.16696869922
2007-33-115,291639.31781117746,16056.053500550835
2007-33-188,346729.1991121934,74490.42894218053
2007-33-104,236658.505288108,52682.524986615535
2007-33-103,476005.30708013184,29398.981042884327
2007-33-158,276307.7976492845,15930.766171206998
2007-33-172,72424.30972991798,6714.11112317839
2007-33-114,269738.3411893269,14967.019064036687
2007-33-159,349295.8673470891,46481.88936065163
2007-33-152,316801.50825961947,32097.621945799165
2007-33-185,623934.8409621805,25939.10400598035
2007-33-113,235479.4917764573,16417.987049813844
2007-33-151,207652.24095202543,12213.805721377776
2007-33-105,299842.29438928334,33523.7066911514
2007-33-173,157859.97936946235,9268.288666239052
2007-33-106,365670.3445840383,38876.63848943488
2007-33-187,374817.19696219545,12716.043026913016
2007-33-153,505994.38344314665,23049.920110847685
2007-33-155,320365.44922216336,21691.989791459226
2007-33-107,223007.8418422118,6608.971343625592
2007-33-186,232031.3301067448,16679.31248117115
2007-33-184,352823.90536466247,45862.22696414909
2007-33-165,485560.9150505875,39974.52698699362
2007-33-183,236979.23594681043,22164.347477696727
2007-33-108,311387.41482787335,57512.28201540866
2007-33-167,314380.617068167,18966.78332587084
2007-33-168,388254.6572493625,39226.91471271937
2007-33-174,268964.9266794172,43959.94363398365
2007-33-166,312000.8592933716,34106.58371063209
2007-33-175,362287.15101683664,23052.42808761261
2007-33-150,279635.4572811972,31315.294285391923
2007-33-182,288123.7674537324,34181.69529152073
2007-33-181,274705.6730917287,18788.25542377517
2007-33-112,256854.28676117447,29204.62932132386
2007-33-178,318437.95177727443,37112.472396843164
2007-33-190,370687.3747254511,34793.9485720532
2007-33-130,145748.3300364475,13582.767382295802
2007-33-154,291859.29275213863,20993.396155627142
2007-33-191,356925.6895594647,24425.010884482937
2007-33-109,411658.107012007,34551.15860377017
2007-33-176,256884.80287458387,20238.098893482213
2007-33-177,290274.13154056243,23843.61224404082
2007-33-129,284307.58843922446,33225.6665819292
2007-33-111,253538.3117921214,26495.58165697106
2007-33-192,311103.0257573284,22340.57645358851
2007-33-110,356982.6240310414,34371.12211952786
2007-33-179,352606.7916065389,33313.50310625843
2007-33-149,316045.32634434407,26798.49190225016
2007-33-148,377817.8520473208,36199.83804952027
2007-33-180,246926.42038918764,16550.696562558467
2007-33-147,1598.757266386548,107.32146868482232
2007-33-189,318283.0731342976,16939.55231258291
2007-33-194,293502.0289348466,20988.690824258225
2007-33-131,733890.4716961787,36912.38665961183
2007-33-146,323447.2058367385,19715.042335303893
2007-33-193,210750.28305728076,18009.377968028595
2007-33-139,320247.6688650088,30210.10815171897
2007-33-195,327146.2342850531,38415.048189938
2007-33-140,713849.3223587992,20683.335962914494
2007-33-133,323874.8359957552,9738.074007889189
2007-33-135,208714.60529192296,15535.477466996696
2007-33-145,106008.53673040125,3029.3923045573188
2007-33-132,93102.93798975076,2660.5906710618947
2007-33-138,261671.5194026261,16940.144584425187
2007-33-196,250848.69833315257,12256.233708811924
2007-33-198,224203.2920884886,18085.6014215637
2007-33-141,253486.6205295683,17756.373802606446
2007-33-137,309747.9885640027,20234.732570553548
2007-33-142,349806.3969892663,27964.188185344923
2007-33-136,301964.02260756696,19558.57995344
2007-33-144,339990.0862208928,27865.257877202937
2007-33-143,348636.8649100786,27947.922669983644
2007-33-199,331942.22449231776,23808.977785190404
2007-33-134,241257.50314403736,16875.624316609683
2007-33-197,466656.1202299782,46231.420947342885
2007-33-204,262191.4253385274,17512.119521203567
2007-33-208,276821.4143912635,21816.84186017944
2007-33-206,215356.7981444041,21763.54570445931
2007-33-200,267340.62734165805,25101.146158883857
2007-33-205,274174.1155882041,23349.473912474
2007-33-201,250781.69097426275,15070.307652580566
2007-33-209,278676.85287065286,23970.124965296243
2007-33-203,646094.7140762139,30875.14829166537
2007-33-207,302948.59840840683,18229.965471453528
2007-33-214,185762.59622455476,12261.134679583449
2007-33-202,333006.3872898502,21370.157149513077
2007-33-210,90637.96046101028,25302.932020754364
2007-33-213,400806.631934511,19110.419310376776
2007-33-212,227369.3799661747,18455.70831127104
2007-33-215,411892.1271731212,27920.273936817044
2007-33-211,241274.9568454265,19494.104571873148
2007-33-217,254960.98922773128,16486.384778621476
2007-33-216,272451.87380234426,22760.073843083454
2007-33-221,221810.68396554352,6709.736083418473
2007-33-220,359534.8269969585,13705.08767116
2007-33-219,390797.37205565214,20697.85776087379
2007-33-218,320544.4486314996,31458.5176891766
2007-33-226,224275.60495308627,6737.069309722581
2007-33-227,320502.2714486433,14082.715233213414
2007-33-224,246866.63893712,11119.28173170202
2007-33-225,231039.29441997508,11252.46201121084
2007-33-222,79736.66142805238,6424.441452339757
2007-33-233,59138.79202831189,5721.387795771374
2007-33-232,54282.56668321671,5647.1784999474185
2007-33-228,94727.11885423954,5477.890993949981
2007-33-223,53556.836446582034,6554.726125285677
2007-33-234,41245.37285647645,6093.6369267348455
2007-33-231,124325.60177410574,7767.39704399949
2007-33-230,27490.75174697042,3853.9119093847994
2007-33-229,97227.62376099727,9313.550008150356
2007-16-056,57460.51041581503,6383.372242414567
2007-16-053,64861.950798960665,9246.610595390084
2007-16-057,72062.42090510744,5625.92882367986
2007-16-058,30504.74402623684,3399.401794630743
2007-16-052,121513.18051001582,14579.151049060882
2007-16-045,56992.90793027305,7899.474814283138
2007-16-059,91265.48301808746,9018.690310027185
2007-16-026,13376.434890352031,1422.7091819187626
2007-16-050,92052.69801542156,9564.194317604131
2007-16-051,102542.16790091991,4955.01433626785
2007-16-046,119815.1535375039,5765.223853958381
2007-16-001,53743.27334838944,6495.594966519915
2007-16-024,40300.95389573173,4701.274502975575
2007-16-060,115765.46137210209,5651.820322779662
2007-16-025,99152.6925628088,7753.470126372616
2007-16-002,33889.48678770425,1654.0582207512343
2007-16-003,53573.0779941028,5550.586266261029
2007-16-049,49313.2405860797,7169.899205535388
2007-16-011,48235.899447205935,2473.2738231075227
2007-16-029,76013.36089573342,11218.311465538529
2007-16-004,58653.26471214884,8388.552732741391
2007-16-005,90483.2234242568,10537.81074027493
2007-16-006,76108.8012319438,7042.976562253623
2007-16-007,78406.09089873431,6188.687735126659
2007-16-010,106235.09250115624,14792.528029504956
2007-16-028,71693.38352075135,9162.856929134694
2007-16-009,46514.484377699686,6765.318311245725
2007-16-008,111457.6407382056,8741.616404072076
2007-16-013,41001.851987245296,3147.432054286357
2007-16-014,78036.32604456281,6448.899047466084
2007-16-012,37198.97824968407,2853.7430675290525
2007-16-017,19292.175114531623,1910.780454069456
2007-16-015,33503.04695171599,2695.760446675122
2007-16-044,43973.83059556664,3147.0691278353333
2007-16-041,158526.67095577138,12358.77117203932
2007-16-030,41412.09461886094,3946.590786968629
2007-16-016,69897.63617729943,6642.704812976241
2007-16-019,68005.84322090221,6420.896902464679
2007-16-020,61165.69115224674,5713.799448619793
2007-16-021,73083.48464326309,6971.828954097233
2007-16-031,30749.939089530835,4347.812086337828
2007-16-032,74502.57522624212,8350.223450637568
2007-16-022,524608.4372506352,14805.440964675125
2007-16-023,692347.6676833014,21457.64749691849
2007-16-036,607708.2718967082,12657.778277920304
2007-16-038,306985.8516658591,6096.182556393556
2007-16-034,1018846.9145221112,37963.11926577234
2007-16-035,398738.6912539392,14599.945595288744
2007-16-037,715764.6612104229,23220.34737341479
2007-16-039,442268.9622628656,16291.220614718426
2007-16-040,592707.2306530054,18780.861320873417
2007-09-403,244702.0141263176,12466.057552009444
2007-09-398,774044.5283175888,26843.989998021687
2007-09-401,1332714.7329169842,51521.2469942885
2007-09-402,150363.77310885108,4761.40632050659
2007-09-397,548664.3777820005,17374.943145436464
2007-09-399,411396.8937695733,13024.397437323323
2007-09-005,579494.8701254046,19503.521302588924
2007-09-400,992259.5198404182,26700.78168961934
2007-09-393,424212.7455753825,13359.525776698953
2007-09-003,543217.267199854,16514.052816918753
2007-09-396,643990.7367552826,19846.66362063127
2007-09-006,632443.8735818287,25660.291322104626
2007-09-391,455288.0810000948,17196.433015593295
2007-09-392,778383.638028272,26894.283484287764
2007-09-394,591194.5678888992,22320.81574450352
2007-09-395,268054.9704026652,13882.203122365085
2007-09-004,537863.3993815333,16730.651116512956
2007-09-390,127877.119776933,3403.418248338816
2007-09-389,293549.2910782381,8534.859210727504
2007-09-388,777121.7320575119,26409.588946489384
2007-09-387,483478.8692547824,18659.113837435787
2007-09-386,250673.28370094352,12981.088916853609
2007-09-019,913344.342891488,34676.218085265806
2007-09-379,563922.9411972088,21125.986018583702
2007-09-378,1866688.8470917945,70560.40778396867
2007-09-007,217135.7299049568,9039.685473805244
2007-09-002,473188.3619955549,12849.190395969645
2007-09-001,315342.6028236608,12875.095469792695
2007-09-020,193216.91762241165,15882.0737489907
2007-09-008,1730729.7116547106,51419.21819232543
2007-09-377,308912.8944208232,3506.105272863555
2007-09-010,3015786.1302700946,63539.88247706504
2007-09-385,1440196.0558332903,49157.394260530746
2007-09-380,1269599.1864423845,24227.24275157554
2007-09-381,708187.2270743521,22744.91152199387
2007-09-018,185631.4762336333,5578.485523969262
2007-09-009,384709.0717300109,13495.664810695802
2007-09-384,639830.2356928168,27928.236305616563
2007-09-016,230948.64360120957,8685.887861623836
2007-09-022,501498.8208263687,16646.13421250996
2007-09-383,377822.4670749304,12726.133573752828
2007-09-023,695334.0070528485,27539.639721698943
2007-09-373,959276.4701764616,34143.526017660646
2007-09-040,577607.1290977639,23434.84543743203
2007-09-021,399997.108557434,14791.161002453824
2007-09-376,504783.06081346335,15506.953963004316
2007-09-041,345576.65059352544,13886.259564769483
2007-09-382,334879.10664623324,15982.180943644562
2007-09-374,724736.3065251978,18470.23187434152
2007-09-375,1123953.9008153689,57616.74912389244
2007-09-044,1985850.879120631,80633.07913322892
2007-09-012,462085.5447085756,17317.041749611933
2007-09-011,224627.5911164954,8276.297549536568
2007-09-017,580642.3557140327,24129.13635416195
2007-09-039,561375.5158886313,18953.37297555245
2007-09-042,329567.20399112994,10657.604554228958
2007-09-366,827462.9536498475,29751.577799057133
2007-09-372,549753.345729517,27155.55051844631
2007-09-056,468289.6716147602,15239.654121239544
2007-09-371,638253.377816858,28334.13690086133
2007-09-367,580542.8038643748,23102.37907014056
2007-09-015,767634.649767927,31840.13131551641
2007-09-037,639835.7341778893,21798.44670282093
2007-09-013,726031.7194854231,23790.51746344799
2007-09-036,643468.9911260206,27186.996706708705
2007-09-038,593940.7367543951,19423.43652199165
2007-09-365,753255.8002931613,28812.494643739017
2007-09-014,506594.9687972797,18360.74498915872
2007-09-370,913445.4281209768,41514.10395523161
2007-09-368,603045.9686205654,22378.38723387281
2007-09-032,510579.2800959749,18339.84863351594
2007-09-024,233654.2002173903,10982.14686799387
2007-09-053,523768.43039170426,17852.6767021102
2007-09-025,487003.3402951421,18407.106092314472
2007-09-043,369572.7840208741,12066.476991047615
2007-09-045,440931.4889979936,18106.29299018404
2007-09-035,399957.00470166194,13798.505784167912
2007-09-133,472710.7908569956,20645.458026632696
2007-09-033,452266.8129494136,13683.875614667282
2007-09-034,632978.532840545,22030.08953303636
2007-09-369,358412.2328011693,10716.227696648246
2007-09-362,886002.6829818108,26457.245260727672
2007-09-363,562352.8512989173,15604.19175987272
2007-09-030,390645.1039780924,14701.17717526197
2007-09-364,517632.9658509475,14573.590315932568
2007-09-027,623022.5879163655,19280.62003260144
2007-09-026,394016.48298778455,11881.039580228273
2007-09-046,712546.7741021753,29679.415052513417
2007-09-360,418880.7714990714,15656.25282367196
2007-09-031,592195.9293729999,17897.235058539656
2007-09-055,452283.35171444,20627.73691374794
2007-09-052,775583.5781055519,22441.21037849225
2007-09-356,696171.3899207369,22071.26518650036
2007-09-361,613888.1167130019,15291.02751181046
2007-09-028,428267.5082670703,12632.303306339396
2007-09-047,724653.0508443716,40131.69881722382
2007-09-134,706267.3062212103,20750.69564411316
2007-09-355,911910.5261206252,26629.809348933224
2007-09-029,710263.0510761266,26505.25893938576
2007-09-057,368744.036327539,16438.086809635126
2007-09-050,450738.9629286148,12724.01333391844
2007-09-331,746469.6891733725,34191.64884963383
2007-09-051,471248.7799969153,22666.546822608914
2007-09-054,499217.5994014264,16474.244744689437
2007-09-349,696459.1060271863,15544.0383311018
2007-09-358,388755.2565724527,15181.858094986062
2007-09-357,735876.5070418305,26748.39429946022
2007-09-135,500437.7544256091,18030.71759520716
2007-09-330,778466.5366266633,28761.86035002541
2007-09-049,728881.9068527049,26870.21148786844
2007-09-348,321169.09719637595,10024.082268743776
2007-09-359,516413.50360490696,12968.576941167616
2007-09-062,440026.4799256258,19247.82915152812
2007-09-048,533116.8770035465,21949.86636376708
2007-09-328,767524.0902597145,20204.61955166661
2007-09-354,484715.92377052497,18824.67215110734
2007-09-139,366499.40873851575,12091.419072875986
2007-09-058,418400.8337247,16805.445942648672
2007-09-132,863029.8569045935,25827.22806549797
2007-09-064,545780.0130295348,19289.343245294775
2007-09-065,805853.2542323044,25026.04302843215
2007-09-353,457919.9857038677,19050.432700712925
2007-09-333,316553.41741978284,13048.894805191754
2007-09-072,350440.0011393962,11910.513356667538
2007-09-138,460751.5429352884,18109.349082659457
2007-09-073,650853.9180681383,22118.338532204085
2007-09-329,532364.6404732374,16399.201999644447
2007-09-136,494847.72218905983,18069.33227066461
2007-09-297,523401.5564598693,40328.41947444124
2007-09-063,403821.6969304797,13890.615361396456
2007-09-352,669094.9771165752,19737.591094304076
2007-09-332,915258.036253709,28528.5539992071
2007-09-296,310164.5695832242,24172.641077858578
2007-09-059,664565.5178333255,30158.97019268514
2007-09-140,595430.2977582352,25340.698913887667
2007-09-071,212299.52417987236,9801.45638719201
2007-09-327,574816.3931889732,17962.257313581198
2007-09-347,710328.9756627169,21165.24705589432
2007-09-334,616186.5544371041,25291.52541645401
2007-09-137,611826.6056574816,16566.1968866128
2007-09-346,532500.0199508261,15143.08529820497
2007-09-350,636399.3994085742,34533.785038939335
2007-09-324,749215.7040244599,28075.77834021111
2007-09-156,338229.38517828565,10332.735227679252
2007-09-351,759762.058494601,29827.748443167904
2007-09-174,759861.0026512179,26696.67936052948
2007-09-298,582416.9440755602,15633.369110270374
2007-09-060,748190.4022017064,33180.28093084131
2007-09-066,519007.1673167248,22758.452946876278
2007-09-131,683452.2072802514,24327.162905795176
2007-09-326,462569.94249739125,14801.37915846931
2007-09-141,593148.3707410826,17920.19316618341
2007-09-069,632363.87883567,20386.70732337025
2007-09-175,893890.6804848933,32469.895223013904
2007-09-061,522994.5877016611,14153.814169375226
2007-09-295,663917.4136120777,16106.17410167402
2007-09-157,175249.09684970757,9448.211026004516
2007-09-320,621499.8364425353,27263.19098172669
2007-09-155,550961.7597458238,17612.534736485737
2007-09-074,691996.2555264765,33204.47904370795
2007-09-070,781107.6021456905,29590.766353667543
2007-09-144,361344.5741663247,8755.38417029083
2007-09-339,556455.2288463874,20954.561886764
2007-09-130,608150.5083602206,22097.634818962422
2007-09-338,582302.8593635992,34653.57610419864
2007-09-325,1064999.706482746,35483.647055102025
2007-09-067,1172102.0596407668,41986.17743642088
2007-09-129,929399.3887067576,28622.690739915688
2007-09-176,570884.8990916238,27377.0769686649
2007-09-154,621821.3643753141,21998.792779683983
2007-09-146,436196.8734710573,19152.901765464077
2007-09-178,684905.6385788755,22886.749093228027
2007-09-173,256507.96427964116,9602.656517914598
2007-09-345,524160.71216131886,22772.34409157918
2007-09-340,466498.6594455346,15283.119185990245
2007-09-158,140941.3270421152,4617.68356493586
2007-09-145,463078.4340334288,12621.851677977538
2007-09-128,765175.9746343195,29951.414353915257
2007-09-292,869457.6384616486,28484.59357112812
2007-09-321,377625.7056243697,9399.838300150248
2007-09-294,734950.4049840249,18888.444745276924
2007-09-142,333667.98652672075,17577.477915585358
2007-09-068,652975.0144693386,42304.91618511304
2007-09-343,652604.7839846006,19622.847763515107
2007-09-342,512022.6422785873,19601.537116787014
2007-09-075,243816.9022238766,11635.843646207424
2007-09-323,1019306.4227259292,39043.02137197474
2007-09-341,434216.2645724049,13356.095577235888
2007-09-335,687159.9406019506,29534.247579774885
2007-09-143,1008531.3913575502,48880.11204707583
2007-09-322,329593.25792407227,15361.975051761285
2007-09-084,563306.4578015304,27457.8546780833
2007-09-147,849401.533427007,41096.90638671543
2007-09-337,539643.7206946582,29075.59283234075
2007-09-177,1193483.7448019625,44882.82783362216
2007-09-181,534915.3445151614,14469.047100014395
2007-09-172,493359.64148109214,15662.017456163883
2007-09-127,915926.4658705358,41664.20357374754
2007-09-168,865356.6742171176,38459.06323584255
2007-09-083,611773.1570021054,30527.03342938276
2007-09-159,441007.7763255391,12152.78408166644
2007-09-148,664632.1714179034,38378.81483508009
2007-09-344,722460.6214886651,30013.27987885197
2007-09-291,319216.0947513265,12124.431582484744
2007-09-123,488709.619496353,25627.421798098
2007-09-076,364192.2395887792,14465.39701647519
2007-09-153,930217.355256675,35388.68971938333
2007-09-288,431352.1872820883,18419.27874786785
2007-09-179,339761.4048173947,14920.851484172425
2007-09-290,607408.6683923097,31446.295045628336
2007-09-171,528301.4213925375,27835.70104562264
2007-09-082,499151.6300972872,18833.60455703477
2007-09-087,447847.6240870374,18129.060089660285
2007-09-336,713669.7911572363,26368.36995447017
2007-09-293,828775.7911324499,29213.43220157357
2007-09-086,670737.8344859923,25125.727337407065
2007-09-126,357045.3287641699,12179.4223586125
2007-09-283,506640.423465704,25798.320045272907
2007-09-180,519317.5670561345,15574.251954049245
2007-09-170,534629.8691421353,15264.808471653054
2007-09-149,1283032.9922678482,47412.72388950696
2007-09-150,139635.7124511645,5490.663937523583
2007-09-085,675069.4851623381,31839.92069327749
2007-09-182,499940.081983996,27599.13639147138
2007-09-089,778517.5896576241,40031.9090895063
2007-09-077,487191.6257057418,26091.4994619851
2007-09-160,597083.3097038504,24239.15500651365
2007-09-124,122077.57748522678,4732.830600622197
2007-09-122,610948.8989596539,25227.21988397895
2007-09-088,747113.1088837013,40259.01476556548
2007-09-289,413864.52119817847,17604.49363627161
2007-09-090,533318.028270464,17936.36610426944
2007-09-121,158317.82692227117,6015.820830911631
2007-09-169,223722.42382600377,6673.163242842937
2007-09-161,200569.42317871217,10291.01312712026
2007-09-118,469593.231014108,25720.28423362424
2007-09-282,196946.56686622536,7136.159416744253
2007-09-284,354170.833335397,16253.9552766442
2007-09-185,379034.66070040455,17614.647842452014
2007-09-184,829479.418073049,48726.4433928068
2007-09-125,71398.4869096765,3824.821759346014
2007-09-183,742805.6726145124,40666.99921038646
2007-09-287,311505.26677841874,10101.924314380914
2007-09-151,567656.2554246444,18936.372965067378
2007-09-163,733742.9438245525,31662.01475957947
2007-09-276,600702.8461234892,19583.188591118465
2007-09-120,484582.4373957119,22070.25015651372
2007-09-167,410789.1521397568,13432.390346036798
2007-09-119,712376.0459313446,26985.576065653404
2007-09-152,243606.02184488653,11184.997250146698
2007-09-187,984406.4742930246,25651.989777482275
2007-09-285,195393.12469328693,10810.86805243374
2007-09-107,460738.3104992603,23471.95100543482
2007-09-078,486682.8686637156,22237.87494856359
2007-09-281,489781.24598571984,19125.269667737182
2007-09-081,493875.14805393177,24869.94016204468
2007-09-286,565007.269175772,22158.10300806902
2007-09-117,634317.981091384,33826.782876401805
2007-09-166,757079.1220092154,30290.852649060136
2007-09-275,380408.6257007632,18748.65298189456
2007-09-162,490213.6836491568,15324.63183697532
2007-09-186,130151.8218399067,5613.426702080329
2007-09-091,581350.8467820266,14681.154253784189
2007-09-113,559411.9470825677,14127.100507944284
2007-09-092,698018.1438736215,18285.54601165853
2007-09-108,185924.9828671004,6631.45160583269
2007-09-164,888762.738758949,22444.6035989304
2007-09-114,443778.3464228076,22895.088512794784
2007-09-116,562730.942703759,37699.01045709184
2007-09-080,534411.4572401849,23947.881901584937
2007-09-079,315922.13339782576,18529.73765872169
2007-09-272,598827.2095946568,24056.49743799656
2007-09-271,215787.82113352447,11209.035762157777
2007-09-277,648002.2837052784,37074.75534138258
2007-09-280,110776.3641831728,2797.4891113461927
2007-09-273,950407.1120783484,45569.88830375599
2007-09-197,392210.3372789282,14058.803831902753
2007-09-188,185476.11658221067,7961.06556428841
2007-09-189,733345.5387559892,32553.545714585456
2007-09-190,1209275.0274726057,56938.42628002373
2007-09-319,303769.0979871064,20154.80308489988
2007-09-165,483521.28077909467,26923.260123744927
2007-09-194,217785.01745396963,8483.149480094798
2007-09-274,362645.9809236288,10871.152426869206
2007-09-093,472127.523382449,20478.341665599262
2007-09-115,514996.0825347629,27978.690452366303
2007-09-110,617398.2326790538,24456.50534355424
2007-09-106,1032868.6301552608,61795.81890335144
2007-09-109,628598.1688288463,34671.53369356888
2007-09-112,499897.9649108507,31252.3996318237
2007-09-193,231323.65975212943,13814.805190984674
2007-09-094,369922.1488474656,17680.93057564288
2007-09-279,279855.70858173014,10910.722089482791
2007-09-318,707783.7834776844,40221.93900672879
2007-09-198,281235.2402318583,13519.546527195282
2007-09-278,403506.2175665767,20364.10422343959
2007-09-097,373170.55138376175,13738.143945913154
2007-09-192,719407.3149665615,35619.78897192038
2007-09-111,509098.1828196413,32750.948981987924
2007-09-191,542143.012995642,27634.484370165745
2007-09-316,648039.746434596,32060.451789708677
2007-09-095,401287.3078284948,13291.470313016003
2007-09-206,554795.4749132973,28614.67471159375
2007-09-105,519125.3902135172,27950.8543814532
2007-09-096,762380.9023814622,37524.60323614345
2007-09-270,412482.0753444201,15263.192274525029
2007-09-195,469287.8869493443,21872.759440208203
2007-09-240,564998.4390779654,32224.182605974613
2007-09-100,894799.31045118,36315.974624472525
2007-09-196,834003.9332006625,40610.123604649474
2007-09-305,408790.4621161964,16561.95632584993
2007-09-208,404629.8847204582,20628.245942502253
2007-09-204,447990.1888680391,25033.396240162983
2007-09-202,351426.54557477694,23001.66566109412
2007-09-269,478094.182577141,20245.427871742053
2007-09-317,637142.0722673498,20992.985843304283
2007-09-199,359921.9347076877,14810.519736349612
2007-09-268,567428.6458955068,41475.8462114681
2007-09-101,568658.6435133478,31040.217952950377
2007-09-104,758016.2815995648,38713.39609715395
2007-09-203,485478.1837603975,23637.06280400092
2007-09-205,220868.37378781865,12278.313020494365
2007-09-241,749200.3515734831,36533.32260901138
2007-09-209,1332073.6026372632,65445.58508510165
2007-09-265,373818.7116988452,23466.63914624887
2007-09-103,305170.7024390211,13406.236617785413
2007-09-242,586260.6556306705,41152.61846552977
2007-09-200,408355.6727252564,21100.350357371237
2007-09-212,485267.2020284241,23108.856614564076
2007-09-315,473335.66554548976,23841.637740676408
2007-09-207,342328.6998441672,13999.683749798278
2007-09-098,412624.24889296136,20404.30875059285
2007-09-218,172124.21109039424,9581.144925699162
2007-09-307,567255.8940842594,40388.21053619638
2007-09-302,413827.0582262977,29849.983622154177
2007-09-238,552431.2003097923,28982.24632265329
2007-09-102,602796.6488194788,19832.762189272216
2007-09-213,365101.995431905,31513.624458619528
2007-09-306,580845.1328339693,31410.76221068057
2007-09-267,630508.699747776,40430.00569365514
2007-09-099,876441.9952263063,67866.49378590967
2007-09-210,907179.1730231908,49426.74721732544
2007-09-239,376145.7241986565,18005.652892832557
2007-09-201,460327.7712383504,22593.795040357472
2007-09-211,232963.0123201809,18963.81152489784
2007-09-264,338118.3062726951,17551.88177767041
2007-09-237,285309.9789250291,9141.203734036775
2007-09-219,451261.3041996871,39461.25942851073
2007-09-313,743569.1465479354,42819.26964762909
2007-09-243,335546.47111176053,20774.50432768122
2007-09-257,583146.7577183753,31082.760873259485
2007-09-214,550168.4182417389,26411.579941594508
2007-09-258,399725.2370219954,22515.271801722996
2007-09-236,245687.67020693264,13812.897838987928
2007-09-217,459492.5354398216,41497.825168018
2007-09-266,627608.6387191407,12336.89057268577
2007-09-235,321559.779541194,20085.80603572532
2007-09-301,371050.8138532484,16322.651718269472
2007-09-220,333359.2865874337,43575.83650519305
2007-09-314,462201.8324058016,36447.66236141812
2007-09-309,356418.07986372325,18990.01895220368
2007-09-216,552622.6285651815,27508.51521652059
2007-09-215,691422.340265138,32406.077379985298
2007-09-234,479287.36118517455,40185.22775874939
2007-09-262,631549.7085459182,13928.603126430591
2007-09-256,579291.9084544918,47902.79819176791
2007-09-303,985971.8942142408,23998.91391035253
2007-09-229,616442.770570051,14210.980107493022
2007-09-228,505677.1471486998,33541.70571709925
2007-09-308,1386912.829364522,81204.67054740779
2007-09-254,743209.3500756319,46573.06758652756
2007-09-300,219954.4888547212,9427.85114070968
2007-09-221,1096560.117938026,72069.38269133779
2007-09-233,914195.5961906536,37389.89697337181
2007-09-259,857964.5876544788,43881.3497931993
2007-09-261,540374.4732495999,20373.07981796445
2007-09-312,480091.5435052578,34683.91337882348
2007-09-230,204798.1521055559,10478.411645302473
2007-09-255,566732.3785142915,31037.76624610797
2007-09-260,711285.4979532766,51981.46684369077
2007-09-231,642687.2985466477,26463.244856387057
2007-09-304,436743.0938275312,22338.0553614808
2007-09-253,819029.6899529926,45453.60145386208
2007-09-227,677765.7827285684,35601.60475349236
2007-09-299,513479.9001920752,26539.45441745716
2007-09-222,603368.5030121078,47769.53213980929
2007-09-226,640987.8226445308,44470.05147393928
2007-09-232,1078.7995851321568,57.98527696728706
2007-09-224,579482.649643757,24281.55714188922
2007-09-252,203.0585591670059,10.951519317924976
2007-09-225,481739.276561673,32569.159619464812
2007-09-250,18923.546452215694,1020.6000938115794
2007-09-248,729172.4503891807,51196.06286526492
2007-09-249,821313.2280488765,59135.13181501625
2007-09-247,502648.5077680007,43220.11568882277
2007-09-311,1332340.9677489365,143220.10264085972
2007-09-251,136904.24461848452,16224.408706773564
2007-09-223,164827.3598839895,14053.554465781606
2007-09-246,120903.19211481416,13044.835025236578
2007-09-310,90219.98260307894,7580.051731063431
2007-09-245,110128.23455087954,11927.861538662431
2007-09-244,125701.79735057564,13665.737216081963
2007-05-002,80650.87722176415,6412.649659698829
2007-05-001,153009.82384515757,12472.70037613879
2007-05-038,130645.15533657708,19515.671427082947
2007-05-010,155711.81579125463,12656.331162436472
2007-05-003,91736.13630800736,10886.609883058998
2007-05-006,443454.4767999768,53565.59563633523
2007-05-037,164813.1698174112,13191.976734783331
2007-05-070,85397.1415798052,11810.782255254975
2007-05-009,215632.9074531729,17265.794104418976
2007-05-004,49906.91140537478,4311.371406418271
2007-05-036,367166.9029659072,11998.09847011966
2007-05-011,115315.3972403663,9069.208150649676
2007-05-016,321073.5546008847,25333.66342128341
2007-05-005,159711.58205843932,13197.176721057564
2007-05-012,108325.12780288246,13718.07814753834
2007-05-015,91849.1950728769,9387.53938899003
2007-05-007,115660.25172675536,8966.612919717722
2007-05-014,549007.1708244348,28549.919559245405
2007-05-039,120615.38153324997,11577.774303366732
2007-05-017,82810.77046843385,11911.200562874925
2007-05-008,370684.4209582504,14975.265915384938
2007-05-018,49798.38494710674,5896.123417519266
2007-05-013,131810.5532562864,16905.699864706563
2007-05-042,93220.94544130129,9668.812993211131
2007-05-041,21878.69995648765,1558.459463189327
2007-05-040,102010.61752206726,12837.768178957922
2007-05-025,50708.03937706607,6357.606719880976
2007-05-034,92688.60640464663,9989.151611009183
2007-05-035,305370.9397966877,15564.6795134579
2007-05-019,81291.89990558663,10310.31710979584
2007-05-033,87612.09117819079,9853.558759129111
2007-05-028,475917.8136734341,19222.54359550926
2007-05-032,128932.4074743691,5208.689605926251
2007-05-026,115394.70131644176,4661.82572013201
2007-05-044,58710.85863416587,8440.248325412074
2007-05-031,68163.72158344052,7973.282462558564
2007-05-068,92335.28879423725,8365.491628450894
2007-05-027,89730.70911299776,12301.022436960908
2007-05-046,254167.1342286376,11218.85961105171
2007-05-045,72277.25289299578,7411.044302926166
2007-05-021,55785.54518119488,7684.6966864876595
2007-05-020,150233.91586868122,6068.443973552843
2007-05-023,83834.25842690733,8356.76160210486
2007-05-043,80459.76208367819,9794.039322479388
2007-05-047,113935.92387298348,10790.29823519336
2007-05-049,79629.38232773336,8502.471272104885
2007-05-029,136230.07130531195,15401.543981905676
2007-05-024,201365.61753769312,24931.467366424047
2007-05-069,215845.65026839223,28304.896447791118
2007-05-030,166690.01003122583,19657.17078284311
2007-05-022,284432.63901955105,28339.391650975333
2007-05-067,211582.11739623756,26269.00592136553
2007-05-048,381570.08200986113,18148.87077890673
2007-05-050,121637.57637725836,12511.81378111753
2007-05-051,269368.32161081134,18944.795941700915
2007-05-066,229353.45569913427,23564.21656717488
2007-05-052,164475.98382807674,13963.18320353632
2007-05-056,477343.9672418946,35313.984645587654
2007-05-065,286971.8387367037,22741.698261185986
2007-05-053,272649.16137371724,28251.84977817015
2007-05-055,241929.98183570136,17629.176982379824
2007-05-057,680786.0577774582,15676.838568173853
2007-05-064,233833.24117414124,33348.3272567559
2007-05-058,331697.92944204254,24583.735020151245
2007-05-054,304508.10833016183,16073.550506228552
2007-05-060,198620.1184359129,16906.610433072325
2007-05-063,51442.844620995886,4311.936442100647
2007-05-062,443370.2480575517,19350.986566801013
2007-05-061,468657.2596134945,43816.02930708997
2007-19-023,253089.3990949792,13436.554950723636
2007-19-022,248826.47444497756,11703.119139152464
2007-19-024,502602.643436399,34253.62363910017
2007-19-018,253425.28024466548,23553.95098157624
2007-19-016,515328.8096863718,13442.508253706894
2007-19-025,848314.5229374102,32644.902620218003
2007-19-011,150412.41498611745,14697.45526283312
2007-19-021,415206.6156430766,25063.1928601369
2007-19-019,429813.145662849,20342.554602064327
2007-19-014,220902.73873085208,11026.316562776025
2007-19-026,398009.9295585769,20198.23047193477
2007-19-010,252848.62753214425,13307.113177569525
2007-19-015,360543.9843883294,13018.274067171267
2007-19-017,351262.2058743087,22537.145855462968
2007-19-013,362608.9549570248,17553.75792328746
2007-19-012,435436.8989288293,23763.52000733109
2007-19-001,291765.8277641892,11357.762776593823
2007-19-003,337866.19886059745,14289.209342649752
2007-19-020,327681.2653451133,18559.449621299864
2007-19-027,486789.16962072137,21745.72457413473
2007-19-005,518940.5478805996,25083.6036249952
2007-19-004,646364.8739096157,17904.939164821313
2007-19-009,476407.4013895675,18764.33548560754
2007-19-002,391032.98334853415,22794.517443384397
2007-19-008,370498.8455774507,18072.06419506026
2007-19-028,448354.9451020405,23237.6125522831
2007-19-006,436396.1008257426,20974.262138470425
2007-19-007,350473.59080316126,19618.870240591263
2007-19-029,384824.0263793072,13381.472963379269
2007-19-030,381466.41634068807,15923.368837929973
2007-19-031,379667.7074672045,15266.969375988523
2007-19-032,371406.5946590952,9510.396610497975
2007-19-033,366469.2324620879,15855.01076163398
2007-19-034,382603.64458788536,21184.83920109329
2007-19-042,397850.0372730098,10489.04687046135
2007-19-037,877085.0560924228,17204.21008782739
2007-19-035,333371.94392973336,19397.49649695304
2007-19-041,395809.7966414967,8813.806136473126
2007-19-043,258749.70548877527,13697.294832690126
2007-19-036,303763.536247737,9986.047517128958
2007-19-038,405832.7002875524,14954.499724012569
2007-19-039,439218.693666948,13043.461681563043
2007-19-040,528583.6854920465,15839.1328858148
2007-19-044,394418.3557346514,19907.77942449498
2007-19-047,352681.0664919146,10392.256123060026
2007-19-045,217117.25377220984,7714.07671728585
2007-19-046,342639.4088629973,18852.72626935626
2007-19-048,306275.98725296906,19496.63613165491
2007-19-050,319728.36107818,17581.922680085525
2007-19-049,433267.5090753788,26090.195308183
2007-19-051,359778.6474701623,18237.632870996786
2007-19-052,351493.9585693008,17588.575246479053
2007-19-294,359248.58945930685,23222.9926398886
2007-19-054,393832.4367248463,19572.95934871517
2007-19-055,411341.98807445256,20479.944130720505
2007-19-053,395068.2746978106,19634.34137064367
2007-19-293,1020322.516556703,23635.649934063724
2007-19-056,443443.6104407828,16955.651882688486
2007-19-059,368079.850183679,21933.988580630183
2007-19-292,479695.3972228536,21000.52614104425
2007-19-058,323297.15312255523,15867.452375898938
2007-19-291,270381.3037358105,13302.526574666554
2007-19-057,256696.05017387756,18107.03604776665
2007-19-060,499103.57424361183,20460.77549602918
2007-19-066,517682.6168252281,18573.426437674843
2007-19-063,291294.775906029,14272.084983147555
2007-19-062,664572.5893663375,19446.678737787952
2007-19-289,303687.102977942,18165.014896536097
2007-19-065,336670.81758322736,15494.521889403046
2007-19-069,284470.9284240446,17669.80863486679
2007-19-290,254190.9923391069,24232.07675961372
2007-19-287,278014.257719415,16692.60626461287
2007-19-064,299362.8587630995,16416.906339300684
2007-19-061,333869.0346959014,18129.455792660126
2007-19-067,401008.9753281319,20877.88817945483
2007-19-288,117835.49109208392,11120.67284620554
2007-19-070,231663.70528588135,20585.52524505963
2007-19-068,1046073.7588637224,14195.63238468422
2007-19-285,297151.16602365935,19886.095518171656
2007-19-258,209226.04375050604,17197.460733728396
2007-19-073,238472.35444120236,13225.470059962066
2007-19-283,850245.875023593,15788.249432947248
2007-19-282,119025.76636914554,12661.768247827187
2007-19-072,342856.8458920128,19715.37142800381
2007-19-262,313069.8344913639,27667.929513341634
2007-19-286,380125.550610538,5056.988220532454
2007-19-257,361129.6217188902,17767.883390537754
2007-19-263,252025.69719285812,16376.299599904249
2007-19-284,190317.2257886898,11197.230226884112
2007-19-261,328300.50122522167,19233.59165405844
2007-19-259,305576.0751489322,14315.832168350928
2007-19-264,345772.35138588573,18392.264569025763
2007-19-241,181497.1058691422,19567.540997027136
2007-19-266,279211.5593336204,8672.271734624432
2007-19-260,178407.65209211828,20364.99556976324
2007-19-071,233197.25365849552,14405.437218909456
2007-19-280,282060.950492485,15680.315221917714
2007-19-240,273714.819191199,19728.326179068845
2007-19-249,384988.29180248623,10458.854179733473
2007-19-281,318779.7492950892,12484.191960593576
2007-19-279,333697.8096391681,16221.196593228524
2007-19-267,278812.38706244645,12858.567301544466
2007-19-074,254759.34246644613,11798.2383075115
2007-19-265,196211.0565619206,11836.307077803647
2007-19-238,210139.59780729297,6707.57676724864
2007-19-242,464898.92874974175,21701.965724276437
2007-19-248,824073.773121419,12156.215846146952
2007-19-076,386108.20570347743,14191.646934565682
2007-19-243,240692.8738492919,12363.16131319158
2007-19-268,370133.0001948364,12544.835809697037
2007-19-250,401608.81447058887,20795.207902613158
2007-19-278,341734.0842404305,10703.435738302462
2007-19-237,443603.90224981046,17185.72058503862
2007-19-077,381897.628248897,24859.80710303276
2007-19-239,377174.5341492174,20421.404806352388
2007-19-075,326213.0684122329,17193.94254638822
2007-19-277,317535.6104980442,15294.75566849015
2007-19-256,299209.6938364544,15299.451277642866
2007-19-079,407357.9771961567,10398.48572550263
2007-19-236,285177.3725803912,14899.94433850618
2007-19-269,333974.8149157466,10217.17330985491
2007-19-251,261352.4580814458,17911.323359092206
2007-19-270,307762.53818982403,14964.319357268309
2007-19-275,193132.8044378406,11246.027424046712
2007-19-078,321132.83690911,14120.83065264397
2007-19-234,312066.7045877323,20569.75675011237
2007-19-247,273178.59260885976,11506.841519185284
2007-19-080,100211.98940815384,7812.380242956515
2007-19-276,232946.59818977924,9965.495227972166
2007-19-084,227260.19764223465,9655.775689838743
2007-19-253,356487.0843056785,15984.215326940106
2007-19-252,302420.7647767103,14392.217495955005
2007-19-081,306893.40395526745,10888.302823566057
2007-19-255,278785.95021589124,21556.480266377257
2007-19-235,328349.18966611003,20219.63931256839
2007-19-272,280686.3404823863,19771.07299798645
2007-19-271,281669.1900547866,13830.694400121807
2007-19-188,238382.24910087796,13223.908149729556
2007-19-273,302012.91334295925,16268.84448378424
2007-19-189,262438.24153951707,13375.643550970532
2007-19-274,968789.257742359,23070.264431903957
2007-19-085,231197.73011635183,12207.092016303184
2007-19-082,309506.7201364178,18021.91132914469
2007-19-244,325579.67704919464,8187.272636719572
2007-19-246,320890.75359801005,12097.110165608805
2007-19-254,303469.53627282794,11504.911307261558
2007-19-083,249567.58579042944,10450.78946199722
2007-19-191,66721.16395699493,6533.26915616964
2007-19-233,327197.1879620904,24626.305820120702
2007-19-187,65155.22873736767,6908.396504146127
2007-19-190,782380.8836054286,17254.12688763791
2007-19-195,381527.95885253616,21373.84640794014
2007-19-086,272046.70847635146,19056.19634354631
2007-19-194,282891.37762472534,15342.69818446198
2007-19-192,272671.34850734845,14061.549692513305
2007-19-185,257571.7222410848,17377.848601312773
2007-19-128,245966.8229392817,7232.176882842883
2007-19-221,158054.1311809636,15132.992336964267
2007-19-129,262449.9347654971,14365.577038211515
2007-19-186,44679.12201486156,6642.2629696994845
2007-19-220,66001.93414704755,3343.045083295045
2007-19-089,276478.20856812474,16896.54150609317
2007-19-088,300919.1615439054,7517.540015244045
2007-19-245,231189.34759197375,8722.556967266064
2007-19-184,342171.0268592655,18107.00214306676
2007-19-093,320473.6836560348,14882.151789359752
2007-19-183,49754.16675047018,7800.330085407128
2007-19-182,281397.685067541,14548.776018696257
2007-19-131,148326.97853851056,17155.386934410562
2007-19-130,258106.9102018296,10650.5798326087
2007-19-196,243278.43760314077,8032.772432233502
2007-19-094,10195.980722053322,1460.6306334361434
2007-19-087,224299.1736945623,24586.211151039777
2007-19-181,298917.95227225474,16483.116903419424
2007-19-232,419062.7124007515,7209.789761083869
2007-19-132,272155.1975573152,13092.951002298782
2007-19-177,262125.74316921915,9706.369555247717
2007-19-134,318482.9064315166,24575.94961447772
2007-19-197,356897.9884326072,10576.16173344204
2007-19-176,74491.26702874087,13859.734798002695
2007-19-133,352244.8006078157,5648.965065548285
2007-19-090,62064.36935194112,8815.669787057244
2007-19-178,498288.9481293532,25113.024755236947
2007-19-180,283324.4570193001,11968.885464370424
2007-19-092,421047.60107845033,6513.578502694862
2007-19-193,770925.0687186319,9876.613532691528
2007-19-222,520175.9115016615,23603.06422837391
2007-19-095,715360.6621913342,6576.44375004848
2007-19-179,283437.26159268257,19704.251992891663
2007-19-175,1338583.7402205945,7971.722699130496
2007-19-135,341765.0771371529,12699.94923782783
2007-19-167,217714.9583476056,7715.762586821162
2007-19-219,361277.8212650351,17395.093422965543
2007-19-136,717991.9938251296,5818.251095612492
2007-19-138,538777.3170838238,23701.23556932176
2007-19-166,490102.94769565767,6759.604115476715
2007-19-161,435088.8318518619,3160.3383102282205
2007-19-091,448998.7031133696,10884.071236899468
2007-19-137,242700.52077180604,11769.001618895163
2007-19-198,117413.13021131954,2188.318516277636
2007-19-096,108392.72815690664,2944.800315083616
2007-19-097,235858.94216200328,10967.109426065745
2007-19-139,344374.5998438132,12294.144080886435
2007-19-107,57981.70296071784,1087.6569876113465
2007-19-162,18332.4353655869,343.8912692651211
2007-19-160,253696.9502047626,1851.521230304168
2007-19-165,27936.208349578665,524.0448394448176
2007-19-174,144032.50331318015,2268.3767510896178
2007-19-140,10892.43127241663,204.32702698551293
2007-19-163,59160.755990013015,1109.7744005294517
2007-19-168,33311.48557113039,624.8776458618677
2007-19-169,90299.80481372804,1692.3300870569483
2007-19-158,41655.06474845159,781.3917137575595
2007-19-141,276167.19008596335,20002.509703982912
2007-19-159,324789.5294838607,11405.446976023888
2007-19-142,734233.4010689191,24977.536712735837
2007-19-164,138174.88669929648,4253.896379061269
2007-19-143,41071.264635618114,770.4404267192713
2007-19-155,183858.0624672853,7606.883514945152
2007-19-157,42650.54042045525,800.065467982844
2007-19-144,473562.80537797103,8150.129819328165
2007-19-156,234754.51366229908,4373.601765673733
2007-19-231,64746.995358721455,1214.56456662653
2007-19-218,217527.5471268048,4080.517552075144
2007-19-109,437129.262826092,20789.366099612365
2007-19-114,294204.97952305595,14467.756363527324
2007-19-145,262178.4498386111,24119.494403518445
2007-19-099,955238.5134489384,11186.782072524147
2007-19-154,119988.2867853202,2250.815203582235
2007-19-147,366109.2554514727,19049.615965227247
2007-19-146,79003.9235762474,1482.004928082839
2007-19-153,1047825.844084334,11827.756244410031
2007-19-152,246738.49406192775,4628.474733847641
2007-19-199,529038.2497346001,16917.849728707035
2007-19-170,245747.10404605468,4609.877620911115
2007-19-223,690724.9054814122,13230.416099249598
2007-19-115,519591.0141220219,18697.338022501983
2007-19-148,564310.8389513115,12262.71180641314
2007-19-173,361266.1908189171,13468.080777076084
2007-19-149,286499.0846585032,13099.84485960551
2007-19-113,244130.2284970981,9653.024053211837
2007-19-151,381100.3681490765,13317.940436735951
2007-19-201,458268.6910508783,23465.13670149412
2007-19-150,226863.3207348466,13182.659124429192
2007-19-108,310448.14241780346,16528.159969365457
2007-19-106,404457.430087304,22874.314957616123
2007-19-112,346442.8989377019,23157.808527746587
2007-19-116,274683.75802708924,14779.79449644394
2007-19-098,328074.2943052608,8279.35307553042
2007-19-117,439088.636178779,20985.152170837147
2007-19-171,366575.919476096,10338.611532182942
2007-19-225,279955.4073736598,17032.179726723654
2007-19-111,389770.42295633646,14882.003011514696
2007-19-110,488805.7185928996,7839.170234778205
2007-19-104,390486.2571243487,16149.214411545216
2007-19-105,281781.20652042946,12012.36970254837
2007-19-200,412023.9354013092,12925.949531460525
2007-19-172,337559.3137739519,11481.15576067459
2007-19-101,431241.12445252726,23022.196782211013
2007-19-202,64667.88717962124,2608.550401767052
2007-19-230,350818.0801077121,15504.282589756513
2007-19-118,158317.95421624096,6337.025224445303
2007-19-224,285972.8244317885,5798.475621163685
2007-19-203,366157.8760910593,15678.685117802612
2007-19-217,249804.53902959183,16758.013971918524
2007-19-121,267778.8808964247,9162.922162363408
2007-19-120,395761.8817359255,15561.518691563746
2007-19-226,272663.427074582,25604.6856181463
2007-19-100,56210.116489193664,2383.890323958856
2007-19-119,410550.3972994186,15613.789506905889
2007-19-103,211.443135,5.0
2007-19-204,87869.25874245589,2077.846101327741
2007-19-207,0.0,0.0
2007-19-229,391424.9058619194,15842.14207903255
2007-19-216,243365.8658165607,12775.012561796466
2007-19-122,66193.12276465316,1565.270084664871
2007-19-205,149891.03583788587,9748.292217027947
2007-19-102,376152.84739703394,14222.188871755614
2007-19-227,294399.728372267,14099.44213249199
2007-19-124,352598.65260414855,12915.798126838625
2007-19-208,0.0,0.0
2007-19-123,427306.6296680313,29495.0138744764
2007-19-215,0.0,0.0
2007-19-206,42346.606037877646,1651.2124338813885
2007-19-214,0.0,0.0
2007-19-228,0.0,0.0
2007-19-209,0.0,0.0
2007-19-125,300218.2613609709,21754.703481420733
2007-19-126,8451.615064000045,916.0
2007-19-213,0.0,0.0
2007-19-210,34071.992278244084,3692.778799145097
2007-19-127,270839.1459491938,17706.994996911748
2007-19-211,96414.60824816758,10449.574488019454
2007-19-212,0.0,0.0
